-- DATA EXPORT: zkke

USE `zkke`;

DELETE FROM `Banner`;
INSERT INTO `Banner` (`ID_Banner`,`imagen`,`createdAt`) VALUES ('14','https://blitzc0de.com/assets/images/2.jpg','2024-04-29 10:04:55');
INSERT INTO `Banner` (`ID_Banner`,`imagen`,`createdAt`) VALUES ('18','https://blitzc0de.com/assets/images/3.jpg','2024-04-29 10:32:56');
INSERT INTO `Banner` (`ID_Banner`,`imagen`,`createdAt`) VALUES ('36','https://sys.powersports.top/lib/Online/banners/67c7949415a65_w2.jpg','2025-03-05 06:02:28');

DELETE FROM `Caja`;
INSERT INTO `Caja` (`ID_Caja`,`ID_Personal`,`ID_Caja_T`,`ID_Sucursal`,`Descripcion`,`Fecha`,`Monto`,`Abono`,`Efectivo`,`Tarjeta`,`Gastos`,`S_Inicial`,`T_Ventas`,`Comprobante`,`Saldo`,`Cort`,`Saldo_Inicial`,`Tip`,`idcorte`,`ms`) VALUES ('1','7','1','1','Saldo inicial','2023-05-31 14:04:07','550','','','','','','','','0','1','1','1','8','');
INSERT INTO `Caja` (`ID_Caja`,`ID_Personal`,`ID_Caja_T`,`ID_Sucursal`,`Descripcion`,`Fecha`,`Monto`,`Abono`,`Efectivo`,`Tarjeta`,`Gastos`,`S_Inicial`,`T_Ventas`,`Comprobante`,`Saldo`,`Cort`,`Saldo_Inicial`,`Tip`,`idcorte`,`ms`) VALUES ('2','7','1','1','Dinero para renta del local','2023-06-19 11:21:20','3000','','','','','','','','0','1','0','1','8','');
INSERT INTO `Caja` (`ID_Caja`,`ID_Personal`,`ID_Caja_T`,`ID_Sucursal`,`Descripcion`,`Fecha`,`Monto`,`Abono`,`Efectivo`,`Tarjeta`,`Gastos`,`S_Inicial`,`T_Ventas`,`Comprobante`,`Saldo`,`Cort`,`Saldo_Inicial`,`Tip`,`idcorte`,`ms`) VALUES ('3','7','2','1','Internet del local ','2023-06-19 13:02:30','350','','','','','','','','0','1','0','1','8','');
INSERT INTO `Caja` (`ID_Caja`,`ID_Personal`,`ID_Caja_T`,`ID_Sucursal`,`Descripcion`,`Fecha`,`Monto`,`Abono`,`Efectivo`,`Tarjeta`,`Gastos`,`S_Inicial`,`T_Ventas`,`Comprobante`,`Saldo`,`Cort`,`Saldo_Inicial`,`Tip`,`idcorte`,`ms`) VALUES ('4','7','1','1','Abono del Credito con folio: 1 del Cliente: Mariel','2023-06-20 12:18:05','200','','','','','','','','','1','0','2','8','');
INSERT INTO `Caja` (`ID_Caja`,`ID_Personal`,`ID_Caja_T`,`ID_Sucursal`,`Descripcion`,`Fecha`,`Monto`,`Abono`,`Efectivo`,`Tarjeta`,`Gastos`,`S_Inicial`,`T_Ventas`,`Comprobante`,`Saldo`,`Cort`,`Saldo_Inicial`,`Tip`,`idcorte`,`ms`) VALUES ('5','7','1','1','Abono del Credito con folio: 1 del Cliente: Mariel','2023-06-24 11:46:12','20','','','','','','','','','1','0','1','8','');
INSERT INTO `Caja` (`ID_Caja`,`ID_Personal`,`ID_Caja_T`,`ID_Sucursal`,`Descripcion`,`Fecha`,`Monto`,`Abono`,`Efectivo`,`Tarjeta`,`Gastos`,`S_Inicial`,`T_Ventas`,`Comprobante`,`Saldo`,`Cort`,`Saldo_Inicial`,`Tip`,`idcorte`,`ms`) VALUES ('6','13','1','1','Recarga 9971112778 - $200','2023-06-25 10:49:00','200','','','','','','','','0','1','0','1','8','');
INSERT INTO `Caja` (`ID_Caja`,`ID_Personal`,`ID_Caja_T`,`ID_Sucursal`,`Descripcion`,`Fecha`,`Monto`,`Abono`,`Efectivo`,`Tarjeta`,`Gastos`,`S_Inicial`,`T_Ventas`,`Comprobante`,`Saldo`,`Cort`,`Saldo_Inicial`,`Tip`,`idcorte`,`ms`) VALUES ('7','7','2','1','Transferencia a Cta MP','2023-06-25 11:28:56','200','','','','','','','','0','1','0','1','8','');
INSERT INTO `Caja` (`ID_Caja`,`ID_Personal`,`ID_Caja_T`,`ID_Sucursal`,`Descripcion`,`Fecha`,`Monto`,`Abono`,`Efectivo`,`Tarjeta`,`Gastos`,`S_Inicial`,`T_Ventas`,`Comprobante`,`Saldo`,`Cort`,`Saldo_Inicial`,`Tip`,`idcorte`,`ms`) VALUES ('8','13','2','1','Retito y corte de caja ','2023-06-25 11:51:36','6192.96','3220.00','3522.96','1774.60','550.00','','3','','','1','0','','','SI');
INSERT INTO `Caja` (`ID_Caja`,`ID_Personal`,`ID_Caja_T`,`ID_Sucursal`,`Descripcion`,`Fecha`,`Monto`,`Abono`,`Efectivo`,`Tarjeta`,`Gastos`,`S_Inicial`,`T_Ventas`,`Comprobante`,`Saldo`,`Cort`,`Saldo_Inicial`,`Tip`,`idcorte`,`ms`) VALUES ('9','13','1','1','Saldo para cambio ','2023-06-25 12:34:21','550','','','','','','','','0','1','1','1','21','');
INSERT INTO `Caja` (`ID_Caja`,`ID_Personal`,`ID_Caja_T`,`ID_Sucursal`,`Descripcion`,`Fecha`,`Monto`,`Abono`,`Efectivo`,`Tarjeta`,`Gastos`,`S_Inicial`,`T_Ventas`,`Comprobante`,`Saldo`,`Cort`,`Saldo_Inicial`,`Tip`,`idcorte`,`ms`) VALUES ('10','7','1','1','Abono del Credito con folio: 2 del Cliente: Isabel ','2023-06-28 20:56:24','120','','','','','','','','','1','0','1','21','');
INSERT INTO `Caja` (`ID_Caja`,`ID_Personal`,`ID_Caja_T`,`ID_Sucursal`,`Descripcion`,`Fecha`,`Monto`,`Abono`,`Efectivo`,`Tarjeta`,`Gastos`,`S_Inicial`,`T_Ventas`,`Comprobante`,`Saldo`,`Cort`,`Saldo_Inicial`,`Tip`,`idcorte`,`ms`) VALUES ('11','7','1','1','Abono del Credito con folio: 1 del Cliente: Mariel','2023-07-03 13:39:02','200','','','','','','','','','1','0','1','21','');
INSERT INTO `Caja` (`ID_Caja`,`ID_Personal`,`ID_Caja_T`,`ID_Sucursal`,`Descripcion`,`Fecha`,`Monto`,`Abono`,`Efectivo`,`Tarjeta`,`Gastos`,`S_Inicial`,`T_Ventas`,`Comprobante`,`Saldo`,`Cort`,`Saldo_Inicial`,`Tip`,`idcorte`,`ms`) VALUES ('12','7','1','1','Abono del Credito con folio: 2 del Cliente: Isabel ','2023-07-10 11:54:35','425','','','','','','','','','1','0','1','21','');
INSERT INTO `Caja` (`ID_Caja`,`ID_Personal`,`ID_Caja_T`,`ID_Sucursal`,`Descripcion`,`Fecha`,`Monto`,`Abono`,`Efectivo`,`Tarjeta`,`Gastos`,`S_Inicial`,`T_Ventas`,`Comprobante`,`Saldo`,`Cort`,`Saldo_Inicial`,`Tip`,`idcorte`,`ms`) VALUES ('13','13','1','1','Abono del Credito con folio: 1 del Cliente: Mariel','2023-07-19 12:09:34','230','','','','','','','','','1','0','2','21','');
INSERT INTO `Caja` (`ID_Caja`,`ID_Personal`,`ID_Caja_T`,`ID_Sucursal`,`Descripcion`,`Fecha`,`Monto`,`Abono`,`Efectivo`,`Tarjeta`,`Gastos`,`S_Inicial`,`T_Ventas`,`Comprobante`,`Saldo`,`Cort`,`Saldo_Inicial`,`Tip`,`idcorte`,`ms`) VALUES ('15','7','1','1','Abono del Credito con folio: 6 del Cliente: Mariel','2024-10-16 08:10:17','70','','','','','','','','','1','0','1','21','');
INSERT INTO `Caja` (`ID_Caja`,`ID_Personal`,`ID_Caja_T`,`ID_Sucursal`,`Descripcion`,`Fecha`,`Monto`,`Abono`,`Efectivo`,`Tarjeta`,`Gastos`,`S_Inicial`,`T_Ventas`,`Comprobante`,`Saldo`,`Cort`,`Saldo_Inicial`,`Tip`,`idcorte`,`ms`) VALUES ('16','7','1','1','sddsxg ','2025-03-10 21:26:01','55','','','','','','','','0','1','0','1','21','');
INSERT INTO `Caja` (`ID_Caja`,`ID_Personal`,`ID_Caja_T`,`ID_Sucursal`,`Descripcion`,`Fecha`,`Monto`,`Abono`,`Efectivo`,`Tarjeta`,`Gastos`,`S_Inicial`,`T_Ventas`,`Comprobante`,`Saldo`,`Cort`,`Saldo_Inicial`,`Tip`,`idcorte`,`ms`) VALUES ('17','7','1','1','initi','2025-03-10 21:26:22','50','','','','','','','','0','1','1','1','21','');
INSERT INTO `Caja` (`ID_Caja`,`ID_Personal`,`ID_Caja_T`,`ID_Sucursal`,`Descripcion`,`Fecha`,`Monto`,`Abono`,`Efectivo`,`Tarjeta`,`Gastos`,`S_Inicial`,`T_Ventas`,`Comprobante`,`Saldo`,`Cort`,`Saldo_Inicial`,`Tip`,`idcorte`,`ms`) VALUES ('18','7','1','1','teste','2025-05-03 20:29:47','140.55','','','','','','','','0','1','0','1','21','');
INSERT INTO `Caja` (`ID_Caja`,`ID_Personal`,`ID_Caja_T`,`ID_Sucursal`,`Descripcion`,`Fecha`,`Monto`,`Abono`,`Efectivo`,`Tarjeta`,`Gastos`,`S_Inicial`,`T_Ventas`,`Comprobante`,`Saldo`,`Cort`,`Saldo_Inicial`,`Tip`,`idcorte`,`ms`) VALUES ('19','7','1','1','wqd2wdswed','2025-05-05 16:23:01','11.5','','','','','','','','0','1','0','1','21','');
INSERT INTO `Caja` (`ID_Caja`,`ID_Personal`,`ID_Caja_T`,`ID_Sucursal`,`Descripcion`,`Fecha`,`Monto`,`Abono`,`Efectivo`,`Tarjeta`,`Gastos`,`S_Inicial`,`T_Ventas`,`Comprobante`,`Saldo`,`Cort`,`Saldo_Inicial`,`Tip`,`idcorte`,`ms`) VALUES ('20','7','2','1','jdwefjedwkk','2025-05-05 16:30:42','450','','','','','','','','0','1','0','0','21','');
INSERT INTO `Caja` (`ID_Caja`,`ID_Personal`,`ID_Caja_T`,`ID_Sucursal`,`Descripcion`,`Fecha`,`Monto`,`Abono`,`Efectivo`,`Tarjeta`,`Gastos`,`S_Inicial`,`T_Ventas`,`Comprobante`,`Saldo`,`Cort`,`Saldo_Inicial`,`Tip`,`idcorte`,`ms`) VALUES ('21','7','2','1','Retito y corte de caja ','2025-05-05 16:50:05','1072.05','1022.05','500.00','0.00','450.00','','6','','','1','0','','','SI');
INSERT INTO `Caja` (`ID_Caja`,`ID_Personal`,`ID_Caja_T`,`ID_Sucursal`,`Descripcion`,`Fecha`,`Monto`,`Abono`,`Efectivo`,`Tarjeta`,`Gastos`,`S_Inicial`,`T_Ventas`,`Comprobante`,`Saldo`,`Cort`,`Saldo_Inicial`,`Tip`,`idcorte`,`ms`) VALUES ('22','7','1','1','Caja ','2025-05-05 17:04:47','670','','','','','','','','0','1','1','1','32','');
INSERT INTO `Caja` (`ID_Caja`,`ID_Personal`,`ID_Caja_T`,`ID_Sucursal`,`Descripcion`,`Fecha`,`Monto`,`Abono`,`Efectivo`,`Tarjeta`,`Gastos`,`S_Inicial`,`T_Ventas`,`Comprobante`,`Saldo`,`Cort`,`Saldo_Inicial`,`Tip`,`idcorte`,`ms`) VALUES ('23','7','2','1','desayuno','2025-05-05 17:10:24','40','','','','','','','','0','1','0','0','32','');
INSERT INTO `Caja` (`ID_Caja`,`ID_Personal`,`ID_Caja_T`,`ID_Sucursal`,`Descripcion`,`Fecha`,`Monto`,`Abono`,`Efectivo`,`Tarjeta`,`Gastos`,`S_Inicial`,`T_Ventas`,`Comprobante`,`Saldo`,`Cort`,`Saldo_Inicial`,`Tip`,`idcorte`,`ms`) VALUES ('24','13','1','1','deuda','2025-05-05 17:37:28','50','','','','','','','','0','1','0','1','32','');
INSERT INTO `Caja` (`ID_Caja`,`ID_Personal`,`ID_Caja_T`,`ID_Sucursal`,`Descripcion`,`Fecha`,`Monto`,`Abono`,`Efectivo`,`Tarjeta`,`Gastos`,`S_Inicial`,`T_Ventas`,`Comprobante`,`Saldo`,`Cort`,`Saldo_Inicial`,`Tip`,`idcorte`,`ms`) VALUES ('25','13','1','1','eeeee','2025-05-05 17:38:12','24','','','','','','','','0','1','0','1','32','');
INSERT INTO `Caja` (`ID_Caja`,`ID_Personal`,`ID_Caja_T`,`ID_Sucursal`,`Descripcion`,`Fecha`,`Monto`,`Abono`,`Efectivo`,`Tarjeta`,`Gastos`,`S_Inicial`,`T_Ventas`,`Comprobante`,`Saldo`,`Cort`,`Saldo_Inicial`,`Tip`,`idcorte`,`ms`) VALUES ('26','7','1','1','wwu','2025-05-05 18:02:38','15','','','','','','','','0','1','0','1','32','');
INSERT INTO `Caja` (`ID_Caja`,`ID_Personal`,`ID_Caja_T`,`ID_Sucursal`,`Descripcion`,`Fecha`,`Monto`,`Abono`,`Efectivo`,`Tarjeta`,`Gastos`,`S_Inicial`,`T_Ventas`,`Comprobante`,`Saldo`,`Cort`,`Saldo_Inicial`,`Tip`,`idcorte`,`ms`) VALUES ('27','13','2','1','coca','2025-05-05 18:03:32','13','','','','','','','','0','1','0','0','32','');
INSERT INTO `Caja` (`ID_Caja`,`ID_Personal`,`ID_Caja_T`,`ID_Sucursal`,`Descripcion`,`Fecha`,`Monto`,`Abono`,`Efectivo`,`Tarjeta`,`Gastos`,`S_Inicial`,`T_Ventas`,`Comprobante`,`Saldo`,`Cort`,`Saldo_Inicial`,`Tip`,`idcorte`,`ms`) VALUES ('32','7','2','1','Retito y corte de caja ','2025-06-23 18:32:13','8930.17','1094.42','7888.75','0.00','53.00','','13','','','1','0','','','SI');
INSERT INTO `Caja` (`ID_Caja`,`ID_Personal`,`ID_Caja_T`,`ID_Sucursal`,`Descripcion`,`Fecha`,`Monto`,`Abono`,`Efectivo`,`Tarjeta`,`Gastos`,`S_Inicial`,`T_Ventas`,`Comprobante`,`Saldo`,`Cort`,`Saldo_Inicial`,`Tip`,`idcorte`,`ms`) VALUES ('36','7','2','1','Retito y corte de caja ','2025-08-04 21:32:47','3309.42','1009.13','2300.29','0.00','0.00','','4','','','1','0','','','SI');
INSERT INTO `Caja` (`ID_Caja`,`ID_Personal`,`ID_Caja_T`,`ID_Sucursal`,`Descripcion`,`Fecha`,`Monto`,`Abono`,`Efectivo`,`Tarjeta`,`Gastos`,`S_Inicial`,`T_Ventas`,`Comprobante`,`Saldo`,`Cort`,`Saldo_Inicial`,`Tip`,`idcorte`,`ms`) VALUES ('37','7','1','1','caja','2025-08-04 21:37:16','150','','','','','','','','0','1','1','1','42','');
INSERT INTO `Caja` (`ID_Caja`,`ID_Personal`,`ID_Caja_T`,`ID_Sucursal`,`Descripcion`,`Fecha`,`Monto`,`Abono`,`Efectivo`,`Tarjeta`,`Gastos`,`S_Inicial`,`T_Ventas`,`Comprobante`,`Saldo`,`Cort`,`Saldo_Inicial`,`Tip`,`idcorte`,`ms`) VALUES ('38','7','1','1','deuda refresco','2025-08-04 21:38:00','30','','','','','','','','0','1','0','1','42','');
INSERT INTO `Caja` (`ID_Caja`,`ID_Personal`,`ID_Caja_T`,`ID_Sucursal`,`Descripcion`,`Fecha`,`Monto`,`Abono`,`Efectivo`,`Tarjeta`,`Gastos`,`S_Inicial`,`T_Ventas`,`Comprobante`,`Saldo`,`Cort`,`Saldo_Inicial`,`Tip`,`idcorte`,`ms`) VALUES ('39','7','1','1','sdssd','2025-08-04 21:59:08','15','','','','','','','','0','1','0','1','42','');
INSERT INTO `Caja` (`ID_Caja`,`ID_Personal`,`ID_Caja_T`,`ID_Sucursal`,`Descripcion`,`Fecha`,`Monto`,`Abono`,`Efectivo`,`Tarjeta`,`Gastos`,`S_Inicial`,`T_Ventas`,`Comprobante`,`Saldo`,`Cort`,`Saldo_Inicial`,`Tip`,`idcorte`,`ms`) VALUES ('40','7','1','1','no se','2025-08-04 22:01:58','22','','','','','','','','0','1','0','1','42','');
INSERT INTO `Caja` (`ID_Caja`,`ID_Personal`,`ID_Caja_T`,`ID_Sucursal`,`Descripcion`,`Fecha`,`Monto`,`Abono`,`Efectivo`,`Tarjeta`,`Gastos`,`S_Inicial`,`T_Ventas`,`Comprobante`,`Saldo`,`Cort`,`Saldo_Inicial`,`Tip`,`idcorte`,`ms`) VALUES ('41','7','2','1','cerillo','2025-08-04 22:02:43','10','','','','','','','','0','1','0','1','42','');
INSERT INTO `Caja` (`ID_Caja`,`ID_Personal`,`ID_Caja_T`,`ID_Sucursal`,`Descripcion`,`Fecha`,`Monto`,`Abono`,`Efectivo`,`Tarjeta`,`Gastos`,`S_Inicial`,`T_Ventas`,`Comprobante`,`Saldo`,`Cort`,`Saldo_Inicial`,`Tip`,`idcorte`,`ms`) VALUES ('46','7','1','1','dsfds','2025-11-03 23:30:07','100','','','','','','','','0','1','1','1','49','');
INSERT INTO `Caja` (`ID_Caja`,`ID_Personal`,`ID_Caja_T`,`ID_Sucursal`,`Descripcion`,`Fecha`,`Monto`,`Abono`,`Efectivo`,`Tarjeta`,`Gastos`,`S_Inicial`,`T_Ventas`,`Comprobante`,`Saldo`,`Cort`,`Saldo_Inicial`,`Tip`,`idcorte`,`ms`) VALUES ('47','7','1','1','fdgdfg','2025-11-03 23:31:55','150','','','','','','','','0','1','0','1','49','');
INSERT INTO `Caja` (`ID_Caja`,`ID_Personal`,`ID_Caja_T`,`ID_Sucursal`,`Descripcion`,`Fecha`,`Monto`,`Abono`,`Efectivo`,`Tarjeta`,`Gastos`,`S_Inicial`,`T_Ventas`,`Comprobante`,`Saldo`,`Cort`,`Saldo_Inicial`,`Tip`,`idcorte`,`ms`) VALUES ('48','7','2','1','gbgfbg','2025-11-03 23:32:09','5','','','','','','','','0','1','0','1','49','');
INSERT INTO `Caja` (`ID_Caja`,`ID_Personal`,`ID_Caja_T`,`ID_Sucursal`,`Descripcion`,`Fecha`,`Monto`,`Abono`,`Efectivo`,`Tarjeta`,`Gastos`,`S_Inicial`,`T_Ventas`,`Comprobante`,`Saldo`,`Cort`,`Saldo_Inicial`,`Tip`,`idcorte`,`ms`) VALUES ('49','7','2','1','Retito y corte de caja ','2025-11-03 23:38:18','707.71','150.00','0.00','0.00','5.00','','2','','','1','0','','','SI');
INSERT INTO `Caja` (`ID_Caja`,`ID_Personal`,`ID_Caja_T`,`ID_Sucursal`,`Descripcion`,`Fecha`,`Monto`,`Abono`,`Efectivo`,`Tarjeta`,`Gastos`,`S_Inicial`,`T_Ventas`,`Comprobante`,`Saldo`,`Cort`,`Saldo_Inicial`,`Tip`,`idcorte`,`ms`) VALUES ('50','7','1','1','3','2025-11-03 23:59:56','50','','','','','','','','0','1','1','1','54','');
INSERT INTO `Caja` (`ID_Caja`,`ID_Personal`,`ID_Caja_T`,`ID_Sucursal`,`Descripcion`,`Fecha`,`Monto`,`Abono`,`Efectivo`,`Tarjeta`,`Gastos`,`S_Inicial`,`T_Ventas`,`Comprobante`,`Saldo`,`Cort`,`Saldo_Inicial`,`Tip`,`idcorte`,`ms`) VALUES ('51','7','1','1','r','2025-11-04 00:00:03','20','','','','','','','','0','1','0','1','54','');
INSERT INTO `Caja` (`ID_Caja`,`ID_Personal`,`ID_Caja_T`,`ID_Sucursal`,`Descripcion`,`Fecha`,`Monto`,`Abono`,`Efectivo`,`Tarjeta`,`Gastos`,`S_Inicial`,`T_Ventas`,`Comprobante`,`Saldo`,`Cort`,`Saldo_Inicial`,`Tip`,`idcorte`,`ms`) VALUES ('52','7','2','1','edd','2025-11-04 00:00:11','5','','','','','','','','0','1','0','1','54','');
INSERT INTO `Caja` (`ID_Caja`,`ID_Personal`,`ID_Caja_T`,`ID_Sucursal`,`Descripcion`,`Fecha`,`Monto`,`Abono`,`Efectivo`,`Tarjeta`,`Gastos`,`S_Inicial`,`T_Ventas`,`Comprobante`,`Saldo`,`Cort`,`Saldo_Inicial`,`Tip`,`idcorte`,`ms`) VALUES ('54','7','2','1','Retito y corte de caja ','2025-11-04 00:10:03','577.71','20.00','562.71','37.29','5.00','','2','','','1','0','','','SI');
INSERT INTO `Caja` (`ID_Caja`,`ID_Personal`,`ID_Caja_T`,`ID_Sucursal`,`Descripcion`,`Fecha`,`Monto`,`Abono`,`Efectivo`,`Tarjeta`,`Gastos`,`S_Inicial`,`T_Ventas`,`Comprobante`,`Saldo`,`Cort`,`Saldo_Inicial`,`Tip`,`idcorte`,`ms`) VALUES ('59','7','1','1','Abono del Credito con folio: 13 del Cliente: Mariel','2025-11-04 17:38:05','2','','','','','','','','','1','0','1','60','');
INSERT INTO `Caja` (`ID_Caja`,`ID_Personal`,`ID_Caja_T`,`ID_Sucursal`,`Descripcion`,`Fecha`,`Monto`,`Abono`,`Efectivo`,`Tarjeta`,`Gastos`,`S_Inicial`,`T_Ventas`,`Comprobante`,`Saldo`,`Cort`,`Saldo_Inicial`,`Tip`,`idcorte`,`ms`) VALUES ('60','7','2','1','Retito y corte de caja ','2025-11-04 17:44:10','39.29','2.00','37.29','0.00','0.00','','1','','','1','0','','','SI');
INSERT INTO `Caja` (`ID_Caja`,`ID_Personal`,`ID_Caja_T`,`ID_Sucursal`,`Descripcion`,`Fecha`,`Monto`,`Abono`,`Efectivo`,`Tarjeta`,`Gastos`,`S_Inicial`,`T_Ventas`,`Comprobante`,`Saldo`,`Cort`,`Saldo_Inicial`,`Tip`,`idcorte`,`ms`) VALUES ('61','7','1','1','Liquidación del Apartado del Cliente: Mariel','2025-11-04 18:14:20','598','','','','','','','','','1','0','1','63','');
INSERT INTO `Caja` (`ID_Caja`,`ID_Personal`,`ID_Caja_T`,`ID_Sucursal`,`Descripcion`,`Fecha`,`Monto`,`Abono`,`Efectivo`,`Tarjeta`,`Gastos`,`S_Inicial`,`T_Ventas`,`Comprobante`,`Saldo`,`Cort`,`Saldo_Inicial`,`Tip`,`idcorte`,`ms`) VALUES ('62','7','1','1','Liquidación del Apartado del Cliente: Publico','2025-11-05 13:32:18','560.71','','','','','','','','','1','0','1','63','');
INSERT INTO `Caja` (`ID_Caja`,`ID_Personal`,`ID_Caja_T`,`ID_Sucursal`,`Descripcion`,`Fecha`,`Monto`,`Abono`,`Efectivo`,`Tarjeta`,`Gastos`,`S_Inicial`,`T_Ventas`,`Comprobante`,`Saldo`,`Cort`,`Saldo_Inicial`,`Tip`,`idcorte`,`ms`) VALUES ('63','7','2','1','Retito y corte de caja ','2025-11-05 14:09:49','2284.13','1158.71','1125.42','0.00','0.00','','2','','','1','0','','','SI');
INSERT INTO `Caja` (`ID_Caja`,`ID_Personal`,`ID_Caja_T`,`ID_Sucursal`,`Descripcion`,`Fecha`,`Monto`,`Abono`,`Efectivo`,`Tarjeta`,`Gastos`,`S_Inicial`,`T_Ventas`,`Comprobante`,`Saldo`,`Cort`,`Saldo_Inicial`,`Tip`,`idcorte`,`ms`) VALUES ('64','7','1','1','Liquidación del Apartado del Cliente: Mariel','2025-11-05 22:18:21','-14.57','','','','','','','','','1','0','1','66','');
INSERT INTO `Caja` (`ID_Caja`,`ID_Personal`,`ID_Caja_T`,`ID_Sucursal`,`Descripcion`,`Fecha`,`Monto`,`Abono`,`Efectivo`,`Tarjeta`,`Gastos`,`S_Inicial`,`T_Ventas`,`Comprobante`,`Saldo`,`Cort`,`Saldo_Inicial`,`Tip`,`idcorte`,`ms`) VALUES ('65','7','1','1','Liquidación del Apartado del Cliente: Mariel','2025-11-05 22:19:39','512.71','','','','','','','','','1','0','2','66','');
INSERT INTO `Caja` (`ID_Caja`,`ID_Personal`,`ID_Caja_T`,`ID_Sucursal`,`Descripcion`,`Fecha`,`Monto`,`Abono`,`Efectivo`,`Tarjeta`,`Gastos`,`S_Inicial`,`T_Ventas`,`Comprobante`,`Saldo`,`Cort`,`Saldo_Inicial`,`Tip`,`idcorte`,`ms`) VALUES ('66','7','2','1','Retito y corte de caja ','2025-11-05 22:19:49','681.71','-14.57','696.28','0.00','0.00','','5','','','1','0','','','SI');
INSERT INTO `Caja` (`ID_Caja`,`ID_Personal`,`ID_Caja_T`,`ID_Sucursal`,`Descripcion`,`Fecha`,`Monto`,`Abono`,`Efectivo`,`Tarjeta`,`Gastos`,`S_Inicial`,`T_Ventas`,`Comprobante`,`Saldo`,`Cort`,`Saldo_Inicial`,`Tip`,`idcorte`,`ms`) VALUES ('67','7','1','1','Abono del Credito con folio: 19 del Cliente: Isabel ','2025-11-05 22:24:59','100','','','','','','','','','1','0','1','70','');
INSERT INTO `Caja` (`ID_Caja`,`ID_Personal`,`ID_Caja_T`,`ID_Sucursal`,`Descripcion`,`Fecha`,`Monto`,`Abono`,`Efectivo`,`Tarjeta`,`Gastos`,`S_Inicial`,`T_Ventas`,`Comprobante`,`Saldo`,`Cort`,`Saldo_Inicial`,`Tip`,`idcorte`,`ms`) VALUES ('68','7','2','1','coca','2025-11-05 22:25:48','10','','','','','','','','0','1','0','1','70','');
INSERT INTO `Caja` (`ID_Caja`,`ID_Personal`,`ID_Caja_T`,`ID_Sucursal`,`Descripcion`,`Fecha`,`Monto`,`Abono`,`Efectivo`,`Tarjeta`,`Gastos`,`S_Inicial`,`T_Ventas`,`Comprobante`,`Saldo`,`Cort`,`Saldo_Inicial`,`Tip`,`idcorte`,`ms`) VALUES ('69','7','1','1','Abono del Credito con folio: 19 del Cliente: Isabel ','2025-11-05 22:26:45','50','','','','','','','','','1','0','2','70','');
INSERT INTO `Caja` (`ID_Caja`,`ID_Personal`,`ID_Caja_T`,`ID_Sucursal`,`Descripcion`,`Fecha`,`Monto`,`Abono`,`Efectivo`,`Tarjeta`,`Gastos`,`S_Inicial`,`T_Ventas`,`Comprobante`,`Saldo`,`Cort`,`Saldo_Inicial`,`Tip`,`idcorte`,`ms`) VALUES ('70','7','2','1','Retito y corte de caja ','2025-11-05 23:13:58','568.3','100.00','478.30','37.29','10.00','','2','','','1','0','','','SI');
INSERT INTO `Caja` (`ID_Caja`,`ID_Personal`,`ID_Caja_T`,`ID_Sucursal`,`Descripcion`,`Fecha`,`Monto`,`Abono`,`Efectivo`,`Tarjeta`,`Gastos`,`S_Inicial`,`T_Ventas`,`Comprobante`,`Saldo`,`Cort`,`Saldo_Inicial`,`Tip`,`idcorte`,`ms`) VALUES ('71','7','1','1','Abono del Credito con folio: 19 del Cliente: Isabel ','2025-11-06 13:58:38','4','','','','','','','','','0','0','1','','');

DELETE FROM `Caja_T`;
INSERT INTO `Caja_T` (`ID_Caja_T`,`Motivo`) VALUES ('1','Ingreso');
INSERT INTO `Caja_T` (`ID_Caja_T`,`Motivo`) VALUES ('2','Retiro');

DELETE FROM `Categorias`;
INSERT INTO `Categorias` (`ID_Categoria`,`Nombre`,`Descripcion`,`Importado`,`ID_Sucursal`) VALUES ('1','BLUSAS','Damas','','1');
INSERT INTO `Categorias` (`ID_Categoria`,`Nombre`,`Descripcion`,`Importado`,`ID_Sucursal`) VALUES ('2','PANTALONES','Dama','','1');
INSERT INTO `Categorias` (`ID_Categoria`,`Nombre`,`Descripcion`,`Importado`,`ID_Sucursal`) VALUES ('3','CALZADO','Éngloba los zapatos de distintas marcas','','1');
INSERT INTO `Categorias` (`ID_Categoria`,`Nombre`,`Descripcion`,`Importado`,`ID_Sucursal`) VALUES ('4','ACCESORIOS ','','','1');
INSERT INTO `Categorias` (`ID_Categoria`,`Nombre`,`Descripcion`,`Importado`,`ID_Sucursal`) VALUES ('5','ROPA ','','','1');
INSERT INTO `Categorias` (`ID_Categoria`,`Nombre`,`Descripcion`,`Importado`,`ID_Sucursal`) VALUES ('6','SNACK','Refescos, Papitas etc.','','1');
INSERT INTO `Categorias` (`ID_Categoria`,`Nombre`,`Descripcion`,`Importado`,`ID_Sucursal`) VALUES ('7','qqqq','sssssss','','1');
INSERT INTO `Categorias` (`ID_Categoria`,`Nombre`,`Descripcion`,`Importado`,`ID_Sucursal`) VALUES ('8','JD KAS ','BKJS CBLJBALJVCBBLJABVKLJBDSKJL P;OHBCVKJSBND','','1');
INSERT INTO `Categorias` (`ID_Categoria`,`Nombre`,`Descripcion`,`Importado`,`ID_Sucursal`) VALUES ('9','DETALLES DE CAT','DKD','','1');
INSERT INTO `Categorias` (`ID_Categoria`,`Nombre`,`Descripcion`,`Importado`,`ID_Sucursal`) VALUES ('10','CTTEGORRIASS','DEMOSTRATIVA','','1');
INSERT INTO `Categorias` (`ID_Categoria`,`Nombre`,`Descripcion`,`Importado`,`ID_Sucursal`) VALUES ('11','SDSQQQQWQWQWQWQ','SDDSCS','','1');
INSERT INTO `Categorias` (`ID_Categoria`,`Nombre`,`Descripcion`,`Importado`,`ID_Sucursal`) VALUES ('12','EWE','WEWWE','','1');

DELETE FROM `Clientes`;
INSERT INTO `Clientes` (`ID_Cliente`,`Nombres`,`Apellidos`,`Correo`,`Telefono`,`Direccion`,`CP`,`Fecha_Registro`,`visible`,`SLD`,`Credito`,`Tope_Credito`,`Premium`,`ID_Sucursal`) VALUES ('1','Publico','General','','','','','','1','0','','','','1');
INSERT INTO `Clientes` (`ID_Cliente`,`Nombres`,`Apellidos`,`Correo`,`Telefono`,`Direccion`,`CP`,`Fecha_Registro`,`visible`,`SLD`,`Credito`,`Tope_Credito`,`Premium`,`ID_Sucursal`) VALUES ('2','Mariel','Santos','','9971135089','C 43 x 24a y 26','','2022-10-22','1','26','2300','2300','1','1');
INSERT INTO `Clientes` (`ID_Cliente`,`Nombres`,`Apellidos`,`Correo`,`Telefono`,`Direccion`,`CP`,`Fecha_Registro`,`visible`,`SLD`,`Credito`,`Tope_Credito`,`Premium`,`ID_Sucursal`) VALUES ('3','Laura','Segura Canul','','9991110212','C 17 x 24 y 26 Ticul','','2023-06-21','0','0','0','0','0','1');
INSERT INTO `Clientes` (`ID_Cliente`,`Nombres`,`Apellidos`,`Correo`,`Telefono`,`Direccion`,`CP`,`Fecha_Registro`,`visible`,`SLD`,`Credito`,`Tope_Credito`,`Premium`,`ID_Sucursal`) VALUES ('4','Isabel ','May Salazar','','9971112778','C 43 x 24a y 26','','2023-06-21','1','0','0','','0','1');

DELETE FROM `Cupon`;
INSERT INTO `Cupon` (`ID_Cupon`,`ID_Venta`,`Fecha_Gen`,`Fecha_Exp`,`Valor`,`Usado`,`ID_MD`) VALUES ('1','48','2025-08-04','2025-09-04','675','1','');
INSERT INTO `Cupon` (`ID_Cupon`,`ID_Venta`,`Fecha_Gen`,`Fecha_Exp`,`Valor`,`Usado`,`ID_MD`) VALUES ('2','66','2025-11-05','2025-12-05','488','1','');
INSERT INTO `Cupon` (`ID_Cupon`,`ID_Venta`,`Fecha_Gen`,`Fecha_Exp`,`Valor`,`Usado`,`ID_MD`) VALUES ('3','67','2025-11-05','2025-12-05','525','0','');

DELETE FROM `Historial_Pagos`;
INSERT INTO `Historial_Pagos` (`ID_HistPagos`,`ID_Cliente`,`ID_Financiado`,`ID_Personal`,`Anterior`,`Abono`,`Pendiente`,`Fecha`,`ID_Medio`,`estatus`,`Tipo`) VALUES ('9','2','','7','512.71','512.71','0','2025-06-21 17:21:09','2','1','');
INSERT INTO `Historial_Pagos` (`ID_HistPagos`,`ID_Cliente`,`ID_Financiado`,`ID_Personal`,`Anterior`,`Abono`,`Pendiente`,`Fecha`,`ID_Medio`,`estatus`,`Tipo`) VALUES ('10','1','','7','442.71','442.71','0','2025-06-23 18:12:38','1','1','');
INSERT INTO `Historial_Pagos` (`ID_HistPagos`,`ID_Cliente`,`ID_Financiado`,`ID_Personal`,`Anterior`,`Abono`,`Pendiente`,`Fecha`,`ID_Medio`,`estatus`,`Tipo`) VALUES ('11','2','','7','502.71','502.71','0','2025-06-23 18:26:36','2','1','');
INSERT INTO `Historial_Pagos` (`ID_HistPagos`,`ID_Cliente`,`ID_Financiado`,`ID_Personal`,`Anterior`,`Abono`,`Pendiente`,`Fecha`,`ID_Medio`,`estatus`,`Tipo`) VALUES ('12','2','','7','562.71','562.71','0','2025-06-23 18:31:41','1','1','');
INSERT INTO `Historial_Pagos` (`ID_HistPagos`,`ID_Cliente`,`ID_Financiado`,`ID_Personal`,`Anterior`,`Abono`,`Pendiente`,`Fecha`,`ID_Medio`,`estatus`,`Tipo`) VALUES ('13','2','11','7','562.71','','562.71','2025-06-23 19:05:29','1','','');
INSERT INTO `Historial_Pagos` (`ID_HistPagos`,`ID_Cliente`,`ID_Financiado`,`ID_Personal`,`Anterior`,`Abono`,`Pendiente`,`Fecha`,`ID_Medio`,`estatus`,`Tipo`) VALUES ('14','2','11','7','562.71','','562.71','2025-06-23 19:06:06','1','','');
INSERT INTO `Historial_Pagos` (`ID_HistPagos`,`ID_Cliente`,`ID_Financiado`,`ID_Personal`,`Anterior`,`Abono`,`Pendiente`,`Fecha`,`ID_Medio`,`estatus`,`Tipo`) VALUES ('15','2','11','7','562.71','2.71','560','2025-06-23 19:08:32','1','','');
INSERT INTO `Historial_Pagos` (`ID_HistPagos`,`ID_Cliente`,`ID_Financiado`,`ID_Personal`,`Anterior`,`Abono`,`Pendiente`,`Fecha`,`ID_Medio`,`estatus`,`Tipo`) VALUES ('16','2','11','7','560','10','550','2025-06-23 19:18:05','2','','');
INSERT INTO `Historial_Pagos` (`ID_HistPagos`,`ID_Cliente`,`ID_Financiado`,`ID_Personal`,`Anterior`,`Abono`,`Pendiente`,`Fecha`,`ID_Medio`,`estatus`,`Tipo`) VALUES ('17','2','11','7','550','1','549','2025-07-05 18:03:00','1','','');
INSERT INTO `Historial_Pagos` (`ID_HistPagos`,`ID_Cliente`,`ID_Financiado`,`ID_Personal`,`Anterior`,`Abono`,`Pendiente`,`Fecha`,`ID_Medio`,`estatus`,`Tipo`) VALUES ('18','2','11','7','549','1','548','2025-11-04 00:40:15','1','','');
INSERT INTO `Historial_Pagos` (`ID_HistPagos`,`ID_Cliente`,`ID_Financiado`,`ID_Personal`,`Anterior`,`Abono`,`Pendiente`,`Fecha`,`ID_Medio`,`estatus`,`Tipo`) VALUES ('19','2','','7','548','548','0','2025-11-04 00:40:52','2','1','');
INSERT INTO `Historial_Pagos` (`ID_HistPagos`,`ID_Cliente`,`ID_Financiado`,`ID_Personal`,`Anterior`,`Abono`,`Pendiente`,`Fecha`,`ID_Medio`,`estatus`,`Tipo`) VALUES ('20','2','13','7','562.71','2','560.71','2025-11-04 17:38:05','1','','');
INSERT INTO `Historial_Pagos` (`ID_HistPagos`,`ID_Cliente`,`ID_Financiado`,`ID_Personal`,`Anterior`,`Abono`,`Pendiente`,`Fecha`,`ID_Medio`,`estatus`,`Tipo`) VALUES ('21','2','','7','598','598','0','2025-11-04 18:14:20','1','1','');
INSERT INTO `Historial_Pagos` (`ID_HistPagos`,`ID_Cliente`,`ID_Financiado`,`ID_Personal`,`Anterior`,`Abono`,`Pendiente`,`Fecha`,`ID_Medio`,`estatus`,`Tipo`) VALUES ('22','1','','7','560.71','560.71','0','2025-11-05 13:32:18','1','1','');
INSERT INTO `Historial_Pagos` (`ID_HistPagos`,`ID_Cliente`,`ID_Financiado`,`ID_Personal`,`Anterior`,`Abono`,`Pendiente`,`Fecha`,`ID_Medio`,`estatus`,`Tipo`) VALUES ('23','2','','7','-14.57','-14.57','0','2025-11-05 22:18:21','1','1','');
INSERT INTO `Historial_Pagos` (`ID_HistPagos`,`ID_Cliente`,`ID_Financiado`,`ID_Personal`,`Anterior`,`Abono`,`Pendiente`,`Fecha`,`ID_Medio`,`estatus`,`Tipo`) VALUES ('24','2','','7','512.71','512.71','0','2025-11-05 22:19:39','2','1','');
INSERT INTO `Historial_Pagos` (`ID_HistPagos`,`ID_Cliente`,`ID_Financiado`,`ID_Personal`,`Anterior`,`Abono`,`Pendiente`,`Fecha`,`ID_Medio`,`estatus`,`Tipo`) VALUES ('25','4','19','7','324.58','100','224.58','2025-11-05 22:24:59','1','','');
INSERT INTO `Historial_Pagos` (`ID_HistPagos`,`ID_Cliente`,`ID_Financiado`,`ID_Personal`,`Anterior`,`Abono`,`Pendiente`,`Fecha`,`ID_Medio`,`estatus`,`Tipo`) VALUES ('26','4','19','7','224.58','50','174.58','2025-11-05 22:26:45','2','','');
INSERT INTO `Historial_Pagos` (`ID_HistPagos`,`ID_Cliente`,`ID_Financiado`,`ID_Personal`,`Anterior`,`Abono`,`Pendiente`,`Fecha`,`ID_Medio`,`estatus`,`Tipo`) VALUES ('27','4','19','7','174.58','4','170.58','2025-11-06 13:58:38','1','','');

DELETE FROM `M_MDetalles`;
INSERT INTO `M_MDetalles` (`ID_Detalle`,`ID_Cliente`,`ID_Mutualista`,`Cantidad`,`Tiempo_Pago`,`Numero`,`ID_Cupon`,`Entregado`) VALUES ('1','0','1','0','0','','','0');
INSERT INTO `M_MDetalles` (`ID_Detalle`,`ID_Cliente`,`ID_Mutualista`,`Cantidad`,`Tiempo_Pago`,`Numero`,`ID_Cupon`,`Entregado`) VALUES ('2','0','1','0','0','','','0');
INSERT INTO `M_MDetalles` (`ID_Detalle`,`ID_Cliente`,`ID_Mutualista`,`Cantidad`,`Tiempo_Pago`,`Numero`,`ID_Cupon`,`Entregado`) VALUES ('3','0','1','0','0','','','0');
INSERT INTO `M_MDetalles` (`ID_Detalle`,`ID_Cliente`,`ID_Mutualista`,`Cantidad`,`Tiempo_Pago`,`Numero`,`ID_Cupon`,`Entregado`) VALUES ('4','0','1','0','0','','','0');
INSERT INTO `M_MDetalles` (`ID_Detalle`,`ID_Cliente`,`ID_Mutualista`,`Cantidad`,`Tiempo_Pago`,`Numero`,`ID_Cupon`,`Entregado`) VALUES ('5','0','1','0','0','','','0');
INSERT INTO `M_MDetalles` (`ID_Detalle`,`ID_Cliente`,`ID_Mutualista`,`Cantidad`,`Tiempo_Pago`,`Numero`,`ID_Cupon`,`Entregado`) VALUES ('6','0','1','0','0','','','0');
INSERT INTO `M_MDetalles` (`ID_Detalle`,`ID_Cliente`,`ID_Mutualista`,`Cantidad`,`Tiempo_Pago`,`Numero`,`ID_Cupon`,`Entregado`) VALUES ('7','0','1','0','0','','','0');
INSERT INTO `M_MDetalles` (`ID_Detalle`,`ID_Cliente`,`ID_Mutualista`,`Cantidad`,`Tiempo_Pago`,`Numero`,`ID_Cupon`,`Entregado`) VALUES ('8','0','1','0','0','','','0');
INSERT INTO `M_MDetalles` (`ID_Detalle`,`ID_Cliente`,`ID_Mutualista`,`Cantidad`,`Tiempo_Pago`,`Numero`,`ID_Cupon`,`Entregado`) VALUES ('9','0','1','0','0','','','0');
INSERT INTO `M_MDetalles` (`ID_Detalle`,`ID_Cliente`,`ID_Mutualista`,`Cantidad`,`Tiempo_Pago`,`Numero`,`ID_Cupon`,`Entregado`) VALUES ('10','0','1','0','0','','','0');

DELETE FROM `M_Mutualista`;
INSERT INTO `M_Mutualista` (`ID_Mutualista`,`Nombre`,`Fecha_Inicio`,`Fecha_Fin`,`ID_Personal`,`Finalizado`,`ID_Sucursal`) VALUES ('1','','','','','0','1');

DELETE FROM `Medio_Pago`;
INSERT INTO `Medio_Pago` (`ID_Medio`,`Tipo`) VALUES ('1','Efectivo');
INSERT INTO `Medio_Pago` (`ID_Medio`,`Tipo`) VALUES ('2','Tarjeta / SPEI');
INSERT INTO `Medio_Pago` (`ID_Medio`,`Tipo`) VALUES ('3','Creditos');

DELETE FROM `Personal`;
INSERT INTO `Personal` (`ID_Personal`,`Nombre`,`Apellido`,`Usuario`,`Bio`,`Comentarios`,`Colonia`,`CP`,`Correo`,`Pass`,`Contrasena`,`Telefono`,`Foto`,`ID_Sucursal`,`ID_Puesto`,`rol`,`Fecha_Registro`,`Baja`,`visible`) VALUES ('7','Mariel','Santos','mariel.santos','','Encargado del dep de Sistema','','','','12','$2b$12$rASdhSBwLC.stNOJx2Gh7uyHm6UTJ8ZEsIQA0dPlMdQkEUWX.NLEC','5586673337','lib/Personal/img/IMG_0920.jpeg','1','1','','2023-03-20 06:00:00','0','1');
INSERT INTO `Personal` (`ID_Personal`,`Nombre`,`Apellido`,`Usuario`,`Bio`,`Comentarios`,`Colonia`,`CP`,`Correo`,`Pass`,`Contrasena`,`Telefono`,`Foto`,`ID_Sucursal`,`ID_Puesto`,`rol`,`Fecha_Registro`,`Baja`,`visible`) VALUES ('13','Isabel','May Salazar','','','dsfsdf','','','','12','','9971112771','lib/Personal/img/cd.png','1','3','','2023-05-21 06:00:00','0','1');
INSERT INTO `Personal` (`ID_Personal`,`Nombre`,`Apellido`,`Usuario`,`Bio`,`Comentarios`,`Colonia`,`CP`,`Correo`,`Pass`,`Contrasena`,`Telefono`,`Foto`,`ID_Sucursal`,`ID_Puesto`,`rol`,`Fecha_Registro`,`Baja`,`visible`) VALUES ('14','laura','Segura','','','','','','','0794','','9991110212','lib/Personal/img/blitz_SN.png','1','3','','2023-06-21 06:00:00','0','1');
INSERT INTO `Personal` (`ID_Personal`,`Nombre`,`Apellido`,`Usuario`,`Bio`,`Comentarios`,`Colonia`,`CP`,`Correo`,`Pass`,`Contrasena`,`Telefono`,`Foto`,`ID_Sucursal`,`ID_Puesto`,`rol`,`Fecha_Registro`,`Baja`,`visible`) VALUES ('15','mariel','santos','mariel.santos2','','','','','','8210','$2y$12$v7ze.mpL9MyspRIAqp8Zcu29qUsElbB31N4GHhaSnm77fWQbXOdpm','5586673337','lib/Personal/img/blitz_SN.png','1','3','','2025-11-10 00:00:00','0','1');
INSERT INTO `Personal` (`ID_Personal`,`Nombre`,`Apellido`,`Usuario`,`Bio`,`Comentarios`,`Colonia`,`CP`,`Correo`,`Pass`,`Contrasena`,`Telefono`,`Foto`,`ID_Sucursal`,`ID_Puesto`,`rol`,`Fecha_Registro`,`Baja`,`visible`) VALUES ('16','mariel','santos','mariel.santos3','','','','','','9362','$2y$12$JUf63J3Y1jWVmdlGpQdvz.8fA5eUmxSxfqzn1X26GchZ1Gl1vv/km','5586673337','lib/Personal/img/blitz_SN.png','9','3','','2025-11-11 00:00:00','0','1');
INSERT INTO `Personal` (`ID_Personal`,`Nombre`,`Apellido`,`Usuario`,`Bio`,`Comentarios`,`Colonia`,`CP`,`Correo`,`Pass`,`Contrasena`,`Telefono`,`Foto`,`ID_Sucursal`,`ID_Puesto`,`rol`,`Fecha_Registro`,`Baja`,`visible`) VALUES ('17','mariel','santos','mariel.santos4','','','','','','3180','$2y$12$seAe4JUjBpJkmltI9SZY5uKRIfOB6Yb5zr6k/ovWEX3nZoPNUNqim','5586673337','lib/Personal/img/blitz_SN.png','1','3','','2025-11-11 00:00:00','0','1');
INSERT INTO `Personal` (`ID_Personal`,`Nombre`,`Apellido`,`Usuario`,`Bio`,`Comentarios`,`Colonia`,`CP`,`Correo`,`Pass`,`Contrasena`,`Telefono`,`Foto`,`ID_Sucursal`,`ID_Puesto`,`rol`,`Fecha_Registro`,`Baja`,`visible`) VALUES ('18','mariel','santos','mariel.santos5','','','','','','9507','$2y$12$vvjZ7V0yxfjGZlTP0CD6p.bag8qqGkSmx3yN/zmmRPhPLafBlpW/.','5586673337','lib/Personal/img/blitz_SN.png','1','3','','2025-11-11 00:00:00','0','1');
INSERT INTO `Personal` (`ID_Personal`,`Nombre`,`Apellido`,`Usuario`,`Bio`,`Comentarios`,`Colonia`,`CP`,`Correo`,`Pass`,`Contrasena`,`Telefono`,`Foto`,`ID_Sucursal`,`ID_Puesto`,`rol`,`Fecha_Registro`,`Baja`,`visible`) VALUES ('19','mariel','santos','mariel.santos6','','','','','','6531','$2y$12$ajFe8USg/OeLTdoh3KGFAOHUpAHO3KMoTWBq5/KKp2rJL.pO2DngO','5586673337','lib/Personal/img/blitz_SN.png','1','3','','2025-11-11 00:00:00','0','1');
INSERT INTO `Personal` (`ID_Personal`,`Nombre`,`Apellido`,`Usuario`,`Bio`,`Comentarios`,`Colonia`,`CP`,`Correo`,`Pass`,`Contrasena`,`Telefono`,`Foto`,`ID_Sucursal`,`ID_Puesto`,`rol`,`Fecha_Registro`,`Baja`,`visible`) VALUES ('20','eleazar','santos','eleazar.santos','','','','','','6513','$2y$12$48afmaZrlAOmocmPErRTbejwJOhBW95GE8Dfkh1pNtuiK3DshLkFy','9971135089','lib/Personal/img/blitz_SN.png','1','4','','2025-11-16 00:00:00','0','1');
INSERT INTO `Personal` (`ID_Personal`,`Nombre`,`Apellido`,`Usuario`,`Bio`,`Comentarios`,`Colonia`,`CP`,`Correo`,`Pass`,`Contrasena`,`Telefono`,`Foto`,`ID_Sucursal`,`ID_Puesto`,`rol`,`Fecha_Registro`,`Baja`,`visible`) VALUES ('21','eleazar','santos','eleazar.santos2','','','','','','4187','$2y$12$IFlru1WNQNCwFAWYhc/XteBer96ojM4tPq/gf3CGqUmuw/L7Nimb2','5586673337','lib/Personal/img/blitz_SN.png','1','4','','2025-11-16 00:00:00','0','1');

DELETE FROM `Productos`;
INSERT INTO `Productos` (`ID_Producto`,`Codigo`,`Nombre`,`Descripcion`,`N_Calzado`,`Marca`,`Foto1`,`Foto2`,`Foto3`,`Foto4`,`Foto5`,`item1`,`item2`,`item3`,`item4`,`item5`,`item6`,`item7`,`item8`,`item9`,`item10`,`PrecioVenta`,`PrecioCompra`,`Precio_Tachado`,`Existencia`,`ID_Sucursal`,`ID_Categoria`,`ID_SubCat`,`Fecha_Ingreso`,`ID_Proveedor`,`Importado`,`visto`,`Destacado`,`Online`,`can`,`cant`,`Calzado`) VALUES ('5','0767274250','Producto 1','TENNIS BASKET NGO/PTA','25','','lib/Productos/img/blitz_SN.png','lib/Productos/img/blitz_SN.png','','','','','','','','','','','','','','970.00','510.00','','6','1','3','6','2025-03-11 05:15:15','2','','1','SI','1','0','','1');
INSERT INTO `Productos` (`ID_Producto`,`Codigo`,`Nombre`,`Descripcion`,`N_Calzado`,`Marca`,`Foto1`,`Foto2`,`Foto3`,`Foto4`,`Foto5`,`item1`,`item2`,`item3`,`item4`,`item5`,`item6`,`item7`,`item8`,`item9`,`item10`,`PrecioVenta`,`PrecioCompra`,`Precio_Tachado`,`Existencia`,`ID_Sucursal`,`ID_Categoria`,`ID_SubCat`,`Fecha_Ingreso`,`ID_Proveedor`,`Importado`,`visto`,`Destacado`,`Online`,`can`,`cant`,`Calzado`) VALUES ('6','1301966260','Producto 2','TENIS USO RUDO GRIS OXFORD','26','','lib/Productos/img/blitz_SN.png','lib/Productos/img/blitz_SN.png','lib/Productos/img/blitz_SN.png','','','','','','','','','','','','','895.00','450.44','','1','1','3','6','2023-06-01 04:54:50','2','','1','SI','1','0','','1');
INSERT INTO `Productos` (`ID_Producto`,`Codigo`,`Nombre`,`Descripcion`,`N_Calzado`,`Marca`,`Foto1`,`Foto2`,`Foto3`,`Foto4`,`Foto5`,`item1`,`item2`,`item3`,`item4`,`item5`,`item6`,`item7`,`item8`,`item9`,`item10`,`PrecioVenta`,`PrecioCompra`,`Precio_Tachado`,`Existencia`,`ID_Sucursal`,`ID_Categoria`,`ID_SubCat`,`Fecha_Ingreso`,`ID_Proveedor`,`Importado`,`visto`,`Destacado`,`Online`,`can`,`cant`,`Calzado`) VALUES ('7','1301966265','Producto 3','CALZADO USO RUDO GRIS OXFORD','26.5','','lib/Productos/img/blitz_SN.png','','','','','','','','','','','','','','','895.00','450.55','','1','1','3','6','2023-06-01 05:00:18','2','','1','SI','1','0','','1');
INSERT INTO `Productos` (`ID_Producto`,`Codigo`,`Nombre`,`Descripcion`,`N_Calzado`,`Marca`,`Foto1`,`Foto2`,`Foto3`,`Foto4`,`Foto5`,`item1`,`item2`,`item3`,`item4`,`item5`,`item6`,`item7`,`item8`,`item9`,`item10`,`PrecioVenta`,`PrecioCompra`,`Precio_Tachado`,`Existencia`,`ID_Sucursal`,`ID_Categoria`,`ID_SubCat`,`Fecha_Ingreso`,`ID_Proveedor`,`Importado`,`visto`,`Destacado`,`Online`,`can`,`cant`,`Calzado`) VALUES ('8','1301966270','Producto 4','CALZADO USO RUDO GRIS OXFORD','27','','lib/Productos/img/blitz_SN.png','','','','','','','','','','','','','','','895.00','450.44','','1','1','3','6','2023-06-01 05:01:58','2','','1','NO','0','0','','1');
INSERT INTO `Productos` (`ID_Producto`,`Codigo`,`Nombre`,`Descripcion`,`N_Calzado`,`Marca`,`Foto1`,`Foto2`,`Foto3`,`Foto4`,`Foto5`,`item1`,`item2`,`item3`,`item4`,`item5`,`item6`,`item7`,`item8`,`item9`,`item10`,`PrecioVenta`,`PrecioCompra`,`Precio_Tachado`,`Existencia`,`ID_Sucursal`,`ID_Categoria`,`ID_SubCat`,`Fecha_Ingreso`,`ID_Proveedor`,`Importado`,`visto`,`Destacado`,`Online`,`can`,`cant`,`Calzado`) VALUES ('9','1301966275','Producto 5','CALZADO USO RUDO GRIS OXFORD','27.5','','lib/Productos/img/blitz_SN.png','','','','','','','','','','','','','','','895.00','450.44','','1','1','3','6','2023-06-01 05:03:05','2','','1','NO','0','0','','1');
INSERT INTO `Productos` (`ID_Producto`,`Codigo`,`Nombre`,`Descripcion`,`N_Calzado`,`Marca`,`Foto1`,`Foto2`,`Foto3`,`Foto4`,`Foto5`,`item1`,`item2`,`item3`,`item4`,`item5`,`item6`,`item7`,`item8`,`item9`,`item10`,`PrecioVenta`,`PrecioCompra`,`Precio_Tachado`,`Existencia`,`ID_Sucursal`,`ID_Categoria`,`ID_SubCat`,`Fecha_Ingreso`,`ID_Proveedor`,`Importado`,`visto`,`Destacado`,`Online`,`can`,`cant`,`Calzado`) VALUES ('10','1301966280','','CALZADO USO RUDO GRIS OXFORD','28','','lib/Productos/img/blitz_SN.png','','','','','','','','','','','','','','','895.00','450.44','','0','1','3','6','2023-06-01 05:04:12','2','','1','','','0','','1');
INSERT INTO `Productos` (`ID_Producto`,`Codigo`,`Nombre`,`Descripcion`,`N_Calzado`,`Marca`,`Foto1`,`Foto2`,`Foto3`,`Foto4`,`Foto5`,`item1`,`item2`,`item3`,`item4`,`item5`,`item6`,`item7`,`item8`,`item9`,`item10`,`PrecioVenta`,`PrecioCompra`,`Precio_Tachado`,`Existencia`,`ID_Sucursal`,`ID_Categoria`,`ID_SubCat`,`Fecha_Ingreso`,`ID_Proveedor`,`Importado`,`visto`,`Destacado`,`Online`,`can`,`cant`,`Calzado`) VALUES ('11','1301966285','','CALZADO USO RUDO GRIS OXFORD','28.5','','lib/Productos/img/blitz_SN.png','','','','','','','','','','','','','','','895.00','450.44','','1','1','3','6','2023-06-01 05:11:19','2','','1','','','0','','1');
INSERT INTO `Productos` (`ID_Producto`,`Codigo`,`Nombre`,`Descripcion`,`N_Calzado`,`Marca`,`Foto1`,`Foto2`,`Foto3`,`Foto4`,`Foto5`,`item1`,`item2`,`item3`,`item4`,`item5`,`item6`,`item7`,`item8`,`item9`,`item10`,`PrecioVenta`,`PrecioCompra`,`Precio_Tachado`,`Existencia`,`ID_Sucursal`,`ID_Categoria`,`ID_SubCat`,`Fecha_Ingreso`,`ID_Proveedor`,`Importado`,`visto`,`Destacado`,`Online`,`can`,`cant`,`Calzado`) VALUES ('12','0795041280','','TENIS DE BASKETBALL NEGRO RJO ','28','','lib/Productos/img/blitz_SN.png','','','','','','','','','','','','','','','975.00','492.89','','1','1','3','6','2023-06-01 17:24:24','2','','1','','','0','','1');
INSERT INTO `Productos` (`ID_Producto`,`Codigo`,`Nombre`,`Descripcion`,`N_Calzado`,`Marca`,`Foto1`,`Foto2`,`Foto3`,`Foto4`,`Foto5`,`item1`,`item2`,`item3`,`item4`,`item5`,`item6`,`item7`,`item8`,`item9`,`item10`,`PrecioVenta`,`PrecioCompra`,`Precio_Tachado`,`Existencia`,`ID_Sucursal`,`ID_Categoria`,`ID_SubCat`,`Fecha_Ingreso`,`ID_Proveedor`,`Importado`,`visto`,`Destacado`,`Online`,`can`,`cant`,`Calzado`) VALUES ('13','0795041250','','TENIS DE BASKETBALL NEGRO RJO ','25','','lib/Productos/img/blitz_SN.png','','','','','','','','','','','','','','','975.00','492.89','','1','1','3','6','2023-06-01 17:26:37','2','','1','NO','','0','','1');
INSERT INTO `Productos` (`ID_Producto`,`Codigo`,`Nombre`,`Descripcion`,`N_Calzado`,`Marca`,`Foto1`,`Foto2`,`Foto3`,`Foto4`,`Foto5`,`item1`,`item2`,`item3`,`item4`,`item5`,`item6`,`item7`,`item8`,`item9`,`item10`,`PrecioVenta`,`PrecioCompra`,`Precio_Tachado`,`Existencia`,`ID_Sucursal`,`ID_Categoria`,`ID_SubCat`,`Fecha_Ingreso`,`ID_Proveedor`,`Importado`,`visto`,`Destacado`,`Online`,`can`,`cant`,`Calzado`) VALUES ('14','0795041260','','TENIS DE BASKETBALL NEGRO RJO ','26','','lib/Productos/img/blitz_SN.png','','','','','','','','','','','','','','','975.00','492.89','','1','1','3','6','2023-06-01 17:29:37','2','','1','','','0','','1');
INSERT INTO `Productos` (`ID_Producto`,`Codigo`,`Nombre`,`Descripcion`,`N_Calzado`,`Marca`,`Foto1`,`Foto2`,`Foto3`,`Foto4`,`Foto5`,`item1`,`item2`,`item3`,`item4`,`item5`,`item6`,`item7`,`item8`,`item9`,`item10`,`PrecioVenta`,`PrecioCompra`,`Precio_Tachado`,`Existencia`,`ID_Sucursal`,`ID_Categoria`,`ID_SubCat`,`Fecha_Ingreso`,`ID_Proveedor`,`Importado`,`visto`,`Destacado`,`Online`,`can`,`cant`,`Calzado`) VALUES ('15','0795041265','','TENIS DE BASKETBALL NEGRO RJO ','26.5','','lib/Productos/img/blitz_SN.png','','','','','','','','','','','','','','','975.00','492.89','','1','1','3','6','2023-06-01 17:31:34','2','','1','','','0','','1');
INSERT INTO `Productos` (`ID_Producto`,`Codigo`,`Nombre`,`Descripcion`,`N_Calzado`,`Marca`,`Foto1`,`Foto2`,`Foto3`,`Foto4`,`Foto5`,`item1`,`item2`,`item3`,`item4`,`item5`,`item6`,`item7`,`item8`,`item9`,`item10`,`PrecioVenta`,`PrecioCompra`,`Precio_Tachado`,`Existencia`,`ID_Sucursal`,`ID_Categoria`,`ID_SubCat`,`Fecha_Ingreso`,`ID_Proveedor`,`Importado`,`visto`,`Destacado`,`Online`,`can`,`cant`,`Calzado`) VALUES ('16','0795041270','','TENIS DE BASKETBALL NEGRO RJO ','27','','lib/Productos/img/blitz_SN.png','','','','','','','','','','','','','','','975.00','492.89','','1','1','3','6','2023-06-01 17:33:21','2','','1','','','0','','1');
INSERT INTO `Productos` (`ID_Producto`,`Codigo`,`Nombre`,`Descripcion`,`N_Calzado`,`Marca`,`Foto1`,`Foto2`,`Foto3`,`Foto4`,`Foto5`,`item1`,`item2`,`item3`,`item4`,`item5`,`item6`,`item7`,`item8`,`item9`,`item10`,`PrecioVenta`,`PrecioCompra`,`Precio_Tachado`,`Existencia`,`ID_Sucursal`,`ID_Categoria`,`ID_SubCat`,`Fecha_Ingreso`,`ID_Proveedor`,`Importado`,`visto`,`Destacado`,`Online`,`can`,`cant`,`Calzado`) VALUES ('17','0795041275','','TENIS DE BASKETBALL NEGRO RJO ','27.5','','lib/Productos/img/blitz_SN.png','','','','','','','','','','','','','','','975.00','492.89','','1','1','3','6','2023-06-01 17:34:17','2','','1','','','0','','1');
INSERT INTO `Productos` (`ID_Producto`,`Codigo`,`Nombre`,`Descripcion`,`N_Calzado`,`Marca`,`Foto1`,`Foto2`,`Foto3`,`Foto4`,`Foto5`,`item1`,`item2`,`item3`,`item4`,`item5`,`item6`,`item7`,`item8`,`item9`,`item10`,`PrecioVenta`,`PrecioCompra`,`Precio_Tachado`,`Existencia`,`ID_Sucursal`,`ID_Categoria`,`ID_SubCat`,`Fecha_Ingreso`,`ID_Proveedor`,`Importado`,`visto`,`Destacado`,`Online`,`can`,`cant`,`Calzado`) VALUES ('18','5002001275','','TENIS URBANO BLANCO TOTAL ','27.5','','lib/Productos/img/blitz_SN.png','','','','','','','','','','','','','','','785.00','391.88','','1','1','3','6','2023-06-01 17:36:29','2','','1','','','0','','1');
INSERT INTO `Productos` (`ID_Producto`,`Codigo`,`Nombre`,`Descripcion`,`N_Calzado`,`Marca`,`Foto1`,`Foto2`,`Foto3`,`Foto4`,`Foto5`,`item1`,`item2`,`item3`,`item4`,`item5`,`item6`,`item7`,`item8`,`item9`,`item10`,`PrecioVenta`,`PrecioCompra`,`Precio_Tachado`,`Existencia`,`ID_Sucursal`,`ID_Categoria`,`ID_SubCat`,`Fecha_Ingreso`,`ID_Proveedor`,`Importado`,`visto`,`Destacado`,`Online`,`can`,`cant`,`Calzado`) VALUES ('19','5002001250','','TENIS URBANO BLANCO TOTAL ','25','','lib/Productos/img/blitz_SN.png','','','','','','','','','','','','','','','785.00','391.88','','1','1','3','6','2023-06-01 17:37:10','2','','1','','','0','','1');
INSERT INTO `Productos` (`ID_Producto`,`Codigo`,`Nombre`,`Descripcion`,`N_Calzado`,`Marca`,`Foto1`,`Foto2`,`Foto3`,`Foto4`,`Foto5`,`item1`,`item2`,`item3`,`item4`,`item5`,`item6`,`item7`,`item8`,`item9`,`item10`,`PrecioVenta`,`PrecioCompra`,`Precio_Tachado`,`Existencia`,`ID_Sucursal`,`ID_Categoria`,`ID_SubCat`,`Fecha_Ingreso`,`ID_Proveedor`,`Importado`,`visto`,`Destacado`,`Online`,`can`,`cant`,`Calzado`) VALUES ('20','5002001260','','TENIS URBANO BLANCO TOTAL ','26','','lib/Productos/img/blitz_SN.png','','','','','','','','','','','','','','','785.00','391.88','','1','1','3','6','2023-06-01 17:37:54','2','','1','','','0','','1');
INSERT INTO `Productos` (`ID_Producto`,`Codigo`,`Nombre`,`Descripcion`,`N_Calzado`,`Marca`,`Foto1`,`Foto2`,`Foto3`,`Foto4`,`Foto5`,`item1`,`item2`,`item3`,`item4`,`item5`,`item6`,`item7`,`item8`,`item9`,`item10`,`PrecioVenta`,`PrecioCompra`,`Precio_Tachado`,`Existencia`,`ID_Sucursal`,`ID_Categoria`,`ID_SubCat`,`Fecha_Ingreso`,`ID_Proveedor`,`Importado`,`visto`,`Destacado`,`Online`,`can`,`cant`,`Calzado`) VALUES ('21','5002001265','','TENIS URBANO BLANCO TOTAL ','26.5','','lib/Productos/img/blitz_SN.png','','','','','','','','','','','','','','','785.00','391.88','','1','1','3','6','2023-06-01 17:38:42','2','','1','','','0','','1');
INSERT INTO `Productos` (`ID_Producto`,`Codigo`,`Nombre`,`Descripcion`,`N_Calzado`,`Marca`,`Foto1`,`Foto2`,`Foto3`,`Foto4`,`Foto5`,`item1`,`item2`,`item3`,`item4`,`item5`,`item6`,`item7`,`item8`,`item9`,`item10`,`PrecioVenta`,`PrecioCompra`,`Precio_Tachado`,`Existencia`,`ID_Sucursal`,`ID_Categoria`,`ID_SubCat`,`Fecha_Ingreso`,`ID_Proveedor`,`Importado`,`visto`,`Destacado`,`Online`,`can`,`cant`,`Calzado`) VALUES ('22','5002001270','','TENIS URBANO BLANCO TOTAL ','27','','lib/Productos/img/blitz_SN.png','','','','','','','','','','','','','','','785.00','391.88','','1','1','3','6','2023-06-01 17:39:29','2','','1','','','0','','1');
INSERT INTO `Productos` (`ID_Producto`,`Codigo`,`Nombre`,`Descripcion`,`N_Calzado`,`Marca`,`Foto1`,`Foto2`,`Foto3`,`Foto4`,`Foto5`,`item1`,`item2`,`item3`,`item4`,`item5`,`item6`,`item7`,`item8`,`item9`,`item10`,`PrecioVenta`,`PrecioCompra`,`Precio_Tachado`,`Existencia`,`ID_Sucursal`,`ID_Categoria`,`ID_SubCat`,`Fecha_Ingreso`,`ID_Proveedor`,`Importado`,`visto`,`Destacado`,`Online`,`can`,`cant`,`Calzado`) VALUES ('23','5002001280','','TENIS URBANO BLANCO TOTAL ','28','','lib/Productos/img/blitz_SN.png','','','','','','','','','','','','','','','768.39','391.88','','1','1','3','6','2023-06-01 17:40:41','2','','1','','','0','','1');
INSERT INTO `Productos` (`ID_Producto`,`Codigo`,`Nombre`,`Descripcion`,`N_Calzado`,`Marca`,`Foto1`,`Foto2`,`Foto3`,`Foto4`,`Foto5`,`item1`,`item2`,`item3`,`item4`,`item5`,`item6`,`item7`,`item8`,`item9`,`item10`,`PrecioVenta`,`PrecioCompra`,`Precio_Tachado`,`Existencia`,`ID_Sucursal`,`ID_Categoria`,`ID_SubCat`,`Fecha_Ingreso`,`ID_Proveedor`,`Importado`,`visto`,`Destacado`,`Online`,`can`,`cant`,`Calzado`) VALUES ('24','0501058265','','TACOS NEGRO BCO ','26.5','','lib/Productos/img/blitz_SN.png','','','','','','','','','','','','','','','795.00','397.92','','1','1','3','6','2023-06-01 17:43:54','2','','1','','','0','','1');
INSERT INTO `Productos` (`ID_Producto`,`Codigo`,`Nombre`,`Descripcion`,`N_Calzado`,`Marca`,`Foto1`,`Foto2`,`Foto3`,`Foto4`,`Foto5`,`item1`,`item2`,`item3`,`item4`,`item5`,`item6`,`item7`,`item8`,`item9`,`item10`,`PrecioVenta`,`PrecioCompra`,`Precio_Tachado`,`Existencia`,`ID_Sucursal`,`ID_Categoria`,`ID_SubCat`,`Fecha_Ingreso`,`ID_Proveedor`,`Importado`,`visto`,`Destacado`,`Online`,`can`,`cant`,`Calzado`) VALUES ('25','0501058250','','TACOS NEGRO BCO ','25','','lib/Productos/img/blitz_SN.png','','','','','','','','','','','','','','','795.00','397.92','','1','1','3','6','2023-06-01 17:45:26','2','','1','','','0','','1');
INSERT INTO `Productos` (`ID_Producto`,`Codigo`,`Nombre`,`Descripcion`,`N_Calzado`,`Marca`,`Foto1`,`Foto2`,`Foto3`,`Foto4`,`Foto5`,`item1`,`item2`,`item3`,`item4`,`item5`,`item6`,`item7`,`item8`,`item9`,`item10`,`PrecioVenta`,`PrecioCompra`,`Precio_Tachado`,`Existencia`,`ID_Sucursal`,`ID_Categoria`,`ID_SubCat`,`Fecha_Ingreso`,`ID_Proveedor`,`Importado`,`visto`,`Destacado`,`Online`,`can`,`cant`,`Calzado`) VALUES ('26','0501058260','','TACOS NEGRO BCO ','26','','lib/Productos/img/blitz_SN.png','','','','','','','','','','','','','','','780.24','397.92','','1','1','3','6','2023-06-01 17:46:06','2','','1','','','0','','1');
INSERT INTO `Productos` (`ID_Producto`,`Codigo`,`Nombre`,`Descripcion`,`N_Calzado`,`Marca`,`Foto1`,`Foto2`,`Foto3`,`Foto4`,`Foto5`,`item1`,`item2`,`item3`,`item4`,`item5`,`item6`,`item7`,`item8`,`item9`,`item10`,`PrecioVenta`,`PrecioCompra`,`Precio_Tachado`,`Existencia`,`ID_Sucursal`,`ID_Categoria`,`ID_SubCat`,`Fecha_Ingreso`,`ID_Proveedor`,`Importado`,`visto`,`Destacado`,`Online`,`can`,`cant`,`Calzado`) VALUES ('27','0501058270','','TACOS NEGRO BCO ','27','','lib/Productos/img/blitz_SN.png','','','','','','','','','','','','','','','795.00','397.92','','1','1','3','6','2023-06-01 17:48:46','2','','1','','','0','','1');
INSERT INTO `Productos` (`ID_Producto`,`Codigo`,`Nombre`,`Descripcion`,`N_Calzado`,`Marca`,`Foto1`,`Foto2`,`Foto3`,`Foto4`,`Foto5`,`item1`,`item2`,`item3`,`item4`,`item5`,`item6`,`item7`,`item8`,`item9`,`item10`,`PrecioVenta`,`PrecioCompra`,`Precio_Tachado`,`Existencia`,`ID_Sucursal`,`ID_Categoria`,`ID_SubCat`,`Fecha_Ingreso`,`ID_Proveedor`,`Importado`,`visto`,`Destacado`,`Online`,`can`,`cant`,`Calzado`) VALUES ('28','0501058275','','TACOS NEGRO BCO ','27.5','','lib/Productos/img/blitz_SN.png','','','','','','','','','','','','','','','795.00','397.92','','1','1','3','6','2023-06-01 17:49:28','2','','1','','','0','','1');
INSERT INTO `Productos` (`ID_Producto`,`Codigo`,`Nombre`,`Descripcion`,`N_Calzado`,`Marca`,`Foto1`,`Foto2`,`Foto3`,`Foto4`,`Foto5`,`item1`,`item2`,`item3`,`item4`,`item5`,`item6`,`item7`,`item8`,`item9`,`item10`,`PrecioVenta`,`PrecioCompra`,`Precio_Tachado`,`Existencia`,`ID_Sucursal`,`ID_Categoria`,`ID_SubCat`,`Fecha_Ingreso`,`ID_Proveedor`,`Importado`,`visto`,`Destacado`,`Online`,`can`,`cant`,`Calzado`) VALUES ('29','130415250','','TENIS NEGRO GRIS ','25','','lib/Productos/img/blitz_SN.png','','','','','','','','','','','','','','','885.00','446.43','','1','1','3','6','2023-06-01 17:51:31','2','','1','','','0','','1');
INSERT INTO `Productos` (`ID_Producto`,`Codigo`,`Nombre`,`Descripcion`,`N_Calzado`,`Marca`,`Foto1`,`Foto2`,`Foto3`,`Foto4`,`Foto5`,`item1`,`item2`,`item3`,`item4`,`item5`,`item6`,`item7`,`item8`,`item9`,`item10`,`PrecioVenta`,`PrecioCompra`,`Precio_Tachado`,`Existencia`,`ID_Sucursal`,`ID_Categoria`,`ID_SubCat`,`Fecha_Ingreso`,`ID_Proveedor`,`Importado`,`visto`,`Destacado`,`Online`,`can`,`cant`,`Calzado`) VALUES ('30','1304015260','','TENIS NEGRO GRIS ','26','','lib/Productos/img/blitz_SN.png','','','','','','','','','','','','','','','885.00','446.43','','0','1','3','6','2023-06-01 17:53:06','2','','1','','','0','','1');
INSERT INTO `Productos` (`ID_Producto`,`Codigo`,`Nombre`,`Descripcion`,`N_Calzado`,`Marca`,`Foto1`,`Foto2`,`Foto3`,`Foto4`,`Foto5`,`item1`,`item2`,`item3`,`item4`,`item5`,`item6`,`item7`,`item8`,`item9`,`item10`,`PrecioVenta`,`PrecioCompra`,`Precio_Tachado`,`Existencia`,`ID_Sucursal`,`ID_Categoria`,`ID_SubCat`,`Fecha_Ingreso`,`ID_Proveedor`,`Importado`,`visto`,`Destacado`,`Online`,`can`,`cant`,`Calzado`) VALUES ('31','1304015265','','TENIS NEGRO GRIS ','26.5','','lib/Productos/img/blitz_SN.png','','','','','','','','','','','','','','','885.00','446.43','','1','1','3','6','2023-06-01 17:53:57','2','','1','','','0','','1');
INSERT INTO `Productos` (`ID_Producto`,`Codigo`,`Nombre`,`Descripcion`,`N_Calzado`,`Marca`,`Foto1`,`Foto2`,`Foto3`,`Foto4`,`Foto5`,`item1`,`item2`,`item3`,`item4`,`item5`,`item6`,`item7`,`item8`,`item9`,`item10`,`PrecioVenta`,`PrecioCompra`,`Precio_Tachado`,`Existencia`,`ID_Sucursal`,`ID_Categoria`,`ID_SubCat`,`Fecha_Ingreso`,`ID_Proveedor`,`Importado`,`visto`,`Destacado`,`Online`,`can`,`cant`,`Calzado`) VALUES ('32','1304015270','','TENIS NEGRO GRIS ','27','','lib/Productos/img/blitz_SN.png','','','','','','','','','','','','','','','885.00','446.43','','1','1','3','6','2023-06-01 17:55:04','2','','1','','','0','','1');
INSERT INTO `Productos` (`ID_Producto`,`Codigo`,`Nombre`,`Descripcion`,`N_Calzado`,`Marca`,`Foto1`,`Foto2`,`Foto3`,`Foto4`,`Foto5`,`item1`,`item2`,`item3`,`item4`,`item5`,`item6`,`item7`,`item8`,`item9`,`item10`,`PrecioVenta`,`PrecioCompra`,`Precio_Tachado`,`Existencia`,`ID_Sucursal`,`ID_Categoria`,`ID_SubCat`,`Fecha_Ingreso`,`ID_Proveedor`,`Importado`,`visto`,`Destacado`,`Online`,`can`,`cant`,`Calzado`) VALUES ('33','1304015275','','TENIS NEGRO GRIS ','27.5','','lib/Productos/img/blitz_SN.png','','','','','','','','','','','','','','','885.00','446.43','','1','1','3','6','2023-06-01 17:55:53','2','','1','','','0','','1');
INSERT INTO `Productos` (`ID_Producto`,`Codigo`,`Nombre`,`Descripcion`,`N_Calzado`,`Marca`,`Foto1`,`Foto2`,`Foto3`,`Foto4`,`Foto5`,`item1`,`item2`,`item3`,`item4`,`item5`,`item6`,`item7`,`item8`,`item9`,`item10`,`PrecioVenta`,`PrecioCompra`,`Precio_Tachado`,`Existencia`,`ID_Sucursal`,`ID_Categoria`,`ID_SubCat`,`Fecha_Ingreso`,`ID_Proveedor`,`Importado`,`visto`,`Destacado`,`Online`,`can`,`cant`,`Calzado`) VALUES ('34','1304015280','','TENIS NEGRO GRIS ','28','','lib/Productos/img/blitz_SN.png','','','','','','','','','','','','','','','885.00','446.43','','1','1','3','6','2023-06-01 17:56:41','2','','1','','','0','','1');
INSERT INTO `Productos` (`ID_Producto`,`Codigo`,`Nombre`,`Descripcion`,`N_Calzado`,`Marca`,`Foto1`,`Foto2`,`Foto3`,`Foto4`,`Foto5`,`item1`,`item2`,`item3`,`item4`,`item5`,`item6`,`item7`,`item8`,`item9`,`item10`,`PrecioVenta`,`PrecioCompra`,`Precio_Tachado`,`Existencia`,`ID_Sucursal`,`ID_Categoria`,`ID_SubCat`,`Fecha_Ingreso`,`ID_Proveedor`,`Importado`,`visto`,`Destacado`,`Online`,`can`,`cant`,`Calzado`) VALUES ('35','3010189280','','TACOS BLANCO PLATA ','28','','lib/Productos/img/blitz_SN.png','','','','','','','','','','','','','','','825.00','414.10','','1','1','3','6','2023-06-01 17:58:17','2','','1','','','0','','1');
INSERT INTO `Productos` (`ID_Producto`,`Codigo`,`Nombre`,`Descripcion`,`N_Calzado`,`Marca`,`Foto1`,`Foto2`,`Foto3`,`Foto4`,`Foto5`,`item1`,`item2`,`item3`,`item4`,`item5`,`item6`,`item7`,`item8`,`item9`,`item10`,`PrecioVenta`,`PrecioCompra`,`Precio_Tachado`,`Existencia`,`ID_Sucursal`,`ID_Categoria`,`ID_SubCat`,`Fecha_Ingreso`,`ID_Proveedor`,`Importado`,`visto`,`Destacado`,`Online`,`can`,`cant`,`Calzado`) VALUES ('36','3010189250','','TACOS BLANCO PLATA ','25','','lib/Productos/img/blitz_SN.png','','','','','','','','','','','','','','','825.00','414.10','','1','1','3','6','2023-06-01 17:59:32','2','','1','','','0','','1');
INSERT INTO `Productos` (`ID_Producto`,`Codigo`,`Nombre`,`Descripcion`,`N_Calzado`,`Marca`,`Foto1`,`Foto2`,`Foto3`,`Foto4`,`Foto5`,`item1`,`item2`,`item3`,`item4`,`item5`,`item6`,`item7`,`item8`,`item9`,`item10`,`PrecioVenta`,`PrecioCompra`,`Precio_Tachado`,`Existencia`,`ID_Sucursal`,`ID_Categoria`,`ID_SubCat`,`Fecha_Ingreso`,`ID_Proveedor`,`Importado`,`visto`,`Destacado`,`Online`,`can`,`cant`,`Calzado`) VALUES ('37','3010189260','','TACOS BLANCO PLATA ','26','','lib/Productos/img/blitz_SN.png','','','','','','','','','','','','','','','825.00','414.10','','1','1','3','6','2023-06-01 18:00:16','2','','1','','','0','','1');
INSERT INTO `Productos` (`ID_Producto`,`Codigo`,`Nombre`,`Descripcion`,`N_Calzado`,`Marca`,`Foto1`,`Foto2`,`Foto3`,`Foto4`,`Foto5`,`item1`,`item2`,`item3`,`item4`,`item5`,`item6`,`item7`,`item8`,`item9`,`item10`,`PrecioVenta`,`PrecioCompra`,`Precio_Tachado`,`Existencia`,`ID_Sucursal`,`ID_Categoria`,`ID_SubCat`,`Fecha_Ingreso`,`ID_Proveedor`,`Importado`,`visto`,`Destacado`,`Online`,`can`,`cant`,`Calzado`) VALUES ('38','3010189265','','TACOS BLANCO PLATA ','26.5','','lib/Productos/img/blitz_SN.png','','','','','','','','','','','','','','','825.00','414.10','','1','1','3','6','2023-06-01 18:00:53','2','','1','','','0','','1');
INSERT INTO `Productos` (`ID_Producto`,`Codigo`,`Nombre`,`Descripcion`,`N_Calzado`,`Marca`,`Foto1`,`Foto2`,`Foto3`,`Foto4`,`Foto5`,`item1`,`item2`,`item3`,`item4`,`item5`,`item6`,`item7`,`item8`,`item9`,`item10`,`PrecioVenta`,`PrecioCompra`,`Precio_Tachado`,`Existencia`,`ID_Sucursal`,`ID_Categoria`,`ID_SubCat`,`Fecha_Ingreso`,`ID_Proveedor`,`Importado`,`visto`,`Destacado`,`Online`,`can`,`cant`,`Calzado`) VALUES ('39','3010189270','','TACOS BLANCO PLATA ','27','','lib/Productos/img/blitz_SN.png','','','','','','','','','','','','','','','825.00','414.10','','1','1','3','6','2023-06-01 18:01:38','2','','1','','','0','','1');
INSERT INTO `Productos` (`ID_Producto`,`Codigo`,`Nombre`,`Descripcion`,`N_Calzado`,`Marca`,`Foto1`,`Foto2`,`Foto3`,`Foto4`,`Foto5`,`item1`,`item2`,`item3`,`item4`,`item5`,`item6`,`item7`,`item8`,`item9`,`item10`,`PrecioVenta`,`PrecioCompra`,`Precio_Tachado`,`Existencia`,`ID_Sucursal`,`ID_Categoria`,`ID_SubCat`,`Fecha_Ingreso`,`ID_Proveedor`,`Importado`,`visto`,`Destacado`,`Online`,`can`,`cant`,`Calzado`) VALUES ('40','3010189275','','TACOS BLANCO PLATA ','27.5','','lib/Productos/img/blitz_SN.png','','','','','','','','','','','','','','','825.00','414.10','','1','1','3','6','2023-06-01 18:02:19','2','','1','','','0','','1');
INSERT INTO `Productos` (`ID_Producto`,`Codigo`,`Nombre`,`Descripcion`,`N_Calzado`,`Marca`,`Foto1`,`Foto2`,`Foto3`,`Foto4`,`Foto5`,`item1`,`item2`,`item3`,`item4`,`item5`,`item6`,`item7`,`item8`,`item9`,`item10`,`PrecioVenta`,`PrecioCompra`,`Precio_Tachado`,`Existencia`,`ID_Sucursal`,`ID_Categoria`,`ID_SubCat`,`Fecha_Ingreso`,`ID_Proveedor`,`Importado`,`visto`,`Destacado`,`Online`,`can`,`cant`,`Calzado`) VALUES ('41','3005279250','','TACOS NEGRO CABALLERO ','25','','lib/Productos/img/blitz_SN.png','','','','','','','','','','','','','','','825.00','413.09','','1','1','3','6','2023-06-01 18:05:42','2','','1','','','0','','1');
INSERT INTO `Productos` (`ID_Producto`,`Codigo`,`Nombre`,`Descripcion`,`N_Calzado`,`Marca`,`Foto1`,`Foto2`,`Foto3`,`Foto4`,`Foto5`,`item1`,`item2`,`item3`,`item4`,`item5`,`item6`,`item7`,`item8`,`item9`,`item10`,`PrecioVenta`,`PrecioCompra`,`Precio_Tachado`,`Existencia`,`ID_Sucursal`,`ID_Categoria`,`ID_SubCat`,`Fecha_Ingreso`,`ID_Proveedor`,`Importado`,`visto`,`Destacado`,`Online`,`can`,`cant`,`Calzado`) VALUES ('42','3005279255','','TACOS BLANCO PLATA ','25.5','','lib/Productos/img/blitz_SN.png','','','','','','','','','','','','','','','825.00','413.09','','1','1','3','6','2023-06-01 18:06:41','2','','1','','','0','','1');
INSERT INTO `Productos` (`ID_Producto`,`Codigo`,`Nombre`,`Descripcion`,`N_Calzado`,`Marca`,`Foto1`,`Foto2`,`Foto3`,`Foto4`,`Foto5`,`item1`,`item2`,`item3`,`item4`,`item5`,`item6`,`item7`,`item8`,`item9`,`item10`,`PrecioVenta`,`PrecioCompra`,`Precio_Tachado`,`Existencia`,`ID_Sucursal`,`ID_Categoria`,`ID_SubCat`,`Fecha_Ingreso`,`ID_Proveedor`,`Importado`,`visto`,`Destacado`,`Online`,`can`,`cant`,`Calzado`) VALUES ('43','3005279260','','TACOS BLANCO PLATA ','26','','lib/Productos/img/blitz_SN.png','','','','','','','','','','','','','','','825.00','413.09','','1','1','3','6','2023-06-01 18:07:18','2','','1','','','0','','1');
INSERT INTO `Productos` (`ID_Producto`,`Codigo`,`Nombre`,`Descripcion`,`N_Calzado`,`Marca`,`Foto1`,`Foto2`,`Foto3`,`Foto4`,`Foto5`,`item1`,`item2`,`item3`,`item4`,`item5`,`item6`,`item7`,`item8`,`item9`,`item10`,`PrecioVenta`,`PrecioCompra`,`Precio_Tachado`,`Existencia`,`ID_Sucursal`,`ID_Categoria`,`ID_SubCat`,`Fecha_Ingreso`,`ID_Proveedor`,`Importado`,`visto`,`Destacado`,`Online`,`can`,`cant`,`Calzado`) VALUES ('44','3005279265','','TACOS BLANCO PLATA ','26.5','','lib/Productos/img/blitz_SN.png','','','','','','','','','','','','','','','825.00','413.09','','2','1','3','6','2023-06-01 18:08:38','2','','1','','','0','','1');
INSERT INTO `Productos` (`ID_Producto`,`Codigo`,`Nombre`,`Descripcion`,`N_Calzado`,`Marca`,`Foto1`,`Foto2`,`Foto3`,`Foto4`,`Foto5`,`item1`,`item2`,`item3`,`item4`,`item5`,`item6`,`item7`,`item8`,`item9`,`item10`,`PrecioVenta`,`PrecioCompra`,`Precio_Tachado`,`Existencia`,`ID_Sucursal`,`ID_Categoria`,`ID_SubCat`,`Fecha_Ingreso`,`ID_Proveedor`,`Importado`,`visto`,`Destacado`,`Online`,`can`,`cant`,`Calzado`) VALUES ('45','3005279275','','TACOS BLANCO PLATA ','27.5','','lib/Productos/img/blitz_SN.png','','','','','','','','','','','','','','','825.00','413.09','','1','1','3','6','2023-06-01 18:19:52','2','','1','','','0','','1');
INSERT INTO `Productos` (`ID_Producto`,`Codigo`,`Nombre`,`Descripcion`,`N_Calzado`,`Marca`,`Foto1`,`Foto2`,`Foto3`,`Foto4`,`Foto5`,`item1`,`item2`,`item3`,`item4`,`item5`,`item6`,`item7`,`item8`,`item9`,`item10`,`PrecioVenta`,`PrecioCompra`,`Precio_Tachado`,`Existencia`,`ID_Sucursal`,`ID_Categoria`,`ID_SubCat`,`Fecha_Ingreso`,`ID_Proveedor`,`Importado`,`visto`,`Destacado`,`Online`,`can`,`cant`,`Calzado`) VALUES ('46','5049188250','','TENIS URBAN BCO NEGRO ROJO','25','','lib/Productos/img/blitz_SN.png','','','','','','','','','','','','','','','855.00','431.90','','1','1','3','6','2023-06-01 18:23:37','2','','1','','','0','','1');
INSERT INTO `Productos` (`ID_Producto`,`Codigo`,`Nombre`,`Descripcion`,`N_Calzado`,`Marca`,`Foto1`,`Foto2`,`Foto3`,`Foto4`,`Foto5`,`item1`,`item2`,`item3`,`item4`,`item5`,`item6`,`item7`,`item8`,`item9`,`item10`,`PrecioVenta`,`PrecioCompra`,`Precio_Tachado`,`Existencia`,`ID_Sucursal`,`ID_Categoria`,`ID_SubCat`,`Fecha_Ingreso`,`ID_Proveedor`,`Importado`,`visto`,`Destacado`,`Online`,`can`,`cant`,`Calzado`) VALUES ('47','5049188260','','TENIS URBAN BCO NEGRO ROJO','26','','lib/Productos/img/blitz_SN.png','','','','','','','','','','','','','','','855.00','431.90','','1','1','3','6','2023-06-01 18:24:41','2','','1','','','0','','1');
INSERT INTO `Productos` (`ID_Producto`,`Codigo`,`Nombre`,`Descripcion`,`N_Calzado`,`Marca`,`Foto1`,`Foto2`,`Foto3`,`Foto4`,`Foto5`,`item1`,`item2`,`item3`,`item4`,`item5`,`item6`,`item7`,`item8`,`item9`,`item10`,`PrecioVenta`,`PrecioCompra`,`Precio_Tachado`,`Existencia`,`ID_Sucursal`,`ID_Categoria`,`ID_SubCat`,`Fecha_Ingreso`,`ID_Proveedor`,`Importado`,`visto`,`Destacado`,`Online`,`can`,`cant`,`Calzado`) VALUES ('48','5049188265','','TENIS URBAN BCO NEGRO ROJO','26.5','','lib/Productos/img/blitz_SN.png','','','','','','','','','','','','','','','855.00','431.90','','1','1','3','6','2023-06-01 18:25:29','2','','1','','','0','','1');
INSERT INTO `Productos` (`ID_Producto`,`Codigo`,`Nombre`,`Descripcion`,`N_Calzado`,`Marca`,`Foto1`,`Foto2`,`Foto3`,`Foto4`,`Foto5`,`item1`,`item2`,`item3`,`item4`,`item5`,`item6`,`item7`,`item8`,`item9`,`item10`,`PrecioVenta`,`PrecioCompra`,`Precio_Tachado`,`Existencia`,`ID_Sucursal`,`ID_Categoria`,`ID_SubCat`,`Fecha_Ingreso`,`ID_Proveedor`,`Importado`,`visto`,`Destacado`,`Online`,`can`,`cant`,`Calzado`) VALUES ('49','5049188270','','TENIS URBAN BCO NEGRO ROJO','27','','lib/Productos/img/blitz_SN.png','','','','','','','','','','','','','','','855.00','431.90','','1','1','3','6','2023-06-01 18:26:15','2','','1','','','0','','1');
INSERT INTO `Productos` (`ID_Producto`,`Codigo`,`Nombre`,`Descripcion`,`N_Calzado`,`Marca`,`Foto1`,`Foto2`,`Foto3`,`Foto4`,`Foto5`,`item1`,`item2`,`item3`,`item4`,`item5`,`item6`,`item7`,`item8`,`item9`,`item10`,`PrecioVenta`,`PrecioCompra`,`Precio_Tachado`,`Existencia`,`ID_Sucursal`,`ID_Categoria`,`ID_SubCat`,`Fecha_Ingreso`,`ID_Proveedor`,`Importado`,`visto`,`Destacado`,`Online`,`can`,`cant`,`Calzado`) VALUES ('50','5049188275','','TENIS URBAN BCO NEGRO ROJO','27.5','','lib/Productos/img/blitz_SN.png','','','','','','','','','','','','','','','855.00','431.90','','1','1','3','6','2023-06-01 18:26:55','2','','1','','','0','','1');
INSERT INTO `Productos` (`ID_Producto`,`Codigo`,`Nombre`,`Descripcion`,`N_Calzado`,`Marca`,`Foto1`,`Foto2`,`Foto3`,`Foto4`,`Foto5`,`item1`,`item2`,`item3`,`item4`,`item5`,`item6`,`item7`,`item8`,`item9`,`item10`,`PrecioVenta`,`PrecioCompra`,`Precio_Tachado`,`Existencia`,`ID_Sucursal`,`ID_Categoria`,`ID_SubCat`,`Fecha_Ingreso`,`ID_Proveedor`,`Importado`,`visto`,`Destacado`,`Online`,`can`,`cant`,`Calzado`) VALUES ('51','5049188280','','TENIS URBAN BCO NEGRO ROJO','28','','lib/Productos/img/blitz_SN.png','','','','','','','','','','','','','','','855.00','431.90','','1','1','3','6','2023-06-01 18:27:30','2','','1','','','0','','1');
INSERT INTO `Productos` (`ID_Producto`,`Codigo`,`Nombre`,`Descripcion`,`N_Calzado`,`Marca`,`Foto1`,`Foto2`,`Foto3`,`Foto4`,`Foto5`,`item1`,`item2`,`item3`,`item4`,`item5`,`item6`,`item7`,`item8`,`item9`,`item10`,`PrecioVenta`,`PrecioCompra`,`Precio_Tachado`,`Existencia`,`ID_Sucursal`,`ID_Categoria`,`ID_SubCat`,`Fecha_Ingreso`,`ID_Proveedor`,`Importado`,`visto`,`Destacado`,`Online`,`can`,`cant`,`Calzado`) VALUES ('52','8008259250','','TENIS TRAINING NEGRO BLANCO ','25','','lib/Productos/img/blitz_SN.png','','','','','','','','','','','','','','','720.00','359.56','','0','1','3','6','2023-06-24 20:00:00','2','','1','','','0','','1');
INSERT INTO `Productos` (`ID_Producto`,`Codigo`,`Nombre`,`Descripcion`,`N_Calzado`,`Marca`,`Foto1`,`Foto2`,`Foto3`,`Foto4`,`Foto5`,`item1`,`item2`,`item3`,`item4`,`item5`,`item6`,`item7`,`item8`,`item9`,`item10`,`PrecioVenta`,`PrecioCompra`,`Precio_Tachado`,`Existencia`,`ID_Sucursal`,`ID_Categoria`,`ID_SubCat`,`Fecha_Ingreso`,`ID_Proveedor`,`Importado`,`visto`,`Destacado`,`Online`,`can`,`cant`,`Calzado`) VALUES ('53','8008259255','','TENIS URBAN BCO NEGRO ROJO','25.5','','lib/Productos/img/blitz_SN.png','','','','','','','','','','','','','','','720.00','359.56','','1','1','3','6','2023-06-01 18:37:10','2','','1','','','0','','1');
INSERT INTO `Productos` (`ID_Producto`,`Codigo`,`Nombre`,`Descripcion`,`N_Calzado`,`Marca`,`Foto1`,`Foto2`,`Foto3`,`Foto4`,`Foto5`,`item1`,`item2`,`item3`,`item4`,`item5`,`item6`,`item7`,`item8`,`item9`,`item10`,`PrecioVenta`,`PrecioCompra`,`Precio_Tachado`,`Existencia`,`ID_Sucursal`,`ID_Categoria`,`ID_SubCat`,`Fecha_Ingreso`,`ID_Proveedor`,`Importado`,`visto`,`Destacado`,`Online`,`can`,`cant`,`Calzado`) VALUES ('54','8008259260','','TENIS URBAN BCO NEGRO ROJO','26','','lib/Productos/img/blitz_SN.png','','','','','','','','','','','','','','','720.00','359.56','','1','1','3','6','2023-06-01 18:38:48','2','','1','','','0','','1');
INSERT INTO `Productos` (`ID_Producto`,`Codigo`,`Nombre`,`Descripcion`,`N_Calzado`,`Marca`,`Foto1`,`Foto2`,`Foto3`,`Foto4`,`Foto5`,`item1`,`item2`,`item3`,`item4`,`item5`,`item6`,`item7`,`item8`,`item9`,`item10`,`PrecioVenta`,`PrecioCompra`,`Precio_Tachado`,`Existencia`,`ID_Sucursal`,`ID_Categoria`,`ID_SubCat`,`Fecha_Ingreso`,`ID_Proveedor`,`Importado`,`visto`,`Destacado`,`Online`,`can`,`cant`,`Calzado`) VALUES ('55','8008259265','','TENIS URBAN BCO NEGRO ROJO','26.5','','lib/Productos/img/blitz_SN.png','','','','','','','','','','','','','','','720.00','359.56','','1','1','3','6','2023-06-01 18:40:59','2','','1','','','0','','1');
INSERT INTO `Productos` (`ID_Producto`,`Codigo`,`Nombre`,`Descripcion`,`N_Calzado`,`Marca`,`Foto1`,`Foto2`,`Foto3`,`Foto4`,`Foto5`,`item1`,`item2`,`item3`,`item4`,`item5`,`item6`,`item7`,`item8`,`item9`,`item10`,`PrecioVenta`,`PrecioCompra`,`Precio_Tachado`,`Existencia`,`ID_Sucursal`,`ID_Categoria`,`ID_SubCat`,`Fecha_Ingreso`,`ID_Proveedor`,`Importado`,`visto`,`Destacado`,`Online`,`can`,`cant`,`Calzado`) VALUES ('56','8000442260','','TENIS NEGRO BLANCO CABALLERO  ','26','','lib/Productos/img/blitz_SN.png','','','','','','','','','','','','','','','625.00','308.05','','1','1','3','6','2023-06-01 18:48:11','2','','1','','','0','','1');
INSERT INTO `Productos` (`ID_Producto`,`Codigo`,`Nombre`,`Descripcion`,`N_Calzado`,`Marca`,`Foto1`,`Foto2`,`Foto3`,`Foto4`,`Foto5`,`item1`,`item2`,`item3`,`item4`,`item5`,`item6`,`item7`,`item8`,`item9`,`item10`,`PrecioVenta`,`PrecioCompra`,`Precio_Tachado`,`Existencia`,`ID_Sucursal`,`ID_Categoria`,`ID_SubCat`,`Fecha_Ingreso`,`ID_Proveedor`,`Importado`,`visto`,`Destacado`,`Online`,`can`,`cant`,`Calzado`) VALUES ('57','8000442265','','TENIS URBAN BCO NEGRO ROJO','26.5','','lib/Productos/img/blitz_SN.png','','','','','','','','','','','','','','','625.00','308.05','','1','1','3','6','2023-06-01 18:49:14','2','','1','','','0','','1');
INSERT INTO `Productos` (`ID_Producto`,`Codigo`,`Nombre`,`Descripcion`,`N_Calzado`,`Marca`,`Foto1`,`Foto2`,`Foto3`,`Foto4`,`Foto5`,`item1`,`item2`,`item3`,`item4`,`item5`,`item6`,`item7`,`item8`,`item9`,`item10`,`PrecioVenta`,`PrecioCompra`,`Precio_Tachado`,`Existencia`,`ID_Sucursal`,`ID_Categoria`,`ID_SubCat`,`Fecha_Ingreso`,`ID_Proveedor`,`Importado`,`visto`,`Destacado`,`Online`,`can`,`cant`,`Calzado`) VALUES ('58','8000442270','','TENIS URBAN BCO NEGRO ROJO','27','','lib/Productos/img/blitz_SN.png','','','','','','','','','','','','','','','625.00','308.05','','1','1','3','6','2023-06-01 18:50:00','2','','1','','','0','','1');
INSERT INTO `Productos` (`ID_Producto`,`Codigo`,`Nombre`,`Descripcion`,`N_Calzado`,`Marca`,`Foto1`,`Foto2`,`Foto3`,`Foto4`,`Foto5`,`item1`,`item2`,`item3`,`item4`,`item5`,`item6`,`item7`,`item8`,`item9`,`item10`,`PrecioVenta`,`PrecioCompra`,`Precio_Tachado`,`Existencia`,`ID_Sucursal`,`ID_Categoria`,`ID_SubCat`,`Fecha_Ingreso`,`ID_Proveedor`,`Importado`,`visto`,`Destacado`,`Online`,`can`,`cant`,`Calzado`) VALUES ('59','8000442275','','TENIS URBAN BCO NEGRO ROJO','27.5','','lib/Productos/img/blitz_SN.png','','','','','','','','','','','','','','','625.00','308.05','','1','1','3','6','2023-06-01 18:51:19','2','','1','','','0','','1');
INSERT INTO `Productos` (`ID_Producto`,`Codigo`,`Nombre`,`Descripcion`,`N_Calzado`,`Marca`,`Foto1`,`Foto2`,`Foto3`,`Foto4`,`Foto5`,`item1`,`item2`,`item3`,`item4`,`item5`,`item6`,`item7`,`item8`,`item9`,`item10`,`PrecioVenta`,`PrecioCompra`,`Precio_Tachado`,`Existencia`,`ID_Sucursal`,`ID_Categoria`,`ID_SubCat`,`Fecha_Ingreso`,`ID_Proveedor`,`Importado`,`visto`,`Destacado`,`Online`,`can`,`cant`,`Calzado`) VALUES ('60','8000442280','','TENIS URBAN BCO NEGRO ROJO','28','','lib/Productos/img/blitz_SN.png','','','','','','','','','','','','','','','625.00','308.05','','0','1','3','6','2023-06-01 18:51:59','2','','1','','','0','','1');
INSERT INTO `Productos` (`ID_Producto`,`Codigo`,`Nombre`,`Descripcion`,`N_Calzado`,`Marca`,`Foto1`,`Foto2`,`Foto3`,`Foto4`,`Foto5`,`item1`,`item2`,`item3`,`item4`,`item5`,`item6`,`item7`,`item8`,`item9`,`item10`,`PrecioVenta`,`PrecioCompra`,`Precio_Tachado`,`Existencia`,`ID_Sucursal`,`ID_Categoria`,`ID_SubCat`,`Fecha_Ingreso`,`ID_Proveedor`,`Importado`,`visto`,`Destacado`,`Online`,`can`,`cant`,`Calzado`) VALUES ('61','0102259260','','VULGANIZADO NEGRO BLANCO ','26','','lib/Productos/img/blitz_SN.png','','','','','','','','','','','','','','','735.00','365.62','','1','1','3','6','2023-06-01 18:53:36','2','','1','','','0','','1');
INSERT INTO `Productos` (`ID_Producto`,`Codigo`,`Nombre`,`Descripcion`,`N_Calzado`,`Marca`,`Foto1`,`Foto2`,`Foto3`,`Foto4`,`Foto5`,`item1`,`item2`,`item3`,`item4`,`item5`,`item6`,`item7`,`item8`,`item9`,`item10`,`PrecioVenta`,`PrecioCompra`,`Precio_Tachado`,`Existencia`,`ID_Sucursal`,`ID_Categoria`,`ID_SubCat`,`Fecha_Ingreso`,`ID_Proveedor`,`Importado`,`visto`,`Destacado`,`Online`,`can`,`cant`,`Calzado`) VALUES ('62','0102259270','','VULGANIZADO NEGRO BLANCO ','27','','lib/Productos/img/blitz_SN.png','','','','','','','','','','','','','','','735.00','365.62','','2','1','3','6','2023-06-01 18:55:10','2','','1','','','0','','1');
INSERT INTO `Productos` (`ID_Producto`,`Codigo`,`Nombre`,`Descripcion`,`N_Calzado`,`Marca`,`Foto1`,`Foto2`,`Foto3`,`Foto4`,`Foto5`,`item1`,`item2`,`item3`,`item4`,`item5`,`item6`,`item7`,`item8`,`item9`,`item10`,`PrecioVenta`,`PrecioCompra`,`Precio_Tachado`,`Existencia`,`ID_Sucursal`,`ID_Categoria`,`ID_SubCat`,`Fecha_Ingreso`,`ID_Proveedor`,`Importado`,`visto`,`Destacado`,`Online`,`can`,`cant`,`Calzado`) VALUES ('63','0102259280','','VULGANIZADO NEGRO BLANCO ','28','','lib/Productos/img/blitz_SN.png','','','','','','','','','','','','','','','735.00','365.62','','1','1','3','6','2023-06-01 18:56:12','2','','1','','','0','','1');
INSERT INTO `Productos` (`ID_Producto`,`Codigo`,`Nombre`,`Descripcion`,`N_Calzado`,`Marca`,`Foto1`,`Foto2`,`Foto3`,`Foto4`,`Foto5`,`item1`,`item2`,`item3`,`item4`,`item5`,`item6`,`item7`,`item8`,`item9`,`item10`,`PrecioVenta`,`PrecioCompra`,`Precio_Tachado`,`Existencia`,`ID_Sucursal`,`ID_Categoria`,`ID_SubCat`,`Fecha_Ingreso`,`ID_Proveedor`,`Importado`,`visto`,`Destacado`,`Online`,`can`,`cant`,`Calzado`) VALUES ('64','0099581250','','VULGANIZADO MNO CAFE ','25','','lib/Productos/img/blitz_SN.png','','','','','','','','','','','','','','','735.00','365.64','','1','1','3','6','2023-06-01 18:58:07','2','','1','','','0','','1');
INSERT INTO `Productos` (`ID_Producto`,`Codigo`,`Nombre`,`Descripcion`,`N_Calzado`,`Marca`,`Foto1`,`Foto2`,`Foto3`,`Foto4`,`Foto5`,`item1`,`item2`,`item3`,`item4`,`item5`,`item6`,`item7`,`item8`,`item9`,`item10`,`PrecioVenta`,`PrecioCompra`,`Precio_Tachado`,`Existencia`,`ID_Sucursal`,`ID_Categoria`,`ID_SubCat`,`Fecha_Ingreso`,`ID_Proveedor`,`Importado`,`visto`,`Destacado`,`Online`,`can`,`cant`,`Calzado`) VALUES ('65','0099581260','','VULGANIZADO MNO CAFE ','26','','lib/Productos/img/blitz_SN.png','','','','','','','','','','','','','','','735.00','365.64','','1','1','3','6','2023-06-01 18:59:39','2','','1','','','0','','1');
INSERT INTO `Productos` (`ID_Producto`,`Codigo`,`Nombre`,`Descripcion`,`N_Calzado`,`Marca`,`Foto1`,`Foto2`,`Foto3`,`Foto4`,`Foto5`,`item1`,`item2`,`item3`,`item4`,`item5`,`item6`,`item7`,`item8`,`item9`,`item10`,`PrecioVenta`,`PrecioCompra`,`Precio_Tachado`,`Existencia`,`ID_Sucursal`,`ID_Categoria`,`ID_SubCat`,`Fecha_Ingreso`,`ID_Proveedor`,`Importado`,`visto`,`Destacado`,`Online`,`can`,`cant`,`Calzado`) VALUES ('66','0099581270','','VULGANIZADO MNO CAFE ','27','','lib/Productos/img/blitz_SN.png','','','','','','','','','','','','','','','735.00','365.64','','2','1','3','6','2023-06-01 19:00:22','2','','1','','','0','','1');
INSERT INTO `Productos` (`ID_Producto`,`Codigo`,`Nombre`,`Descripcion`,`N_Calzado`,`Marca`,`Foto1`,`Foto2`,`Foto3`,`Foto4`,`Foto5`,`item1`,`item2`,`item3`,`item4`,`item5`,`item6`,`item7`,`item8`,`item9`,`item10`,`PrecioVenta`,`PrecioCompra`,`Precio_Tachado`,`Existencia`,`ID_Sucursal`,`ID_Categoria`,`ID_SubCat`,`Fecha_Ingreso`,`ID_Proveedor`,`Importado`,`visto`,`Destacado`,`Online`,`can`,`cant`,`Calzado`) VALUES ('67','0099581280','','VULGANIZADO MNO CAFE ','28','','lib/Productos/img/blitz_SN.png','','','','','','','','','','','','','','','735.00','365.64','','1','1','3','6','2023-06-01 19:01:01','2','','1','','','0','','1');
INSERT INTO `Productos` (`ID_Producto`,`Codigo`,`Nombre`,`Descripcion`,`N_Calzado`,`Marca`,`Foto1`,`Foto2`,`Foto3`,`Foto4`,`Foto5`,`item1`,`item2`,`item3`,`item4`,`item5`,`item6`,`item7`,`item8`,`item9`,`item10`,`PrecioVenta`,`PrecioCompra`,`Precio_Tachado`,`Existencia`,`ID_Sucursal`,`ID_Categoria`,`ID_SubCat`,`Fecha_Ingreso`,`ID_Proveedor`,`Importado`,`visto`,`Destacado`,`Online`,`can`,`cant`,`Calzado`) VALUES ('68','0099581290','','VULGANIZADO MNO CAFE ','29','','lib/Productos/img/blitz_SN.png','','','','','','','','','','','','','','','735.00','365.64','','1','1','3','6','2023-06-01 19:01:44','2','','1','','','0','','1');
INSERT INTO `Productos` (`ID_Producto`,`Codigo`,`Nombre`,`Descripcion`,`N_Calzado`,`Marca`,`Foto1`,`Foto2`,`Foto3`,`Foto4`,`Foto5`,`item1`,`item2`,`item3`,`item4`,`item5`,`item6`,`item7`,`item8`,`item9`,`item10`,`PrecioVenta`,`PrecioCompra`,`Precio_Tachado`,`Existencia`,`ID_Sucursal`,`ID_Categoria`,`ID_SubCat`,`Fecha_Ingreso`,`ID_Proveedor`,`Importado`,`visto`,`Destacado`,`Online`,`can`,`cant`,`Calzado`) VALUES ('69','1306756250','','VERDE MILITAR ','25','','lib/Productos/img/blitz_SN.png','','','','','','','','','','','','','','','978.00','494.88','','1','1','3','6','2023-06-01 19:03:46','2','','1','','','0','','1');
INSERT INTO `Productos` (`ID_Producto`,`Codigo`,`Nombre`,`Descripcion`,`N_Calzado`,`Marca`,`Foto1`,`Foto2`,`Foto3`,`Foto4`,`Foto5`,`item1`,`item2`,`item3`,`item4`,`item5`,`item6`,`item7`,`item8`,`item9`,`item10`,`PrecioVenta`,`PrecioCompra`,`Precio_Tachado`,`Existencia`,`ID_Sucursal`,`ID_Categoria`,`ID_SubCat`,`Fecha_Ingreso`,`ID_Proveedor`,`Importado`,`visto`,`Destacado`,`Online`,`can`,`cant`,`Calzado`) VALUES ('70','1306756260','','VERDE MIL,ITAR ','26','','lib/Productos/img/blitz_SN.png','','','','','','','','','','','','','','','978.00','494.88','','1','1','3','6','2023-06-01 19:05:58','2','','1','','','0','','1');
INSERT INTO `Productos` (`ID_Producto`,`Codigo`,`Nombre`,`Descripcion`,`N_Calzado`,`Marca`,`Foto1`,`Foto2`,`Foto3`,`Foto4`,`Foto5`,`item1`,`item2`,`item3`,`item4`,`item5`,`item6`,`item7`,`item8`,`item9`,`item10`,`PrecioVenta`,`PrecioCompra`,`Precio_Tachado`,`Existencia`,`ID_Sucursal`,`ID_Categoria`,`ID_SubCat`,`Fecha_Ingreso`,`ID_Proveedor`,`Importado`,`visto`,`Destacado`,`Online`,`can`,`cant`,`Calzado`) VALUES ('71','1306756265','','VERDE MILITAR','26.5','','lib/Productos/img/blitz_SN.png','','','','','','','','','','','','','','','978.00','494.88','','1','1','3','6','2023-06-01 19:07:13','2','','1','','','0','','1');
INSERT INTO `Productos` (`ID_Producto`,`Codigo`,`Nombre`,`Descripcion`,`N_Calzado`,`Marca`,`Foto1`,`Foto2`,`Foto3`,`Foto4`,`Foto5`,`item1`,`item2`,`item3`,`item4`,`item5`,`item6`,`item7`,`item8`,`item9`,`item10`,`PrecioVenta`,`PrecioCompra`,`Precio_Tachado`,`Existencia`,`ID_Sucursal`,`ID_Categoria`,`ID_SubCat`,`Fecha_Ingreso`,`ID_Proveedor`,`Importado`,`visto`,`Destacado`,`Online`,`can`,`cant`,`Calzado`) VALUES ('72','1306756270','','VERDE MILITAR','27','','lib/Productos/img/blitz_SN.png','','','','','','','','','','','','','','','978.00','494.88','','1','1','3','6','2023-06-01 19:08:50','2','','1','','','0','','1');
INSERT INTO `Productos` (`ID_Producto`,`Codigo`,`Nombre`,`Descripcion`,`N_Calzado`,`Marca`,`Foto1`,`Foto2`,`Foto3`,`Foto4`,`Foto5`,`item1`,`item2`,`item3`,`item4`,`item5`,`item6`,`item7`,`item8`,`item9`,`item10`,`PrecioVenta`,`PrecioCompra`,`Precio_Tachado`,`Existencia`,`ID_Sucursal`,`ID_Categoria`,`ID_SubCat`,`Fecha_Ingreso`,`ID_Proveedor`,`Importado`,`visto`,`Destacado`,`Online`,`can`,`cant`,`Calzado`) VALUES ('73','1306756275','','VERDE MILITAR','27.5','','lib/Productos/img/blitz_SN.png','','','','','','','','','','','','','','','978.00','494.88','','1','1','3','6','2023-06-01 19:09:56','2','','1','','','0','','1');
INSERT INTO `Productos` (`ID_Producto`,`Codigo`,`Nombre`,`Descripcion`,`N_Calzado`,`Marca`,`Foto1`,`Foto2`,`Foto3`,`Foto4`,`Foto5`,`item1`,`item2`,`item3`,`item4`,`item5`,`item6`,`item7`,`item8`,`item9`,`item10`,`PrecioVenta`,`PrecioCompra`,`Precio_Tachado`,`Existencia`,`ID_Sucursal`,`ID_Categoria`,`ID_SubCat`,`Fecha_Ingreso`,`ID_Proveedor`,`Importado`,`visto`,`Destacado`,`Online`,`can`,`cant`,`Calzado`) VALUES ('74','1306756280','','VERDE MILITAR','28','','lib/Productos/img/blitz_SN.png','','','','','','','','','','','','','','','978.00','494.88','','0','1','3','6','2023-06-01 19:10:52','2','','1','','','0','','1');
INSERT INTO `Productos` (`ID_Producto`,`Codigo`,`Nombre`,`Descripcion`,`N_Calzado`,`Marca`,`Foto1`,`Foto2`,`Foto3`,`Foto4`,`Foto5`,`item1`,`item2`,`item3`,`item4`,`item5`,`item6`,`item7`,`item8`,`item9`,`item10`,`PrecioVenta`,`PrecioCompra`,`Precio_Tachado`,`Existencia`,`ID_Sucursal`,`ID_Categoria`,`ID_SubCat`,`Fecha_Ingreso`,`ID_Proveedor`,`Importado`,`visto`,`Destacado`,`Online`,`can`,`cant`,`Calzado`) VALUES ('75','3045040220','','TENIS TURF BLANCO AZUL ','22','','lib/Productos/img/blitz_SN.png','','','','','','','','','','','','','','','880.00','444.40','','1','1','3','6','2023-06-01 19:20:43','2','','1','','','0','','1');
INSERT INTO `Productos` (`ID_Producto`,`Codigo`,`Nombre`,`Descripcion`,`N_Calzado`,`Marca`,`Foto1`,`Foto2`,`Foto3`,`Foto4`,`Foto5`,`item1`,`item2`,`item3`,`item4`,`item5`,`item6`,`item7`,`item8`,`item9`,`item10`,`PrecioVenta`,`PrecioCompra`,`Precio_Tachado`,`Existencia`,`ID_Sucursal`,`ID_Categoria`,`ID_SubCat`,`Fecha_Ingreso`,`ID_Proveedor`,`Importado`,`visto`,`Destacado`,`Online`,`can`,`cant`,`Calzado`) VALUES ('76','30450402250','','TURF BLANCO AZUL JOVEN ','25','','lib/Productos/img/blitz_SN.png','','','','','','','','','','','','','','','708.00','353.50','','1','1','3','6','2023-06-01 19:26:18','2','','1','','','0','','1');
INSERT INTO `Productos` (`ID_Producto`,`Codigo`,`Nombre`,`Descripcion`,`N_Calzado`,`Marca`,`Foto1`,`Foto2`,`Foto3`,`Foto4`,`Foto5`,`item1`,`item2`,`item3`,`item4`,`item5`,`item6`,`item7`,`item8`,`item9`,`item10`,`PrecioVenta`,`PrecioCompra`,`Precio_Tachado`,`Existencia`,`ID_Sucursal`,`ID_Categoria`,`ID_SubCat`,`Fecha_Ingreso`,`ID_Proveedor`,`Importado`,`visto`,`Destacado`,`Online`,`can`,`cant`,`Calzado`) VALUES ('77','3045040230','','TURF BLANCO AZUL JOVEN ','23','','lib/Productos/img/blitz_SN.png','','','','','','','','','','','','','','','708.00','353.29','','1','1','3','6','2023-06-01 19:29:25','2','','1','','','0','','1');
INSERT INTO `Productos` (`ID_Producto`,`Codigo`,`Nombre`,`Descripcion`,`N_Calzado`,`Marca`,`Foto1`,`Foto2`,`Foto3`,`Foto4`,`Foto5`,`item1`,`item2`,`item3`,`item4`,`item5`,`item6`,`item7`,`item8`,`item9`,`item10`,`PrecioVenta`,`PrecioCompra`,`Precio_Tachado`,`Existencia`,`ID_Sucursal`,`ID_Categoria`,`ID_SubCat`,`Fecha_Ingreso`,`ID_Proveedor`,`Importado`,`visto`,`Destacado`,`Online`,`can`,`cant`,`Calzado`) VALUES ('78','3045040235','','TURF BLANCO AZUL JOVEN ','23.5','','lib/Productos/img/blitz_SN.png','','','','','','','','','','','','','','','708.00','353.50','','1','1','3','6','2023-06-01 19:30:20','2','','1','','','0','','1');
INSERT INTO `Productos` (`ID_Producto`,`Codigo`,`Nombre`,`Descripcion`,`N_Calzado`,`Marca`,`Foto1`,`Foto2`,`Foto3`,`Foto4`,`Foto5`,`item1`,`item2`,`item3`,`item4`,`item5`,`item6`,`item7`,`item8`,`item9`,`item10`,`PrecioVenta`,`PrecioCompra`,`Precio_Tachado`,`Existencia`,`ID_Sucursal`,`ID_Categoria`,`ID_SubCat`,`Fecha_Ingreso`,`ID_Proveedor`,`Importado`,`visto`,`Destacado`,`Online`,`can`,`cant`,`Calzado`) VALUES ('79','3045040240','','TURF BLANCO AZUL JOVEN ','24','','lib/Productos/img/blitz_SN.png','','','','','','','','','','','','','','','708.00','353.50','','1','1','3','6','2023-06-01 19:31:51','2','','1','','','0','','1');
INSERT INTO `Productos` (`ID_Producto`,`Codigo`,`Nombre`,`Descripcion`,`N_Calzado`,`Marca`,`Foto1`,`Foto2`,`Foto3`,`Foto4`,`Foto5`,`item1`,`item2`,`item3`,`item4`,`item5`,`item6`,`item7`,`item8`,`item9`,`item10`,`PrecioVenta`,`PrecioCompra`,`Precio_Tachado`,`Existencia`,`ID_Sucursal`,`ID_Categoria`,`ID_SubCat`,`Fecha_Ingreso`,`ID_Proveedor`,`Importado`,`visto`,`Destacado`,`Online`,`can`,`cant`,`Calzado`) VALUES ('80','3045040245','','TURF BLANCO AZUL JOVEN ','24.5','','lib/Productos/img/blitz_SN.png','','','','','','','','','','','','','','','709.00','353.50','','1','1','3','6','2023-06-01 19:32:45','2','','1','','','0','','1');
INSERT INTO `Productos` (`ID_Producto`,`Codigo`,`Nombre`,`Descripcion`,`N_Calzado`,`Marca`,`Foto1`,`Foto2`,`Foto3`,`Foto4`,`Foto5`,`item1`,`item2`,`item3`,`item4`,`item5`,`item6`,`item7`,`item8`,`item9`,`item10`,`PrecioVenta`,`PrecioCompra`,`Precio_Tachado`,`Existencia`,`ID_Sucursal`,`ID_Categoria`,`ID_SubCat`,`Fecha_Ingreso`,`ID_Proveedor`,`Importado`,`visto`,`Destacado`,`Online`,`can`,`cant`,`Calzado`) VALUES ('81','3044040250','','CABALLERO TURF BLANCO AZUL','25','','lib/Productos/img/blitz_SN.png','','','','','','','','','','','','','','','860.00','431.29','','1','1','3','6','2023-06-01 19:38:09','2','','1','','','0','','1');
INSERT INTO `Productos` (`ID_Producto`,`Codigo`,`Nombre`,`Descripcion`,`N_Calzado`,`Marca`,`Foto1`,`Foto2`,`Foto3`,`Foto4`,`Foto5`,`item1`,`item2`,`item3`,`item4`,`item5`,`item6`,`item7`,`item8`,`item9`,`item10`,`PrecioVenta`,`PrecioCompra`,`Precio_Tachado`,`Existencia`,`ID_Sucursal`,`ID_Categoria`,`ID_SubCat`,`Fecha_Ingreso`,`ID_Proveedor`,`Importado`,`visto`,`Destacado`,`Online`,`can`,`cant`,`Calzado`) VALUES ('82','3044040260','','SOCCER JOVEN BLANCO AZUL','26','','lib/Productos/img/blitz_SN.png','','','','','','','','','','','','','','','860.00','431.29','','1','1','3','6','2023-06-01 19:39:46','2','','1','','','0','','1');
INSERT INTO `Productos` (`ID_Producto`,`Codigo`,`Nombre`,`Descripcion`,`N_Calzado`,`Marca`,`Foto1`,`Foto2`,`Foto3`,`Foto4`,`Foto5`,`item1`,`item2`,`item3`,`item4`,`item5`,`item6`,`item7`,`item8`,`item9`,`item10`,`PrecioVenta`,`PrecioCompra`,`Precio_Tachado`,`Existencia`,`ID_Sucursal`,`ID_Categoria`,`ID_SubCat`,`Fecha_Ingreso`,`ID_Proveedor`,`Importado`,`visto`,`Destacado`,`Online`,`can`,`cant`,`Calzado`) VALUES ('83','3044040265','','SOCCER JOVEN BLANCO AZUL','26.5','','lib/Productos/img/blitz_SN.png','','','','','','','','','','','','','','','860.00','431.29','','1','1','3','6','2023-06-01 19:41:12','2','','1','','','0','','1');
INSERT INTO `Productos` (`ID_Producto`,`Codigo`,`Nombre`,`Descripcion`,`N_Calzado`,`Marca`,`Foto1`,`Foto2`,`Foto3`,`Foto4`,`Foto5`,`item1`,`item2`,`item3`,`item4`,`item5`,`item6`,`item7`,`item8`,`item9`,`item10`,`PrecioVenta`,`PrecioCompra`,`Precio_Tachado`,`Existencia`,`ID_Sucursal`,`ID_Categoria`,`ID_SubCat`,`Fecha_Ingreso`,`ID_Proveedor`,`Importado`,`visto`,`Destacado`,`Online`,`can`,`cant`,`Calzado`) VALUES ('84','3044040270','','SOCCER JOVEN BLANCO AZUL','27','','lib/Productos/img/blitz_SN.png','','','','','','','','','','','','','','','845.68','431.29','','1','1','3','6','2023-06-01 19:42:11','2','','1','','','0','','1');
INSERT INTO `Productos` (`ID_Producto`,`Codigo`,`Nombre`,`Descripcion`,`N_Calzado`,`Marca`,`Foto1`,`Foto2`,`Foto3`,`Foto4`,`Foto5`,`item1`,`item2`,`item3`,`item4`,`item5`,`item6`,`item7`,`item8`,`item9`,`item10`,`PrecioVenta`,`PrecioCompra`,`Precio_Tachado`,`Existencia`,`ID_Sucursal`,`ID_Categoria`,`ID_SubCat`,`Fecha_Ingreso`,`ID_Proveedor`,`Importado`,`visto`,`Destacado`,`Online`,`can`,`cant`,`Calzado`) VALUES ('85','3044040275','','SOCCER JOVEN BLANCO AZUL','27.5','','lib/Productos/img/blitz_SN.png','','','','','','','','','','','','','','','860.00','431.29','','1','1','3','6','2023-06-01 19:42:41','2','','1','','','0','','1');
INSERT INTO `Productos` (`ID_Producto`,`Codigo`,`Nombre`,`Descripcion`,`N_Calzado`,`Marca`,`Foto1`,`Foto2`,`Foto3`,`Foto4`,`Foto5`,`item1`,`item2`,`item3`,`item4`,`item5`,`item6`,`item7`,`item8`,`item9`,`item10`,`PrecioVenta`,`PrecioCompra`,`Precio_Tachado`,`Existencia`,`ID_Sucursal`,`ID_Categoria`,`ID_SubCat`,`Fecha_Ingreso`,`ID_Proveedor`,`Importado`,`visto`,`Destacado`,`Online`,`can`,`cant`,`Calzado`) VALUES ('86','3044040280','','SOCCER JOVEN BLANCO AZUL','28','','lib/Productos/img/blitz_SN.png','','','','','','','','','','','','','','','860.00','431.29','','1','1','3','6','2023-06-01 19:43:18','2','','1','','','0','','1');
INSERT INTO `Productos` (`ID_Producto`,`Codigo`,`Nombre`,`Descripcion`,`N_Calzado`,`Marca`,`Foto1`,`Foto2`,`Foto3`,`Foto4`,`Foto5`,`item1`,`item2`,`item3`,`item4`,`item5`,`item6`,`item7`,`item8`,`item9`,`item10`,`PrecioVenta`,`PrecioCompra`,`Precio_Tachado`,`Existencia`,`ID_Sucursal`,`ID_Categoria`,`ID_SubCat`,`Fecha_Ingreso`,`ID_Proveedor`,`Importado`,`visto`,`Destacado`,`Online`,`can`,`cant`,`Calzado`) VALUES ('87','8500442220','','TENIS NEGRO NEGRO ','22','','lib/Productos/img/blitz_SN.png','','','','','','','','','','','','','','','625.00','308.05','','1','1','3','6','2023-06-01 19:52:04','2','','1','','','0','','1');
INSERT INTO `Productos` (`ID_Producto`,`Codigo`,`Nombre`,`Descripcion`,`N_Calzado`,`Marca`,`Foto1`,`Foto2`,`Foto3`,`Foto4`,`Foto5`,`item1`,`item2`,`item3`,`item4`,`item5`,`item6`,`item7`,`item8`,`item9`,`item10`,`PrecioVenta`,`PrecioCompra`,`Precio_Tachado`,`Existencia`,`ID_Sucursal`,`ID_Categoria`,`ID_SubCat`,`Fecha_Ingreso`,`ID_Proveedor`,`Importado`,`visto`,`Destacado`,`Online`,`can`,`cant`,`Calzado`) VALUES ('88','8500442230','','TENIS NEGRO NEGRO ','23','','lib/Productos/img/blitz_SN.png','','','','','','','','','','','','','','','625.00','308.05','','1','1','3','6','2023-06-01 19:52:55','2','','1','','','0','','1');
INSERT INTO `Productos` (`ID_Producto`,`Codigo`,`Nombre`,`Descripcion`,`N_Calzado`,`Marca`,`Foto1`,`Foto2`,`Foto3`,`Foto4`,`Foto5`,`item1`,`item2`,`item3`,`item4`,`item5`,`item6`,`item7`,`item8`,`item9`,`item10`,`PrecioVenta`,`PrecioCompra`,`Precio_Tachado`,`Existencia`,`ID_Sucursal`,`ID_Categoria`,`ID_SubCat`,`Fecha_Ingreso`,`ID_Proveedor`,`Importado`,`visto`,`Destacado`,`Online`,`can`,`cant`,`Calzado`) VALUES ('89','8500442235','','NEGRO NEGRO','23.5','','lib/Productos/img/blitz_SN.png','','','','','','','','','','','','','','','625.00','308.05','','1','1','3','6','2023-06-01 19:58:03','2','','1','','','0','','1');
INSERT INTO `Productos` (`ID_Producto`,`Codigo`,`Nombre`,`Descripcion`,`N_Calzado`,`Marca`,`Foto1`,`Foto2`,`Foto3`,`Foto4`,`Foto5`,`item1`,`item2`,`item3`,`item4`,`item5`,`item6`,`item7`,`item8`,`item9`,`item10`,`PrecioVenta`,`PrecioCompra`,`Precio_Tachado`,`Existencia`,`ID_Sucursal`,`ID_Categoria`,`ID_SubCat`,`Fecha_Ingreso`,`ID_Proveedor`,`Importado`,`visto`,`Destacado`,`Online`,`can`,`cant`,`Calzado`) VALUES ('90','8500442240','','NEGRO NEGRO','24','','lib/Productos/img/blitz_SN.png','','','','','','','','','','','','','','','625.00','308.05','','1','1','3','6','2023-06-01 19:58:49','2','','1','','','0','','1');
INSERT INTO `Productos` (`ID_Producto`,`Codigo`,`Nombre`,`Descripcion`,`N_Calzado`,`Marca`,`Foto1`,`Foto2`,`Foto3`,`Foto4`,`Foto5`,`item1`,`item2`,`item3`,`item4`,`item5`,`item6`,`item7`,`item8`,`item9`,`item10`,`PrecioVenta`,`PrecioCompra`,`Precio_Tachado`,`Existencia`,`ID_Sucursal`,`ID_Categoria`,`ID_SubCat`,`Fecha_Ingreso`,`ID_Proveedor`,`Importado`,`visto`,`Destacado`,`Online`,`can`,`cant`,`Calzado`) VALUES ('91','8500442245','','NEGRO NEGRO','24.5','','lib/Productos/img/blitz_SN.png','','','','','','','','','','','','','','','625.00','308.05','','1','1','3','6','2023-06-01 19:59:33','2','','1','','','0','','1');
INSERT INTO `Productos` (`ID_Producto`,`Codigo`,`Nombre`,`Descripcion`,`N_Calzado`,`Marca`,`Foto1`,`Foto2`,`Foto3`,`Foto4`,`Foto5`,`item1`,`item2`,`item3`,`item4`,`item5`,`item6`,`item7`,`item8`,`item9`,`item10`,`PrecioVenta`,`PrecioCompra`,`Precio_Tachado`,`Existencia`,`ID_Sucursal`,`ID_Categoria`,`ID_SubCat`,`Fecha_Ingreso`,`ID_Proveedor`,`Importado`,`visto`,`Destacado`,`Online`,`can`,`cant`,`Calzado`) VALUES ('92','5002001230','','BLANCO TOTALO','23','','lib/Productos/img/blitz_SN.png','','','','','','','','','','','','','','','750.00','374.69','','1','1','3','6','2023-06-01 20:06:37','2','','1','','','0','','1');
INSERT INTO `Productos` (`ID_Producto`,`Codigo`,`Nombre`,`Descripcion`,`N_Calzado`,`Marca`,`Foto1`,`Foto2`,`Foto3`,`Foto4`,`Foto5`,`item1`,`item2`,`item3`,`item4`,`item5`,`item6`,`item7`,`item8`,`item9`,`item10`,`PrecioVenta`,`PrecioCompra`,`Precio_Tachado`,`Existencia`,`ID_Sucursal`,`ID_Categoria`,`ID_SubCat`,`Fecha_Ingreso`,`ID_Proveedor`,`Importado`,`visto`,`Destacado`,`Online`,`can`,`cant`,`Calzado`) VALUES ('93','5002001235','','BLANCO TOTAL','23.5','','lib/Productos/img/blitz_SN.png','','','','','','','','','','','','','','','750.00','374.69','','1','1','3','6','2023-06-01 20:08:31','2','','1','','','0','','1');
INSERT INTO `Productos` (`ID_Producto`,`Codigo`,`Nombre`,`Descripcion`,`N_Calzado`,`Marca`,`Foto1`,`Foto2`,`Foto3`,`Foto4`,`Foto5`,`item1`,`item2`,`item3`,`item4`,`item5`,`item6`,`item7`,`item8`,`item9`,`item10`,`PrecioVenta`,`PrecioCompra`,`Precio_Tachado`,`Existencia`,`ID_Sucursal`,`ID_Categoria`,`ID_SubCat`,`Fecha_Ingreso`,`ID_Proveedor`,`Importado`,`visto`,`Destacado`,`Online`,`can`,`cant`,`Calzado`) VALUES ('94','5002001240','','BLANCO TOTAL','24','','lib/Productos/img/blitz_SN.png','','','','','','','','','','','','','','','750.00','374.69','','2','1','3','6','2023-06-01 20:09:20','2','','1','','','0','','1');
INSERT INTO `Productos` (`ID_Producto`,`Codigo`,`Nombre`,`Descripcion`,`N_Calzado`,`Marca`,`Foto1`,`Foto2`,`Foto3`,`Foto4`,`Foto5`,`item1`,`item2`,`item3`,`item4`,`item5`,`item6`,`item7`,`item8`,`item9`,`item10`,`PrecioVenta`,`PrecioCompra`,`Precio_Tachado`,`Existencia`,`ID_Sucursal`,`ID_Categoria`,`ID_SubCat`,`Fecha_Ingreso`,`ID_Proveedor`,`Importado`,`visto`,`Destacado`,`Online`,`can`,`cant`,`Calzado`) VALUES ('95','5002001245','','BLANCO TOTAL','24.5','','lib/Productos/img/blitz_SN.png','','','','','','','','','','','','','','','750.00','374.69','','1','1','3','6','2023-06-01 20:10:11','2','','1','','','0','','1');
INSERT INTO `Productos` (`ID_Producto`,`Codigo`,`Nombre`,`Descripcion`,`N_Calzado`,`Marca`,`Foto1`,`Foto2`,`Foto3`,`Foto4`,`Foto5`,`item1`,`item2`,`item3`,`item4`,`item5`,`item6`,`item7`,`item8`,`item9`,`item10`,`PrecioVenta`,`PrecioCompra`,`Precio_Tachado`,`Existencia`,`ID_Sucursal`,`ID_Categoria`,`ID_SubCat`,`Fecha_Ingreso`,`ID_Proveedor`,`Importado`,`visto`,`Destacado`,`Online`,`can`,`cant`,`Calzado`) VALUES ('96','3045709220','','TURF AMARILLO','22','','lib/Productos/img/blitz_SN.png','','','','','','','','','','','','','','','708.00','353.50','','1','1','3','6','2023-06-01 20:11:27','2','','1','','','0','','1');
INSERT INTO `Productos` (`ID_Producto`,`Codigo`,`Nombre`,`Descripcion`,`N_Calzado`,`Marca`,`Foto1`,`Foto2`,`Foto3`,`Foto4`,`Foto5`,`item1`,`item2`,`item3`,`item4`,`item5`,`item6`,`item7`,`item8`,`item9`,`item10`,`PrecioVenta`,`PrecioCompra`,`Precio_Tachado`,`Existencia`,`ID_Sucursal`,`ID_Categoria`,`ID_SubCat`,`Fecha_Ingreso`,`ID_Proveedor`,`Importado`,`visto`,`Destacado`,`Online`,`can`,`cant`,`Calzado`) VALUES ('97','3045709225','','SOCCER JOVEN BLANCO AZUL','22.5','','lib/Productos/img/blitz_SN.png','','','','','','','','','','','','','','','708.00','353.50','','1','1','3','6','2023-06-01 20:12:46','2','','1','','','0','','1');
INSERT INTO `Productos` (`ID_Producto`,`Codigo`,`Nombre`,`Descripcion`,`N_Calzado`,`Marca`,`Foto1`,`Foto2`,`Foto3`,`Foto4`,`Foto5`,`item1`,`item2`,`item3`,`item4`,`item5`,`item6`,`item7`,`item8`,`item9`,`item10`,`PrecioVenta`,`PrecioCompra`,`Precio_Tachado`,`Existencia`,`ID_Sucursal`,`ID_Categoria`,`ID_SubCat`,`Fecha_Ingreso`,`ID_Proveedor`,`Importado`,`visto`,`Destacado`,`Online`,`can`,`cant`,`Calzado`) VALUES ('98','3045709230','','SOCCER JOVEN BLANCO AZUL','23','','lib/Productos/img/blitz_SN.png','','','','','','','','','','','','','','','708.00','353.50','','1','1','3','6','2023-06-01 20:13:33','2','','1','','','0','','1');
INSERT INTO `Productos` (`ID_Producto`,`Codigo`,`Nombre`,`Descripcion`,`N_Calzado`,`Marca`,`Foto1`,`Foto2`,`Foto3`,`Foto4`,`Foto5`,`item1`,`item2`,`item3`,`item4`,`item5`,`item6`,`item7`,`item8`,`item9`,`item10`,`PrecioVenta`,`PrecioCompra`,`Precio_Tachado`,`Existencia`,`ID_Sucursal`,`ID_Categoria`,`ID_SubCat`,`Fecha_Ingreso`,`ID_Proveedor`,`Importado`,`visto`,`Destacado`,`Online`,`can`,`cant`,`Calzado`) VALUES ('99','3045709235','','SOCCER JOVEN BLANCO AZUL','23.5','','lib/Productos/img/blitz_SN.png','','','','','','','','','','','','','','','708.00','353.50','','1','1','3','6','2023-06-01 20:14:12','2','','1','','','0','','1');
INSERT INTO `Productos` (`ID_Producto`,`Codigo`,`Nombre`,`Descripcion`,`N_Calzado`,`Marca`,`Foto1`,`Foto2`,`Foto3`,`Foto4`,`Foto5`,`item1`,`item2`,`item3`,`item4`,`item5`,`item6`,`item7`,`item8`,`item9`,`item10`,`PrecioVenta`,`PrecioCompra`,`Precio_Tachado`,`Existencia`,`ID_Sucursal`,`ID_Categoria`,`ID_SubCat`,`Fecha_Ingreso`,`ID_Proveedor`,`Importado`,`visto`,`Destacado`,`Online`,`can`,`cant`,`Calzado`) VALUES ('100','3045709240','','SOCCER JOVEN BLANCO AZUL','24','','lib/Productos/img/blitz_SN.png','','','','','','','','','','','','','','','708.00','353.50','','1','1','3','6','2023-06-01 20:14:48','2','','1','','','0','','1');
INSERT INTO `Productos` (`ID_Producto`,`Codigo`,`Nombre`,`Descripcion`,`N_Calzado`,`Marca`,`Foto1`,`Foto2`,`Foto3`,`Foto4`,`Foto5`,`item1`,`item2`,`item3`,`item4`,`item5`,`item6`,`item7`,`item8`,`item9`,`item10`,`PrecioVenta`,`PrecioCompra`,`Precio_Tachado`,`Existencia`,`ID_Sucursal`,`ID_Categoria`,`ID_SubCat`,`Fecha_Ingreso`,`ID_Proveedor`,`Importado`,`visto`,`Destacado`,`Online`,`can`,`cant`,`Calzado`) VALUES ('101','3045709245','','SOCCER JOVEN BLANCO AZUL','24.5','','lib/Productos/img/blitz_SN.png','','','','','','','','','','','','','','','708.00','353.50','','1','1','3','6','2023-06-01 20:15:37','2','','1','','','0','','1');
INSERT INTO `Productos` (`ID_Producto`,`Codigo`,`Nombre`,`Descripcion`,`N_Calzado`,`Marca`,`Foto1`,`Foto2`,`Foto3`,`Foto4`,`Foto5`,`item1`,`item2`,`item3`,`item4`,`item5`,`item6`,`item7`,`item8`,`item9`,`item10`,`PrecioVenta`,`PrecioCompra`,`Precio_Tachado`,`Existencia`,`ID_Sucursal`,`ID_Categoria`,`ID_SubCat`,`Fecha_Ingreso`,`ID_Proveedor`,`Importado`,`visto`,`Destacado`,`Online`,`can`,`cant`,`Calzado`) VALUES ('102','6503707230','','VULGANIZADO LILA','23','','lib/Productos/img/blitz_SN.png','','','','','','','','','','','','','','','845.00','424.17','','2','1','3','6','2023-06-01 20:17:52','2','','1','','','0','','1');
INSERT INTO `Productos` (`ID_Producto`,`Codigo`,`Nombre`,`Descripcion`,`N_Calzado`,`Marca`,`Foto1`,`Foto2`,`Foto3`,`Foto4`,`Foto5`,`item1`,`item2`,`item3`,`item4`,`item5`,`item6`,`item7`,`item8`,`item9`,`item10`,`PrecioVenta`,`PrecioCompra`,`Precio_Tachado`,`Existencia`,`ID_Sucursal`,`ID_Categoria`,`ID_SubCat`,`Fecha_Ingreso`,`ID_Proveedor`,`Importado`,`visto`,`Destacado`,`Online`,`can`,`cant`,`Calzado`) VALUES ('103','6503707240','','VULGANIZADO LILA','24','','lib/Productos/img/blitz_SN.png','','','','','','','','','','','','','','','845.00','424.17','','2','1','3','6','2023-06-01 20:18:47','2','','1','','','0','','1');
INSERT INTO `Productos` (`ID_Producto`,`Codigo`,`Nombre`,`Descripcion`,`N_Calzado`,`Marca`,`Foto1`,`Foto2`,`Foto3`,`Foto4`,`Foto5`,`item1`,`item2`,`item3`,`item4`,`item5`,`item6`,`item7`,`item8`,`item9`,`item10`,`PrecioVenta`,`PrecioCompra`,`Precio_Tachado`,`Existencia`,`ID_Sucursal`,`ID_Categoria`,`ID_SubCat`,`Fecha_Ingreso`,`ID_Proveedor`,`Importado`,`visto`,`Destacado`,`Online`,`can`,`cant`,`Calzado`) VALUES ('104','6503707250','','VULGANIZADO LILA','25','','lib/Productos/img/blitz_SN.png','','','','','','','','','','','','','','','845.00','424.17','','1','1','3','6','2023-06-01 20:19:22','2','','1','','','0','','1');
INSERT INTO `Productos` (`ID_Producto`,`Codigo`,`Nombre`,`Descripcion`,`N_Calzado`,`Marca`,`Foto1`,`Foto2`,`Foto3`,`Foto4`,`Foto5`,`item1`,`item2`,`item3`,`item4`,`item5`,`item6`,`item7`,`item8`,`item9`,`item10`,`PrecioVenta`,`PrecioCompra`,`Precio_Tachado`,`Existencia`,`ID_Sucursal`,`ID_Categoria`,`ID_SubCat`,`Fecha_Ingreso`,`ID_Proveedor`,`Importado`,`visto`,`Destacado`,`Online`,`can`,`cant`,`Calzado`) VALUES ('105','6503707260','','VULGANIZADO LILA','26','','lib/Productos/img/blitz_SN.png','','','','','','','','','','','','','','','845.00','424.17','','1','1','3','6','2023-06-01 20:19:57','2','','1','','','0','','1');
INSERT INTO `Productos` (`ID_Producto`,`Codigo`,`Nombre`,`Descripcion`,`N_Calzado`,`Marca`,`Foto1`,`Foto2`,`Foto3`,`Foto4`,`Foto5`,`item1`,`item2`,`item3`,`item4`,`item5`,`item6`,`item7`,`item8`,`item9`,`item10`,`PrecioVenta`,`PrecioCompra`,`Precio_Tachado`,`Existencia`,`ID_Sucursal`,`ID_Categoria`,`ID_SubCat`,`Fecha_Ingreso`,`ID_Proveedor`,`Importado`,`visto`,`Destacado`,`Online`,`can`,`cant`,`Calzado`) VALUES ('106','8508979230','','tenis deportivo maquillaje ','23','','lib/Productos/img/blitz_SN.png','','','','','','','','','','','','','','','860.00','431.29','','1','1','3','6','2023-06-01 23:59:48','2','','1','','','0','','1');
INSERT INTO `Productos` (`ID_Producto`,`Codigo`,`Nombre`,`Descripcion`,`N_Calzado`,`Marca`,`Foto1`,`Foto2`,`Foto3`,`Foto4`,`Foto5`,`item1`,`item2`,`item3`,`item4`,`item5`,`item6`,`item7`,`item8`,`item9`,`item10`,`PrecioVenta`,`PrecioCompra`,`Precio_Tachado`,`Existencia`,`ID_Sucursal`,`ID_Categoria`,`ID_SubCat`,`Fecha_Ingreso`,`ID_Proveedor`,`Importado`,`visto`,`Destacado`,`Online`,`can`,`cant`,`Calzado`) VALUES ('107','8508979235','','TENIS DEPORTIVO MAQUILLAJE ','23.5','','lib/Productos/img/blitz_SN.png','','','','','','','','','','','','','','','860.00','431.29','','1','1','3','6','2023-06-02 00:01:40','2','','1','','','0','','1');
INSERT INTO `Productos` (`ID_Producto`,`Codigo`,`Nombre`,`Descripcion`,`N_Calzado`,`Marca`,`Foto1`,`Foto2`,`Foto3`,`Foto4`,`Foto5`,`item1`,`item2`,`item3`,`item4`,`item5`,`item6`,`item7`,`item8`,`item9`,`item10`,`PrecioVenta`,`PrecioCompra`,`Precio_Tachado`,`Existencia`,`ID_Sucursal`,`ID_Categoria`,`ID_SubCat`,`Fecha_Ingreso`,`ID_Proveedor`,`Importado`,`visto`,`Destacado`,`Online`,`can`,`cant`,`Calzado`) VALUES ('108','8508979240','','TENIS DEPORTIVO MAQUILLAJE ','24','','lib/Productos/img/blitz_SN.png','','','','','','','','','','','','','','','860.00','431.29','','1','1','3','6','2023-06-02 00:09:49','2','','1','','','0','','1');
INSERT INTO `Productos` (`ID_Producto`,`Codigo`,`Nombre`,`Descripcion`,`N_Calzado`,`Marca`,`Foto1`,`Foto2`,`Foto3`,`Foto4`,`Foto5`,`item1`,`item2`,`item3`,`item4`,`item5`,`item6`,`item7`,`item8`,`item9`,`item10`,`PrecioVenta`,`PrecioCompra`,`Precio_Tachado`,`Existencia`,`ID_Sucursal`,`ID_Categoria`,`ID_SubCat`,`Fecha_Ingreso`,`ID_Proveedor`,`Importado`,`visto`,`Destacado`,`Online`,`can`,`cant`,`Calzado`) VALUES ('109','8508979245','','TENIS DEPORTIVO MAQUILLAJE ','24.5','','lib/Productos/img/blitz_SN.png','','','','','','','','','','','','','','','860.00','431.29','','1','1','3','6','2023-06-02 00:10:38','2','','1','','','0','','1');
INSERT INTO `Productos` (`ID_Producto`,`Codigo`,`Nombre`,`Descripcion`,`N_Calzado`,`Marca`,`Foto1`,`Foto2`,`Foto3`,`Foto4`,`Foto5`,`item1`,`item2`,`item3`,`item4`,`item5`,`item6`,`item7`,`item8`,`item9`,`item10`,`PrecioVenta`,`PrecioCompra`,`Precio_Tachado`,`Existencia`,`ID_Sucursal`,`ID_Categoria`,`ID_SubCat`,`Fecha_Ingreso`,`ID_Proveedor`,`Importado`,`visto`,`Destacado`,`Online`,`can`,`cant`,`Calzado`) VALUES ('110','8508979250','','TENIS DEPORTIVO MAQUILLAJE ','25','','lib/Productos/img/blitz_SN.png','','','','','','','','','','','','','','','860.00','431.29','','1','1','3','6','2023-06-02 00:11:23','2','','1','','','0','','1');
INSERT INTO `Productos` (`ID_Producto`,`Codigo`,`Nombre`,`Descripcion`,`N_Calzado`,`Marca`,`Foto1`,`Foto2`,`Foto3`,`Foto4`,`Foto5`,`item1`,`item2`,`item3`,`item4`,`item5`,`item6`,`item7`,`item8`,`item9`,`item10`,`PrecioVenta`,`PrecioCompra`,`Precio_Tachado`,`Existencia`,`ID_Sucursal`,`ID_Categoria`,`ID_SubCat`,`Fecha_Ingreso`,`ID_Proveedor`,`Importado`,`visto`,`Destacado`,`Online`,`can`,`cant`,`Calzado`) VALUES ('111','8508979255','','TENIS DEPORTIVO MAQUILLAJE ','25.5','','lib/Productos/img/blitz_SN.png','','','','','','','','','','','','','','','860.00','431.29','','1','1','3','6','2023-06-02 00:12:02','2','','1','','','0','','1');
INSERT INTO `Productos` (`ID_Producto`,`Codigo`,`Nombre`,`Descripcion`,`N_Calzado`,`Marca`,`Foto1`,`Foto2`,`Foto3`,`Foto4`,`Foto5`,`item1`,`item2`,`item3`,`item4`,`item5`,`item6`,`item7`,`item8`,`item9`,`item10`,`PrecioVenta`,`PrecioCompra`,`Precio_Tachado`,`Existencia`,`ID_Sucursal`,`ID_Categoria`,`ID_SubCat`,`Fecha_Ingreso`,`ID_Proveedor`,`Importado`,`visto`,`Destacado`,`Online`,`can`,`cant`,`Calzado`) VALUES ('112','3044040220','','SOCCER BLANCO AZUL ','22','','lib/Productos/img/blitz_SN.png','','','','','','','','','','','','','','','675.00','335.29','','1','1','3','6','2023-06-02 00:13:42','2','','1','','','0','','1');
INSERT INTO `Productos` (`ID_Producto`,`Codigo`,`Nombre`,`Descripcion`,`N_Calzado`,`Marca`,`Foto1`,`Foto2`,`Foto3`,`Foto4`,`Foto5`,`item1`,`item2`,`item3`,`item4`,`item5`,`item6`,`item7`,`item8`,`item9`,`item10`,`PrecioVenta`,`PrecioCompra`,`Precio_Tachado`,`Existencia`,`ID_Sucursal`,`ID_Categoria`,`ID_SubCat`,`Fecha_Ingreso`,`ID_Proveedor`,`Importado`,`visto`,`Destacado`,`Online`,`can`,`cant`,`Calzado`) VALUES ('113','3044040230','','SOCCER BLANCO AZUL ','23','','lib/Productos/img/blitz_SN.png','','','','','','','','','','','','','','','675.00','335.29','','1','1','3','6','2023-06-02 00:15:09','2','','1','','','0','','1');
INSERT INTO `Productos` (`ID_Producto`,`Codigo`,`Nombre`,`Descripcion`,`N_Calzado`,`Marca`,`Foto1`,`Foto2`,`Foto3`,`Foto4`,`Foto5`,`item1`,`item2`,`item3`,`item4`,`item5`,`item6`,`item7`,`item8`,`item9`,`item10`,`PrecioVenta`,`PrecioCompra`,`Precio_Tachado`,`Existencia`,`ID_Sucursal`,`ID_Categoria`,`ID_SubCat`,`Fecha_Ingreso`,`ID_Proveedor`,`Importado`,`visto`,`Destacado`,`Online`,`can`,`cant`,`Calzado`) VALUES ('114','3044040235','','SOCCER BLANCO AZUL ','23.5','','lib/Productos/img/blitz_SN.png','','','','','','','','','','','','','','','675.00','335.29','','1','1','3','6','2023-06-02 00:15:58','2','','1','','','0','','1');
INSERT INTO `Productos` (`ID_Producto`,`Codigo`,`Nombre`,`Descripcion`,`N_Calzado`,`Marca`,`Foto1`,`Foto2`,`Foto3`,`Foto4`,`Foto5`,`item1`,`item2`,`item3`,`item4`,`item5`,`item6`,`item7`,`item8`,`item9`,`item10`,`PrecioVenta`,`PrecioCompra`,`Precio_Tachado`,`Existencia`,`ID_Sucursal`,`ID_Categoria`,`ID_SubCat`,`Fecha_Ingreso`,`ID_Proveedor`,`Importado`,`visto`,`Destacado`,`Online`,`can`,`cant`,`Calzado`) VALUES ('115','3044040240','','SOCCER BLANCO AZUL ','24','','lib/Productos/img/blitz_SN.png','','','','','','','','','','','','','','','675.00','335.29','','1','1','3','6','2023-06-02 00:17:09','2','','1','','','0','','1');
INSERT INTO `Productos` (`ID_Producto`,`Codigo`,`Nombre`,`Descripcion`,`N_Calzado`,`Marca`,`Foto1`,`Foto2`,`Foto3`,`Foto4`,`Foto5`,`item1`,`item2`,`item3`,`item4`,`item5`,`item6`,`item7`,`item8`,`item9`,`item10`,`PrecioVenta`,`PrecioCompra`,`Precio_Tachado`,`Existencia`,`ID_Sucursal`,`ID_Categoria`,`ID_SubCat`,`Fecha_Ingreso`,`ID_Proveedor`,`Importado`,`visto`,`Destacado`,`Online`,`can`,`cant`,`Calzado`) VALUES ('116','3044040245','','SOCCER BLANCO AZUL ','24.5','','lib/Productos/img/blitz_SN.png','','','','','','','','','','','','','','','675.00','335.29','','1','1','3','6','2023-06-02 00:17:47','2','','1','','','0','','1');
INSERT INTO `Productos` (`ID_Producto`,`Codigo`,`Nombre`,`Descripcion`,`N_Calzado`,`Marca`,`Foto1`,`Foto2`,`Foto3`,`Foto4`,`Foto5`,`item1`,`item2`,`item3`,`item4`,`item5`,`item6`,`item7`,`item8`,`item9`,`item10`,`PrecioVenta`,`PrecioCompra`,`Precio_Tachado`,`Existencia`,`ID_Sucursal`,`ID_Categoria`,`ID_SubCat`,`Fecha_Ingreso`,`ID_Proveedor`,`Importado`,`visto`,`Destacado`,`Online`,`can`,`cant`,`Calzado`) VALUES ('123','002235','','AIR MAX LILA ','23.5','','lib/Productos/img/blitz_SN.png','','','','','','','','','','','','','','','430.00','215.00','','1','1','3','6','2023-06-02 00:36:10','9','','1','','','0','','1');
INSERT INTO `Productos` (`ID_Producto`,`Codigo`,`Nombre`,`Descripcion`,`N_Calzado`,`Marca`,`Foto1`,`Foto2`,`Foto3`,`Foto4`,`Foto5`,`item1`,`item2`,`item3`,`item4`,`item5`,`item6`,`item7`,`item8`,`item9`,`item10`,`PrecioVenta`,`PrecioCompra`,`Precio_Tachado`,`Existencia`,`ID_Sucursal`,`ID_Categoria`,`ID_SubCat`,`Fecha_Ingreso`,`ID_Proveedor`,`Importado`,`visto`,`Destacado`,`Online`,`can`,`cant`,`Calzado`) VALUES ('124','002240','','AIR MAX LILA ','24','','lib/Productos/img/blitz_SN.png','','','','','','','','','','','','','','','430.00','215.00','','2','1','3','6','2023-06-24 20:44:16','9','','1','','','0','','1');
INSERT INTO `Productos` (`ID_Producto`,`Codigo`,`Nombre`,`Descripcion`,`N_Calzado`,`Marca`,`Foto1`,`Foto2`,`Foto3`,`Foto4`,`Foto5`,`item1`,`item2`,`item3`,`item4`,`item5`,`item6`,`item7`,`item8`,`item9`,`item10`,`PrecioVenta`,`PrecioCompra`,`Precio_Tachado`,`Existencia`,`ID_Sucursal`,`ID_Categoria`,`ID_SubCat`,`Fecha_Ingreso`,`ID_Proveedor`,`Importado`,`visto`,`Destacado`,`Online`,`can`,`cant`,`Calzado`) VALUES ('125','002245','','AIR MAX LILA ','24.5','','lib/Productos/img/blitz_SN.png','','','','','','','','','','','','','','','430.00','215.00','','1','1','3','6','2023-06-24 20:42:05','9','','1','','','0','','1');
INSERT INTO `Productos` (`ID_Producto`,`Codigo`,`Nombre`,`Descripcion`,`N_Calzado`,`Marca`,`Foto1`,`Foto2`,`Foto3`,`Foto4`,`Foto5`,`item1`,`item2`,`item3`,`item4`,`item5`,`item6`,`item7`,`item8`,`item9`,`item10`,`PrecioVenta`,`PrecioCompra`,`Precio_Tachado`,`Existencia`,`ID_Sucursal`,`ID_Categoria`,`ID_SubCat`,`Fecha_Ingreso`,`ID_Proveedor`,`Importado`,`visto`,`Destacado`,`Online`,`can`,`cant`,`Calzado`) VALUES ('126','002250','','AIR MAX LILA ','25','','lib/Productos/img/blitz_SN.png','','','','','','','','','','','','','','','430.00','215.00','','2','1','3','6','2023-06-24 20:42:37','9','','0','','','0','','1');
INSERT INTO `Productos` (`ID_Producto`,`Codigo`,`Nombre`,`Descripcion`,`N_Calzado`,`Marca`,`Foto1`,`Foto2`,`Foto3`,`Foto4`,`Foto5`,`item1`,`item2`,`item3`,`item4`,`item5`,`item6`,`item7`,`item8`,`item9`,`item10`,`PrecioVenta`,`PrecioCompra`,`Precio_Tachado`,`Existencia`,`ID_Sucursal`,`ID_Categoria`,`ID_SubCat`,`Fecha_Ingreso`,`ID_Proveedor`,`Importado`,`visto`,`Destacado`,`Online`,`can`,`cant`,`Calzado`) VALUES ('127','002255','','AIR MAX LILA ','25.5','','lib/Productos/img/blitz_SN.png','','','','','','','','','','','','','','','430.00','215.00','','2','1','3','6','2023-06-24 20:42:24','9','','0','','','0','','1');
INSERT INTO `Productos` (`ID_Producto`,`Codigo`,`Nombre`,`Descripcion`,`N_Calzado`,`Marca`,`Foto1`,`Foto2`,`Foto3`,`Foto4`,`Foto5`,`item1`,`item2`,`item3`,`item4`,`item5`,`item6`,`item7`,`item8`,`item9`,`item10`,`PrecioVenta`,`PrecioCompra`,`Precio_Tachado`,`Existencia`,`ID_Sucursal`,`ID_Categoria`,`ID_SubCat`,`Fecha_Ingreso`,`ID_Proveedor`,`Importado`,`visto`,`Destacado`,`Online`,`can`,`cant`,`Calzado`) VALUES ('128','002260','','AIR MAX LILA ','26','','lib/Productos/img/blitz_SN.png','','','','','','','','','','','','','','','430.00','215.00','','1','1','3','6','2023-06-02 00:39:37','9','','1','','','0','','1');
INSERT INTO `Productos` (`ID_Producto`,`Codigo`,`Nombre`,`Descripcion`,`N_Calzado`,`Marca`,`Foto1`,`Foto2`,`Foto3`,`Foto4`,`Foto5`,`item1`,`item2`,`item3`,`item4`,`item5`,`item6`,`item7`,`item8`,`item9`,`item10`,`PrecioVenta`,`PrecioCompra`,`Precio_Tachado`,`Existencia`,`ID_Sucursal`,`ID_Categoria`,`ID_SubCat`,`Fecha_Ingreso`,`ID_Proveedor`,`Importado`,`visto`,`Destacado`,`Online`,`can`,`cant`,`Calzado`) VALUES ('129','003235','','PUMA ROSA LILA ','23.5','','lib/Productos/img/blitz_SN.png','','','','','','','','','','','','','','','470.00','235.00','','0','1','3','6','2023-06-02 00:40:45','10','','1','','','0','','1');
INSERT INTO `Productos` (`ID_Producto`,`Codigo`,`Nombre`,`Descripcion`,`N_Calzado`,`Marca`,`Foto1`,`Foto2`,`Foto3`,`Foto4`,`Foto5`,`item1`,`item2`,`item3`,`item4`,`item5`,`item6`,`item7`,`item8`,`item9`,`item10`,`PrecioVenta`,`PrecioCompra`,`Precio_Tachado`,`Existencia`,`ID_Sucursal`,`ID_Categoria`,`ID_SubCat`,`Fecha_Ingreso`,`ID_Proveedor`,`Importado`,`visto`,`Destacado`,`Online`,`can`,`cant`,`Calzado`) VALUES ('130','003240','','PUMA ROSA LILA ','24','','lib/Productos/img/blitz_SN.png','','','','','','','','','','','','','','','470.00','235.00','','1','1','3','6','2023-06-02 00:41:25','10','','1','','','0','','1');
INSERT INTO `Productos` (`ID_Producto`,`Codigo`,`Nombre`,`Descripcion`,`N_Calzado`,`Marca`,`Foto1`,`Foto2`,`Foto3`,`Foto4`,`Foto5`,`item1`,`item2`,`item3`,`item4`,`item5`,`item6`,`item7`,`item8`,`item9`,`item10`,`PrecioVenta`,`PrecioCompra`,`Precio_Tachado`,`Existencia`,`ID_Sucursal`,`ID_Categoria`,`ID_SubCat`,`Fecha_Ingreso`,`ID_Proveedor`,`Importado`,`visto`,`Destacado`,`Online`,`can`,`cant`,`Calzado`) VALUES ('131','003245','','PUMA ROSA LILA ','24.5','','lib/Productos/img/blitz_SN.png','','','','','','','','','','','','','','','470.00','235.00','','1','1','3','6','2023-06-02 00:41:59','10','','1','','','0','','1');
INSERT INTO `Productos` (`ID_Producto`,`Codigo`,`Nombre`,`Descripcion`,`N_Calzado`,`Marca`,`Foto1`,`Foto2`,`Foto3`,`Foto4`,`Foto5`,`item1`,`item2`,`item3`,`item4`,`item5`,`item6`,`item7`,`item8`,`item9`,`item10`,`PrecioVenta`,`PrecioCompra`,`Precio_Tachado`,`Existencia`,`ID_Sucursal`,`ID_Categoria`,`ID_SubCat`,`Fecha_Ingreso`,`ID_Proveedor`,`Importado`,`visto`,`Destacado`,`Online`,`can`,`cant`,`Calzado`) VALUES ('132','003250','','PUMA ROSA LILA ','25','','lib/Productos/img/blitz_SN.png','','','','','','','','','','','','','','','470.00','235.00','','1','1','3','6','2023-06-02 00:42:38','10','','1','','','0','','1');
INSERT INTO `Productos` (`ID_Producto`,`Codigo`,`Nombre`,`Descripcion`,`N_Calzado`,`Marca`,`Foto1`,`Foto2`,`Foto3`,`Foto4`,`Foto5`,`item1`,`item2`,`item3`,`item4`,`item5`,`item6`,`item7`,`item8`,`item9`,`item10`,`PrecioVenta`,`PrecioCompra`,`Precio_Tachado`,`Existencia`,`ID_Sucursal`,`ID_Categoria`,`ID_SubCat`,`Fecha_Ingreso`,`ID_Proveedor`,`Importado`,`visto`,`Destacado`,`Online`,`can`,`cant`,`Calzado`) VALUES ('133','003255','','PUMA ROSA LILA ','25.5','','lib/Productos/img/blitz_SN.png','','','','','','','','','','','','','','','470.00','235.00','','1','1','3','6','2023-06-02 00:43:18','10','','1','','','0','','1');
INSERT INTO `Productos` (`ID_Producto`,`Codigo`,`Nombre`,`Descripcion`,`N_Calzado`,`Marca`,`Foto1`,`Foto2`,`Foto3`,`Foto4`,`Foto5`,`item1`,`item2`,`item3`,`item4`,`item5`,`item6`,`item7`,`item8`,`item9`,`item10`,`PrecioVenta`,`PrecioCompra`,`Precio_Tachado`,`Existencia`,`ID_Sucursal`,`ID_Categoria`,`ID_SubCat`,`Fecha_Ingreso`,`ID_Proveedor`,`Importado`,`visto`,`Destacado`,`Online`,`can`,`cant`,`Calzado`) VALUES ('134','003260','','PUMA ROSA LILA ','26','','lib/Productos/img/blitz_SN.png','','','','','','','','','','','','','','','470.00','235.00','','1','1','3','6','2023-06-02 00:44:07','10','','1','','','0','','1');
INSERT INTO `Productos` (`ID_Producto`,`Codigo`,`Nombre`,`Descripcion`,`N_Calzado`,`Marca`,`Foto1`,`Foto2`,`Foto3`,`Foto4`,`Foto5`,`item1`,`item2`,`item3`,`item4`,`item5`,`item6`,`item7`,`item8`,`item9`,`item10`,`PrecioVenta`,`PrecioCompra`,`Precio_Tachado`,`Existencia`,`ID_Sucursal`,`ID_Categoria`,`ID_SubCat`,`Fecha_Ingreso`,`ID_Proveedor`,`Importado`,`visto`,`Destacado`,`Online`,`can`,`cant`,`Calzado`) VALUES ('135','004235','','LAZER ROSA TURQUEZA ','23.5','','lib/Productos/img/blitz_SN.png','','','','','','','','','','','','','','','420.00','210.00','','1','1','3','6','2023-06-02 00:45:10','9','','1','','','0','','1');
INSERT INTO `Productos` (`ID_Producto`,`Codigo`,`Nombre`,`Descripcion`,`N_Calzado`,`Marca`,`Foto1`,`Foto2`,`Foto3`,`Foto4`,`Foto5`,`item1`,`item2`,`item3`,`item4`,`item5`,`item6`,`item7`,`item8`,`item9`,`item10`,`PrecioVenta`,`PrecioCompra`,`Precio_Tachado`,`Existencia`,`ID_Sucursal`,`ID_Categoria`,`ID_SubCat`,`Fecha_Ingreso`,`ID_Proveedor`,`Importado`,`visto`,`Destacado`,`Online`,`can`,`cant`,`Calzado`) VALUES ('136','004240','','LAZER ROSA TURQUEZA ','24','','lib/Productos/img/blitz_SN.png','','','','','','','','','','','','','','','420.00','210.00','','1','1','3','6','2023-06-02 00:45:55','9','','1','','','0','','1');
INSERT INTO `Productos` (`ID_Producto`,`Codigo`,`Nombre`,`Descripcion`,`N_Calzado`,`Marca`,`Foto1`,`Foto2`,`Foto3`,`Foto4`,`Foto5`,`item1`,`item2`,`item3`,`item4`,`item5`,`item6`,`item7`,`item8`,`item9`,`item10`,`PrecioVenta`,`PrecioCompra`,`Precio_Tachado`,`Existencia`,`ID_Sucursal`,`ID_Categoria`,`ID_SubCat`,`Fecha_Ingreso`,`ID_Proveedor`,`Importado`,`visto`,`Destacado`,`Online`,`can`,`cant`,`Calzado`) VALUES ('137','004245','','LAZER ROSA TURQUEZA ','24.5','','lib/Productos/img/blitz_SN.png','','','','','','','','','','','','','','','420.00','210.00','','1','1','3','6','2023-06-02 00:46:31','9','','1','','','0','','1');
INSERT INTO `Productos` (`ID_Producto`,`Codigo`,`Nombre`,`Descripcion`,`N_Calzado`,`Marca`,`Foto1`,`Foto2`,`Foto3`,`Foto4`,`Foto5`,`item1`,`item2`,`item3`,`item4`,`item5`,`item6`,`item7`,`item8`,`item9`,`item10`,`PrecioVenta`,`PrecioCompra`,`Precio_Tachado`,`Existencia`,`ID_Sucursal`,`ID_Categoria`,`ID_SubCat`,`Fecha_Ingreso`,`ID_Proveedor`,`Importado`,`visto`,`Destacado`,`Online`,`can`,`cant`,`Calzado`) VALUES ('138','004250','','LAZER ROSA TURQUEZA ','25','','lib/Productos/img/blitz_SN.png','','','','','','','','','','','','','','','420.00','210.00','','1','1','3','6','2023-06-02 00:47:17','9','','1','','','0','','1');
INSERT INTO `Productos` (`ID_Producto`,`Codigo`,`Nombre`,`Descripcion`,`N_Calzado`,`Marca`,`Foto1`,`Foto2`,`Foto3`,`Foto4`,`Foto5`,`item1`,`item2`,`item3`,`item4`,`item5`,`item6`,`item7`,`item8`,`item9`,`item10`,`PrecioVenta`,`PrecioCompra`,`Precio_Tachado`,`Existencia`,`ID_Sucursal`,`ID_Categoria`,`ID_SubCat`,`Fecha_Ingreso`,`ID_Proveedor`,`Importado`,`visto`,`Destacado`,`Online`,`can`,`cant`,`Calzado`) VALUES ('139','004255','','LAZER ROSA TURQUEZA ','25.5','','lib/Productos/img/blitz_SN.png','','','','','','','','','','','','','','','420.00','210.00','','1','1','3','6','2023-06-02 00:47:56','9','','1','','','0','','1');
INSERT INTO `Productos` (`ID_Producto`,`Codigo`,`Nombre`,`Descripcion`,`N_Calzado`,`Marca`,`Foto1`,`Foto2`,`Foto3`,`Foto4`,`Foto5`,`item1`,`item2`,`item3`,`item4`,`item5`,`item6`,`item7`,`item8`,`item9`,`item10`,`PrecioVenta`,`PrecioCompra`,`Precio_Tachado`,`Existencia`,`ID_Sucursal`,`ID_Categoria`,`ID_SubCat`,`Fecha_Ingreso`,`ID_Proveedor`,`Importado`,`visto`,`Destacado`,`Online`,`can`,`cant`,`Calzado`) VALUES ('140','004265','','LAZER ROSA TURQUEZA ','26.5','','lib/Productos/img/blitz_SN.png','','','','','','','','','','','','','','','420.00','210.00','','1','1','3','6','2023-06-02 00:48:42','9','','1','','','0','','1');
INSERT INTO `Productos` (`ID_Producto`,`Codigo`,`Nombre`,`Descripcion`,`N_Calzado`,`Marca`,`Foto1`,`Foto2`,`Foto3`,`Foto4`,`Foto5`,`item1`,`item2`,`item3`,`item4`,`item5`,`item6`,`item7`,`item8`,`item9`,`item10`,`PrecioVenta`,`PrecioCompra`,`Precio_Tachado`,`Existencia`,`ID_Sucursal`,`ID_Categoria`,`ID_SubCat`,`Fecha_Ingreso`,`ID_Proveedor`,`Importado`,`visto`,`Destacado`,`Online`,`can`,`cant`,`Calzado`) VALUES ('141','005235','','NIKE AIR BLANCO TOTAL ','23.5','','lib/Productos/img/blitz_SN.png','','','','','','','','','','','','','','','395.00','195.00','','1','1','3','6','2023-06-24 20:30:44','9','','1','','','0','','1');
INSERT INTO `Productos` (`ID_Producto`,`Codigo`,`Nombre`,`Descripcion`,`N_Calzado`,`Marca`,`Foto1`,`Foto2`,`Foto3`,`Foto4`,`Foto5`,`item1`,`item2`,`item3`,`item4`,`item5`,`item6`,`item7`,`item8`,`item9`,`item10`,`PrecioVenta`,`PrecioCompra`,`Precio_Tachado`,`Existencia`,`ID_Sucursal`,`ID_Categoria`,`ID_SubCat`,`Fecha_Ingreso`,`ID_Proveedor`,`Importado`,`visto`,`Destacado`,`Online`,`can`,`cant`,`Calzado`) VALUES ('142','005240','','NIKE AIR BLANCO TOTAL ','24','','lib/Productos/img/blitz_SN.png','','','','','','','','','','','','','','','395.00','195.00','','1','1','3','6','2023-06-24 20:31:07','9','','1','','','0','','1');
INSERT INTO `Productos` (`ID_Producto`,`Codigo`,`Nombre`,`Descripcion`,`N_Calzado`,`Marca`,`Foto1`,`Foto2`,`Foto3`,`Foto4`,`Foto5`,`item1`,`item2`,`item3`,`item4`,`item5`,`item6`,`item7`,`item8`,`item9`,`item10`,`PrecioVenta`,`PrecioCompra`,`Precio_Tachado`,`Existencia`,`ID_Sucursal`,`ID_Categoria`,`ID_SubCat`,`Fecha_Ingreso`,`ID_Proveedor`,`Importado`,`visto`,`Destacado`,`Online`,`can`,`cant`,`Calzado`) VALUES ('143','005245','','NIKE AIR BLANCO TOTAL ','24.5','','lib/Productos/img/blitz_SN.png','','','','','','','','','','','','','','','395.00','195.00','','1','1','3','6','2023-06-24 20:31:35','9','','1','','','0','','1');
INSERT INTO `Productos` (`ID_Producto`,`Codigo`,`Nombre`,`Descripcion`,`N_Calzado`,`Marca`,`Foto1`,`Foto2`,`Foto3`,`Foto4`,`Foto5`,`item1`,`item2`,`item3`,`item4`,`item5`,`item6`,`item7`,`item8`,`item9`,`item10`,`PrecioVenta`,`PrecioCompra`,`Precio_Tachado`,`Existencia`,`ID_Sucursal`,`ID_Categoria`,`ID_SubCat`,`Fecha_Ingreso`,`ID_Proveedor`,`Importado`,`visto`,`Destacado`,`Online`,`can`,`cant`,`Calzado`) VALUES ('144','005250','','NIKE AIR BLANCO TOTAL ','25','','lib/Productos/img/blitz_SN.png','','','','','','','','','','','','','','','395.00','195.00','','1','1','3','6','2023-06-24 20:31:51','9','','1','','','0','','1');
INSERT INTO `Productos` (`ID_Producto`,`Codigo`,`Nombre`,`Descripcion`,`N_Calzado`,`Marca`,`Foto1`,`Foto2`,`Foto3`,`Foto4`,`Foto5`,`item1`,`item2`,`item3`,`item4`,`item5`,`item6`,`item7`,`item8`,`item9`,`item10`,`PrecioVenta`,`PrecioCompra`,`Precio_Tachado`,`Existencia`,`ID_Sucursal`,`ID_Categoria`,`ID_SubCat`,`Fecha_Ingreso`,`ID_Proveedor`,`Importado`,`visto`,`Destacado`,`Online`,`can`,`cant`,`Calzado`) VALUES ('145','005255','','NIKE AIR BLANCO TOTAL ','25.5','','lib/Productos/img/blitz_SN.png','','','','','','','','','','','','','','','395.00','195.00','','1','1','3','6','2023-06-24 20:32:07','9','','1','','','0','','1');
INSERT INTO `Productos` (`ID_Producto`,`Codigo`,`Nombre`,`Descripcion`,`N_Calzado`,`Marca`,`Foto1`,`Foto2`,`Foto3`,`Foto4`,`Foto5`,`item1`,`item2`,`item3`,`item4`,`item5`,`item6`,`item7`,`item8`,`item9`,`item10`,`PrecioVenta`,`PrecioCompra`,`Precio_Tachado`,`Existencia`,`ID_Sucursal`,`ID_Categoria`,`ID_SubCat`,`Fecha_Ingreso`,`ID_Proveedor`,`Importado`,`visto`,`Destacado`,`Online`,`can`,`cant`,`Calzado`) VALUES ('146','005260','','LAZER ROSA TURQUEZA ','26','','lib/Productos/img/blitz_SN.png','','','','','','','','','','','','','','','420.00','195.00','','1','1','3','6','2023-06-02 00:55:16','9','','1','','','0','','1');
INSERT INTO `Productos` (`ID_Producto`,`Codigo`,`Nombre`,`Descripcion`,`N_Calzado`,`Marca`,`Foto1`,`Foto2`,`Foto3`,`Foto4`,`Foto5`,`item1`,`item2`,`item3`,`item4`,`item5`,`item6`,`item7`,`item8`,`item9`,`item10`,`PrecioVenta`,`PrecioCompra`,`Precio_Tachado`,`Existencia`,`ID_Sucursal`,`ID_Categoria`,`ID_SubCat`,`Fecha_Ingreso`,`ID_Proveedor`,`Importado`,`visto`,`Destacado`,`Online`,`can`,`cant`,`Calzado`) VALUES ('147','006235','','NIKE BLANCO FIUSHA MENTA','23.5','','lib/Productos/img/blitz_SN.png','','','','','','','','','','','','','','','430.00','215.00','','1','1','3','6','2023-06-02 00:56:40','9','','1','','','0','','1');
INSERT INTO `Productos` (`ID_Producto`,`Codigo`,`Nombre`,`Descripcion`,`N_Calzado`,`Marca`,`Foto1`,`Foto2`,`Foto3`,`Foto4`,`Foto5`,`item1`,`item2`,`item3`,`item4`,`item5`,`item6`,`item7`,`item8`,`item9`,`item10`,`PrecioVenta`,`PrecioCompra`,`Precio_Tachado`,`Existencia`,`ID_Sucursal`,`ID_Categoria`,`ID_SubCat`,`Fecha_Ingreso`,`ID_Proveedor`,`Importado`,`visto`,`Destacado`,`Online`,`can`,`cant`,`Calzado`) VALUES ('148','006240','','NIKE BLANCO FIUSHA MENTA','24','','lib/Productos/img/blitz_SN.png','','','','','','','','','','','','','','','430.00','215.00','','1','1','3','6','2023-06-02 00:58:01','9','','1','','','0','','1');
INSERT INTO `Productos` (`ID_Producto`,`Codigo`,`Nombre`,`Descripcion`,`N_Calzado`,`Marca`,`Foto1`,`Foto2`,`Foto3`,`Foto4`,`Foto5`,`item1`,`item2`,`item3`,`item4`,`item5`,`item6`,`item7`,`item8`,`item9`,`item10`,`PrecioVenta`,`PrecioCompra`,`Precio_Tachado`,`Existencia`,`ID_Sucursal`,`ID_Categoria`,`ID_SubCat`,`Fecha_Ingreso`,`ID_Proveedor`,`Importado`,`visto`,`Destacado`,`Online`,`can`,`cant`,`Calzado`) VALUES ('149','006245','','NIKE BLANCO FIUSHA MENTA','24.5','','lib/Productos/img/blitz_SN.png','','','','','','','','','','','','','','','430.00','215.00','','1','1','3','6','2023-06-02 01:03:57','9','','1','','','0','','1');
INSERT INTO `Productos` (`ID_Producto`,`Codigo`,`Nombre`,`Descripcion`,`N_Calzado`,`Marca`,`Foto1`,`Foto2`,`Foto3`,`Foto4`,`Foto5`,`item1`,`item2`,`item3`,`item4`,`item5`,`item6`,`item7`,`item8`,`item9`,`item10`,`PrecioVenta`,`PrecioCompra`,`Precio_Tachado`,`Existencia`,`ID_Sucursal`,`ID_Categoria`,`ID_SubCat`,`Fecha_Ingreso`,`ID_Proveedor`,`Importado`,`visto`,`Destacado`,`Online`,`can`,`cant`,`Calzado`) VALUES ('150','006250','','NIKE BLANCO FIUSHA MENTA','25','','lib/Productos/img/blitz_SN.png','','','','','','','','','','','','','','','430.00','215.00','','1','1','3','6','2023-06-02 01:04:31','9','','1','','','0','','1');
INSERT INTO `Productos` (`ID_Producto`,`Codigo`,`Nombre`,`Descripcion`,`N_Calzado`,`Marca`,`Foto1`,`Foto2`,`Foto3`,`Foto4`,`Foto5`,`item1`,`item2`,`item3`,`item4`,`item5`,`item6`,`item7`,`item8`,`item9`,`item10`,`PrecioVenta`,`PrecioCompra`,`Precio_Tachado`,`Existencia`,`ID_Sucursal`,`ID_Categoria`,`ID_SubCat`,`Fecha_Ingreso`,`ID_Proveedor`,`Importado`,`visto`,`Destacado`,`Online`,`can`,`cant`,`Calzado`) VALUES ('151','006255','','NIKE BLANCO FIUSHA MENTA','25.5','','lib/Productos/img/blitz_SN.png','','','','','','','','','','','','','','','430.00','215.00','','1','1','3','6','2023-06-02 01:05:19','9','','1','','','0','','1');
INSERT INTO `Productos` (`ID_Producto`,`Codigo`,`Nombre`,`Descripcion`,`N_Calzado`,`Marca`,`Foto1`,`Foto2`,`Foto3`,`Foto4`,`Foto5`,`item1`,`item2`,`item3`,`item4`,`item5`,`item6`,`item7`,`item8`,`item9`,`item10`,`PrecioVenta`,`PrecioCompra`,`Precio_Tachado`,`Existencia`,`ID_Sucursal`,`ID_Categoria`,`ID_SubCat`,`Fecha_Ingreso`,`ID_Proveedor`,`Importado`,`visto`,`Destacado`,`Online`,`can`,`cant`,`Calzado`) VALUES ('152','006260','','NIKE BLANCO FIUSHA MENTA','26','','lib/Productos/img/blitz_SN.png','','','','','','','','','','','','','','','430.00','215.00','','1','1','3','6','2023-06-02 01:05:48','9','','1','','','0','','1');
INSERT INTO `Productos` (`ID_Producto`,`Codigo`,`Nombre`,`Descripcion`,`N_Calzado`,`Marca`,`Foto1`,`Foto2`,`Foto3`,`Foto4`,`Foto5`,`item1`,`item2`,`item3`,`item4`,`item5`,`item6`,`item7`,`item8`,`item9`,`item10`,`PrecioVenta`,`PrecioCompra`,`Precio_Tachado`,`Existencia`,`ID_Sucursal`,`ID_Categoria`,`ID_SubCat`,`Fecha_Ingreso`,`ID_Proveedor`,`Importado`,`visto`,`Destacado`,`Online`,`can`,`cant`,`Calzado`) VALUES ('153','007235','','NEGRO BLANCO 229','23.5','','lib/Productos/img/blitz_SN.png','','','','','','','','','','','','','','','415.00','205.00','','1','1','3','6','2023-06-02 01:09:28','10','','1','','','0','','1');
INSERT INTO `Productos` (`ID_Producto`,`Codigo`,`Nombre`,`Descripcion`,`N_Calzado`,`Marca`,`Foto1`,`Foto2`,`Foto3`,`Foto4`,`Foto5`,`item1`,`item2`,`item3`,`item4`,`item5`,`item6`,`item7`,`item8`,`item9`,`item10`,`PrecioVenta`,`PrecioCompra`,`Precio_Tachado`,`Existencia`,`ID_Sucursal`,`ID_Categoria`,`ID_SubCat`,`Fecha_Ingreso`,`ID_Proveedor`,`Importado`,`visto`,`Destacado`,`Online`,`can`,`cant`,`Calzado`) VALUES ('154','007240','','NEGRO BLANCO 229','24','','lib/Productos/img/blitz_SN.png','','','','','','','','','','','','','','','415.00','205.00','','1','1','3','6','2023-06-02 01:10:42','10','','1','','','0','','1');
INSERT INTO `Productos` (`ID_Producto`,`Codigo`,`Nombre`,`Descripcion`,`N_Calzado`,`Marca`,`Foto1`,`Foto2`,`Foto3`,`Foto4`,`Foto5`,`item1`,`item2`,`item3`,`item4`,`item5`,`item6`,`item7`,`item8`,`item9`,`item10`,`PrecioVenta`,`PrecioCompra`,`Precio_Tachado`,`Existencia`,`ID_Sucursal`,`ID_Categoria`,`ID_SubCat`,`Fecha_Ingreso`,`ID_Proveedor`,`Importado`,`visto`,`Destacado`,`Online`,`can`,`cant`,`Calzado`) VALUES ('155','007245','','NEGRO BLANCO 229','24.5','','lib/Productos/img/blitz_SN.png','','','','','','','','','','','','','','','415.00','205.00','','1','1','3','6','2023-06-02 01:11:12','10','','1','','','0','','1');
INSERT INTO `Productos` (`ID_Producto`,`Codigo`,`Nombre`,`Descripcion`,`N_Calzado`,`Marca`,`Foto1`,`Foto2`,`Foto3`,`Foto4`,`Foto5`,`item1`,`item2`,`item3`,`item4`,`item5`,`item6`,`item7`,`item8`,`item9`,`item10`,`PrecioVenta`,`PrecioCompra`,`Precio_Tachado`,`Existencia`,`ID_Sucursal`,`ID_Categoria`,`ID_SubCat`,`Fecha_Ingreso`,`ID_Proveedor`,`Importado`,`visto`,`Destacado`,`Online`,`can`,`cant`,`Calzado`) VALUES ('156','007250','','NEGRO BLANCO 229','25','','lib/Productos/img/blitz_SN.png','','','','','','','','','','','','','','','415.00','205.00','','1','1','3','6','2023-06-02 01:13:20','10','','1','','','0','','1');
INSERT INTO `Productos` (`ID_Producto`,`Codigo`,`Nombre`,`Descripcion`,`N_Calzado`,`Marca`,`Foto1`,`Foto2`,`Foto3`,`Foto4`,`Foto5`,`item1`,`item2`,`item3`,`item4`,`item5`,`item6`,`item7`,`item8`,`item9`,`item10`,`PrecioVenta`,`PrecioCompra`,`Precio_Tachado`,`Existencia`,`ID_Sucursal`,`ID_Categoria`,`ID_SubCat`,`Fecha_Ingreso`,`ID_Proveedor`,`Importado`,`visto`,`Destacado`,`Online`,`can`,`cant`,`Calzado`) VALUES ('157','007255','','NEGRO BLANCO 229','25.5','','lib/Productos/img/blitz_SN.png','','','','','','','','','','','','','','','415.00','205.00','','1','1','3','6','2023-06-02 01:13:50','10','','1','','','0','','1');
INSERT INTO `Productos` (`ID_Producto`,`Codigo`,`Nombre`,`Descripcion`,`N_Calzado`,`Marca`,`Foto1`,`Foto2`,`Foto3`,`Foto4`,`Foto5`,`item1`,`item2`,`item3`,`item4`,`item5`,`item6`,`item7`,`item8`,`item9`,`item10`,`PrecioVenta`,`PrecioCompra`,`Precio_Tachado`,`Existencia`,`ID_Sucursal`,`ID_Categoria`,`ID_SubCat`,`Fecha_Ingreso`,`ID_Proveedor`,`Importado`,`visto`,`Destacado`,`Online`,`can`,`cant`,`Calzado`) VALUES ('158','007265','','NEGRO BLANCO 229','26.5','','lib/Productos/img/blitz_SN.png','','','','','','','','','','','','','','','415.00','205.00','','1','1','3','6','2023-06-02 01:14:24','10','','1','','','0','','1');
INSERT INTO `Productos` (`ID_Producto`,`Codigo`,`Nombre`,`Descripcion`,`N_Calzado`,`Marca`,`Foto1`,`Foto2`,`Foto3`,`Foto4`,`Foto5`,`item1`,`item2`,`item3`,`item4`,`item5`,`item6`,`item7`,`item8`,`item9`,`item10`,`PrecioVenta`,`PrecioCompra`,`Precio_Tachado`,`Existencia`,`ID_Sucursal`,`ID_Categoria`,`ID_SubCat`,`Fecha_Ingreso`,`ID_Proveedor`,`Importado`,`visto`,`Destacado`,`Online`,`can`,`cant`,`Calzado`) VALUES ('159','008235','','515 BLANCO NEGRO','23.5','','lib/Productos/img/blitz_SN.png','','','','','','','','','','','','','','','440.00','220.00','','0','1','3','6','2023-06-02 01:16:27','7','','1','','','0','','1');
INSERT INTO `Productos` (`ID_Producto`,`Codigo`,`Nombre`,`Descripcion`,`N_Calzado`,`Marca`,`Foto1`,`Foto2`,`Foto3`,`Foto4`,`Foto5`,`item1`,`item2`,`item3`,`item4`,`item5`,`item6`,`item7`,`item8`,`item9`,`item10`,`PrecioVenta`,`PrecioCompra`,`Precio_Tachado`,`Existencia`,`ID_Sucursal`,`ID_Categoria`,`ID_SubCat`,`Fecha_Ingreso`,`ID_Proveedor`,`Importado`,`visto`,`Destacado`,`Online`,`can`,`cant`,`Calzado`) VALUES ('160','008240','','515 BLANCO NEGRO','24','','lib/Productos/img/blitz_SN.png','','','','','','','','','','','','','','','440.00','220.00','','1','1','3','6','2023-06-02 01:17:08','7','','1','','','0','','1');
INSERT INTO `Productos` (`ID_Producto`,`Codigo`,`Nombre`,`Descripcion`,`N_Calzado`,`Marca`,`Foto1`,`Foto2`,`Foto3`,`Foto4`,`Foto5`,`item1`,`item2`,`item3`,`item4`,`item5`,`item6`,`item7`,`item8`,`item9`,`item10`,`PrecioVenta`,`PrecioCompra`,`Precio_Tachado`,`Existencia`,`ID_Sucursal`,`ID_Categoria`,`ID_SubCat`,`Fecha_Ingreso`,`ID_Proveedor`,`Importado`,`visto`,`Destacado`,`Online`,`can`,`cant`,`Calzado`) VALUES ('161','008245','','515 BLANCO NEGRO','24.5','','lib/Productos/img/blitz_SN.png','','','','','','','','','','','','','','','440.00','220.00','','1','1','3','6','2023-06-02 01:17:34','7','','1','','','0','','1');
INSERT INTO `Productos` (`ID_Producto`,`Codigo`,`Nombre`,`Descripcion`,`N_Calzado`,`Marca`,`Foto1`,`Foto2`,`Foto3`,`Foto4`,`Foto5`,`item1`,`item2`,`item3`,`item4`,`item5`,`item6`,`item7`,`item8`,`item9`,`item10`,`PrecioVenta`,`PrecioCompra`,`Precio_Tachado`,`Existencia`,`ID_Sucursal`,`ID_Categoria`,`ID_SubCat`,`Fecha_Ingreso`,`ID_Proveedor`,`Importado`,`visto`,`Destacado`,`Online`,`can`,`cant`,`Calzado`) VALUES ('162','008250','','515 BLANCO NEGRO','25','','lib/Productos/img/blitz_SN.png','','','','','','','','','','','','','','','440.00','220.00','','1','1','3','6','2023-06-02 01:18:00','7','','1','','','0','','1');
INSERT INTO `Productos` (`ID_Producto`,`Codigo`,`Nombre`,`Descripcion`,`N_Calzado`,`Marca`,`Foto1`,`Foto2`,`Foto3`,`Foto4`,`Foto5`,`item1`,`item2`,`item3`,`item4`,`item5`,`item6`,`item7`,`item8`,`item9`,`item10`,`PrecioVenta`,`PrecioCompra`,`Precio_Tachado`,`Existencia`,`ID_Sucursal`,`ID_Categoria`,`ID_SubCat`,`Fecha_Ingreso`,`ID_Proveedor`,`Importado`,`visto`,`Destacado`,`Online`,`can`,`cant`,`Calzado`) VALUES ('163','008255','','515 BLANCO NEGRO','25.5','','lib/Productos/img/blitz_SN.png','','','','','','','','','','','','','','','440.00','220.00','','1','1','3','6','2023-06-02 01:18:31','7','','1','','','0','','1');
INSERT INTO `Productos` (`ID_Producto`,`Codigo`,`Nombre`,`Descripcion`,`N_Calzado`,`Marca`,`Foto1`,`Foto2`,`Foto3`,`Foto4`,`Foto5`,`item1`,`item2`,`item3`,`item4`,`item5`,`item6`,`item7`,`item8`,`item9`,`item10`,`PrecioVenta`,`PrecioCompra`,`Precio_Tachado`,`Existencia`,`ID_Sucursal`,`ID_Categoria`,`ID_SubCat`,`Fecha_Ingreso`,`ID_Proveedor`,`Importado`,`visto`,`Destacado`,`Online`,`can`,`cant`,`Calzado`) VALUES ('164','008260','','515 BLANCO NEGRO','26','','lib/Productos/img/blitz_SN.png','','','','','','','','','','','','','','','440.00','220.00','','1','1','3','6','2023-06-02 01:19:10','7','','1','','','0','','1');
INSERT INTO `Productos` (`ID_Producto`,`Codigo`,`Nombre`,`Descripcion`,`N_Calzado`,`Marca`,`Foto1`,`Foto2`,`Foto3`,`Foto4`,`Foto5`,`item1`,`item2`,`item3`,`item4`,`item5`,`item6`,`item7`,`item8`,`item9`,`item10`,`PrecioVenta`,`PrecioCompra`,`Precio_Tachado`,`Existencia`,`ID_Sucursal`,`ID_Categoria`,`ID_SubCat`,`Fecha_Ingreso`,`ID_Proveedor`,`Importado`,`visto`,`Destacado`,`Online`,`can`,`cant`,`Calzado`) VALUES ('165','009235','','515 BLANCO TOTAL','23.5','','lib/Productos/img/blitz_SN.png','','','','','','','','','','','','','','','440.00','220.00','','1','1','3','6','2023-06-02 01:19:50','7','','1','','','0','','1');
INSERT INTO `Productos` (`ID_Producto`,`Codigo`,`Nombre`,`Descripcion`,`N_Calzado`,`Marca`,`Foto1`,`Foto2`,`Foto3`,`Foto4`,`Foto5`,`item1`,`item2`,`item3`,`item4`,`item5`,`item6`,`item7`,`item8`,`item9`,`item10`,`PrecioVenta`,`PrecioCompra`,`Precio_Tachado`,`Existencia`,`ID_Sucursal`,`ID_Categoria`,`ID_SubCat`,`Fecha_Ingreso`,`ID_Proveedor`,`Importado`,`visto`,`Destacado`,`Online`,`can`,`cant`,`Calzado`) VALUES ('166','009240','','515 BLANCO TOTAL','24','','lib/Productos/img/blitz_SN.png','','','','','','','','','','','','','','','440.00','220.00','','1','1','3','6','2023-06-02 01:20:18','7','','1','','','0','','1');
INSERT INTO `Productos` (`ID_Producto`,`Codigo`,`Nombre`,`Descripcion`,`N_Calzado`,`Marca`,`Foto1`,`Foto2`,`Foto3`,`Foto4`,`Foto5`,`item1`,`item2`,`item3`,`item4`,`item5`,`item6`,`item7`,`item8`,`item9`,`item10`,`PrecioVenta`,`PrecioCompra`,`Precio_Tachado`,`Existencia`,`ID_Sucursal`,`ID_Categoria`,`ID_SubCat`,`Fecha_Ingreso`,`ID_Proveedor`,`Importado`,`visto`,`Destacado`,`Online`,`can`,`cant`,`Calzado`) VALUES ('167','009245','','515 BLANCO TOTAL','24.5','','lib/Productos/img/blitz_SN.png','','','','','','','','','','','','','','','440.00','220.00','','1','1','3','6','2023-06-02 01:20:52','7','','1','','','0','','1');
INSERT INTO `Productos` (`ID_Producto`,`Codigo`,`Nombre`,`Descripcion`,`N_Calzado`,`Marca`,`Foto1`,`Foto2`,`Foto3`,`Foto4`,`Foto5`,`item1`,`item2`,`item3`,`item4`,`item5`,`item6`,`item7`,`item8`,`item9`,`item10`,`PrecioVenta`,`PrecioCompra`,`Precio_Tachado`,`Existencia`,`ID_Sucursal`,`ID_Categoria`,`ID_SubCat`,`Fecha_Ingreso`,`ID_Proveedor`,`Importado`,`visto`,`Destacado`,`Online`,`can`,`cant`,`Calzado`) VALUES ('168','009250','','515 BLANCO TOTAL','25','','lib/Productos/img/blitz_SN.png','','','','','','','','','','','','','','','440.00','220.00','','1','1','3','6','2023-06-02 01:21:26','7','','1','','','0','','1');
INSERT INTO `Productos` (`ID_Producto`,`Codigo`,`Nombre`,`Descripcion`,`N_Calzado`,`Marca`,`Foto1`,`Foto2`,`Foto3`,`Foto4`,`Foto5`,`item1`,`item2`,`item3`,`item4`,`item5`,`item6`,`item7`,`item8`,`item9`,`item10`,`PrecioVenta`,`PrecioCompra`,`Precio_Tachado`,`Existencia`,`ID_Sucursal`,`ID_Categoria`,`ID_SubCat`,`Fecha_Ingreso`,`ID_Proveedor`,`Importado`,`visto`,`Destacado`,`Online`,`can`,`cant`,`Calzado`) VALUES ('169','009255','','515 BLANCO TOTAL','25.5','','lib/Productos/img/blitz_SN.png','','','','','','','','','','','','','','','440.00','220.00','','1','1','3','6','2023-06-02 01:21:50','7','','1','','','0','','1');
INSERT INTO `Productos` (`ID_Producto`,`Codigo`,`Nombre`,`Descripcion`,`N_Calzado`,`Marca`,`Foto1`,`Foto2`,`Foto3`,`Foto4`,`Foto5`,`item1`,`item2`,`item3`,`item4`,`item5`,`item6`,`item7`,`item8`,`item9`,`item10`,`PrecioVenta`,`PrecioCompra`,`Precio_Tachado`,`Existencia`,`ID_Sucursal`,`ID_Categoria`,`ID_SubCat`,`Fecha_Ingreso`,`ID_Proveedor`,`Importado`,`visto`,`Destacado`,`Online`,`can`,`cant`,`Calzado`) VALUES ('170','009265','','515 BLANCO TOTAL','26.5','','lib/Productos/img/blitz_SN.png','','','','','','','','','','','','','','','440.00','220.00','','1','1','3','6','2023-06-02 01:22:20','7','','1','','','0','','1');
INSERT INTO `Productos` (`ID_Producto`,`Codigo`,`Nombre`,`Descripcion`,`N_Calzado`,`Marca`,`Foto1`,`Foto2`,`Foto3`,`Foto4`,`Foto5`,`item1`,`item2`,`item3`,`item4`,`item5`,`item6`,`item7`,`item8`,`item9`,`item10`,`PrecioVenta`,`PrecioCompra`,`Precio_Tachado`,`Existencia`,`ID_Sucursal`,`ID_Categoria`,`ID_SubCat`,`Fecha_Ingreso`,`ID_Proveedor`,`Importado`,`visto`,`Destacado`,`Online`,`can`,`cant`,`Calzado`) VALUES ('171','715260','','YORDAN BLANCO NEGRO','26','','lib/Productos/img/blitz_SN.png','','','','','','','','','','','','','','','450.00','220.00','','1','1','3','6','2023-06-02 01:30:56','9','','1','','','0','','1');
INSERT INTO `Productos` (`ID_Producto`,`Codigo`,`Nombre`,`Descripcion`,`N_Calzado`,`Marca`,`Foto1`,`Foto2`,`Foto3`,`Foto4`,`Foto5`,`item1`,`item2`,`item3`,`item4`,`item5`,`item6`,`item7`,`item8`,`item9`,`item10`,`PrecioVenta`,`PrecioCompra`,`Precio_Tachado`,`Existencia`,`ID_Sucursal`,`ID_Categoria`,`ID_SubCat`,`Fecha_Ingreso`,`ID_Proveedor`,`Importado`,`visto`,`Destacado`,`Online`,`can`,`cant`,`Calzado`) VALUES ('172','715270','','YORDAN BLANCO NEGRO','27','','lib/Productos/img/blitz_SN.png','','','','','','','','','','','','','','','450.00','220.00','','1270','1','3','6','2023-06-02 01:32:20','9','','1','','','0','','1');
INSERT INTO `Productos` (`ID_Producto`,`Codigo`,`Nombre`,`Descripcion`,`N_Calzado`,`Marca`,`Foto1`,`Foto2`,`Foto3`,`Foto4`,`Foto5`,`item1`,`item2`,`item3`,`item4`,`item5`,`item6`,`item7`,`item8`,`item9`,`item10`,`PrecioVenta`,`PrecioCompra`,`Precio_Tachado`,`Existencia`,`ID_Sucursal`,`ID_Categoria`,`ID_SubCat`,`Fecha_Ingreso`,`ID_Proveedor`,`Importado`,`visto`,`Destacado`,`Online`,`can`,`cant`,`Calzado`) VALUES ('173','715275','','YORDAN BLANCO NEGRO','27.5','','lib/Productos/img/blitz_SN.png','','','','','','','','','','','','','','','450.00','220.00','','1','1','3','6','2023-06-02 01:33:35','9','','1','','','0','','1');
INSERT INTO `Productos` (`ID_Producto`,`Codigo`,`Nombre`,`Descripcion`,`N_Calzado`,`Marca`,`Foto1`,`Foto2`,`Foto3`,`Foto4`,`Foto5`,`item1`,`item2`,`item3`,`item4`,`item5`,`item6`,`item7`,`item8`,`item9`,`item10`,`PrecioVenta`,`PrecioCompra`,`Precio_Tachado`,`Existencia`,`ID_Sucursal`,`ID_Categoria`,`ID_SubCat`,`Fecha_Ingreso`,`ID_Proveedor`,`Importado`,`visto`,`Destacado`,`Online`,`can`,`cant`,`Calzado`) VALUES ('174','715280','','YORDAN BLANCO NEGRO','28','','lib/Productos/img/blitz_SN.png','','','','','','','','','','','','','','','450.00','220.00','','1','1','3','6','2023-06-02 01:34:24','9','','1','','','0','','1');
INSERT INTO `Productos` (`ID_Producto`,`Codigo`,`Nombre`,`Descripcion`,`N_Calzado`,`Marca`,`Foto1`,`Foto2`,`Foto3`,`Foto4`,`Foto5`,`item1`,`item2`,`item3`,`item4`,`item5`,`item6`,`item7`,`item8`,`item9`,`item10`,`PrecioVenta`,`PrecioCompra`,`Precio_Tachado`,`Existencia`,`ID_Sucursal`,`ID_Categoria`,`ID_SubCat`,`Fecha_Ingreso`,`ID_Proveedor`,`Importado`,`visto`,`Destacado`,`Online`,`can`,`cant`,`Calzado`) VALUES ('175','715285','','YORDAN BLANCO NEGRO','28.5','','lib/Productos/img/blitz_SN.png','','','','','','','','','','','','','','','450.00','220.00','','1','1','3','6','2023-06-02 01:35:12','9','','1','','','0','','1');
INSERT INTO `Productos` (`ID_Producto`,`Codigo`,`Nombre`,`Descripcion`,`N_Calzado`,`Marca`,`Foto1`,`Foto2`,`Foto3`,`Foto4`,`Foto5`,`item1`,`item2`,`item3`,`item4`,`item5`,`item6`,`item7`,`item8`,`item9`,`item10`,`PrecioVenta`,`PrecioCompra`,`Precio_Tachado`,`Existencia`,`ID_Sucursal`,`ID_Categoria`,`ID_SubCat`,`Fecha_Ingreso`,`ID_Proveedor`,`Importado`,`visto`,`Destacado`,`Online`,`can`,`cant`,`Calzado`) VALUES ('176','715295','','YORDAN BLANCO NEGRO','29.5','','lib/Productos/img/blitz_SN.png','','','','','','','','','','','','','','','450.00','220.00','','1','1','3','6','2023-06-02 01:36:47','9','','1','','','0','','1');
INSERT INTO `Productos` (`ID_Producto`,`Codigo`,`Nombre`,`Descripcion`,`N_Calzado`,`Marca`,`Foto1`,`Foto2`,`Foto3`,`Foto4`,`Foto5`,`item1`,`item2`,`item3`,`item4`,`item5`,`item6`,`item7`,`item8`,`item9`,`item10`,`PrecioVenta`,`PrecioCompra`,`Precio_Tachado`,`Existencia`,`ID_Sucursal`,`ID_Categoria`,`ID_SubCat`,`Fecha_Ingreso`,`ID_Proveedor`,`Importado`,`visto`,`Destacado`,`Online`,`can`,`cant`,`Calzado`) VALUES ('177','001265','','NEGRO BLANCO','26.5','','lib/Productos/img/blitz_SN.png','','','','','','','','','','','','','','','370.00','185.00','','1','1','3','6','2023-06-02 01:38:08','12','','1','','','0','','1');
INSERT INTO `Productos` (`ID_Producto`,`Codigo`,`Nombre`,`Descripcion`,`N_Calzado`,`Marca`,`Foto1`,`Foto2`,`Foto3`,`Foto4`,`Foto5`,`item1`,`item2`,`item3`,`item4`,`item5`,`item6`,`item7`,`item8`,`item9`,`item10`,`PrecioVenta`,`PrecioCompra`,`Precio_Tachado`,`Existencia`,`ID_Sucursal`,`ID_Categoria`,`ID_SubCat`,`Fecha_Ingreso`,`ID_Proveedor`,`Importado`,`visto`,`Destacado`,`Online`,`can`,`cant`,`Calzado`) VALUES ('178','001270','','NEGRO BLANCO','27','','lib/Productos/img/blitz_SN.png','','','','','','','','','','','','','','','370.00','185.00','','1','1','3','6','2023-06-02 01:39:10','12','','1','','','0','','1');
INSERT INTO `Productos` (`ID_Producto`,`Codigo`,`Nombre`,`Descripcion`,`N_Calzado`,`Marca`,`Foto1`,`Foto2`,`Foto3`,`Foto4`,`Foto5`,`item1`,`item2`,`item3`,`item4`,`item5`,`item6`,`item7`,`item8`,`item9`,`item10`,`PrecioVenta`,`PrecioCompra`,`Precio_Tachado`,`Existencia`,`ID_Sucursal`,`ID_Categoria`,`ID_SubCat`,`Fecha_Ingreso`,`ID_Proveedor`,`Importado`,`visto`,`Destacado`,`Online`,`can`,`cant`,`Calzado`) VALUES ('179','001275','','NEGRO BLANCO','27.5','','lib/Productos/img/blitz_SN.png','','','','','','','','','','','','','','','370.00','185.00','','1','1','3','6','2023-06-02 01:41:04','12','','1','','','0','','1');
INSERT INTO `Productos` (`ID_Producto`,`Codigo`,`Nombre`,`Descripcion`,`N_Calzado`,`Marca`,`Foto1`,`Foto2`,`Foto3`,`Foto4`,`Foto5`,`item1`,`item2`,`item3`,`item4`,`item5`,`item6`,`item7`,`item8`,`item9`,`item10`,`PrecioVenta`,`PrecioCompra`,`Precio_Tachado`,`Existencia`,`ID_Sucursal`,`ID_Categoria`,`ID_SubCat`,`Fecha_Ingreso`,`ID_Proveedor`,`Importado`,`visto`,`Destacado`,`Online`,`can`,`cant`,`Calzado`) VALUES ('180','001280','','NEGRO BLANCO','28','','lib/Productos/img/blitz_SN.png','','','','','','','','','','','','','','','370.00','185.00','','1','1','3','6','2023-06-02 01:41:46','12','','1','','','0','','1');
INSERT INTO `Productos` (`ID_Producto`,`Codigo`,`Nombre`,`Descripcion`,`N_Calzado`,`Marca`,`Foto1`,`Foto2`,`Foto3`,`Foto4`,`Foto5`,`item1`,`item2`,`item3`,`item4`,`item5`,`item6`,`item7`,`item8`,`item9`,`item10`,`PrecioVenta`,`PrecioCompra`,`Precio_Tachado`,`Existencia`,`ID_Sucursal`,`ID_Categoria`,`ID_SubCat`,`Fecha_Ingreso`,`ID_Proveedor`,`Importado`,`visto`,`Destacado`,`Online`,`can`,`cant`,`Calzado`) VALUES ('181','001285','','NEGRO BLANCO','28.5','','lib/Productos/img/blitz_SN.png','','','','','','','','','','','','','','','370.00','185.00','','1','1','3','6','2023-06-02 01:42:37','12','','1','','','0','','1');
INSERT INTO `Productos` (`ID_Producto`,`Codigo`,`Nombre`,`Descripcion`,`N_Calzado`,`Marca`,`Foto1`,`Foto2`,`Foto3`,`Foto4`,`Foto5`,`item1`,`item2`,`item3`,`item4`,`item5`,`item6`,`item7`,`item8`,`item9`,`item10`,`PrecioVenta`,`PrecioCompra`,`Precio_Tachado`,`Existencia`,`ID_Sucursal`,`ID_Categoria`,`ID_SubCat`,`Fecha_Ingreso`,`ID_Proveedor`,`Importado`,`visto`,`Destacado`,`Online`,`can`,`cant`,`Calzado`) VALUES ('182','001295','','NEGRO BLANCO','29.5','','lib/Productos/img/blitz_SN.png','','','','','','','','','','','','','','','370.00','185.00','','1','1','3','6','2023-06-02 01:43:18','12','','1','','','0','','1');
INSERT INTO `Productos` (`ID_Producto`,`Codigo`,`Nombre`,`Descripcion`,`N_Calzado`,`Marca`,`Foto1`,`Foto2`,`Foto3`,`Foto4`,`Foto5`,`item1`,`item2`,`item3`,`item4`,`item5`,`item6`,`item7`,`item8`,`item9`,`item10`,`PrecioVenta`,`PrecioCompra`,`Precio_Tachado`,`Existencia`,`ID_Sucursal`,`ID_Categoria`,`ID_SubCat`,`Fecha_Ingreso`,`ID_Proveedor`,`Importado`,`visto`,`Destacado`,`Online`,`can`,`cant`,`Calzado`) VALUES ('184','0010270','','PUMA REY','27','','lib/Productos/img/blitz_SN.png','','','','','','','','','','','','','','','475.00','235.00','','13','1','3','6','2025-05-06 23:02:26','10','','1','','','0','','1');
INSERT INTO `Productos` (`ID_Producto`,`Codigo`,`Nombre`,`Descripcion`,`N_Calzado`,`Marca`,`Foto1`,`Foto2`,`Foto3`,`Foto4`,`Foto5`,`item1`,`item2`,`item3`,`item4`,`item5`,`item6`,`item7`,`item8`,`item9`,`item10`,`PrecioVenta`,`PrecioCompra`,`Precio_Tachado`,`Existencia`,`ID_Sucursal`,`ID_Categoria`,`ID_SubCat`,`Fecha_Ingreso`,`ID_Proveedor`,`Importado`,`visto`,`Destacado`,`Online`,`can`,`cant`,`Calzado`) VALUES ('185','0010275','','PUMA REY','27.5','','lib/Productos/img/blitz_SN.png','','','','','','','','','','','','','','','475.00','235.00','','1','1','3','6','2023-06-02 01:48:39','10','','1','','','0','','1');
INSERT INTO `Productos` (`ID_Producto`,`Codigo`,`Nombre`,`Descripcion`,`N_Calzado`,`Marca`,`Foto1`,`Foto2`,`Foto3`,`Foto4`,`Foto5`,`item1`,`item2`,`item3`,`item4`,`item5`,`item6`,`item7`,`item8`,`item9`,`item10`,`PrecioVenta`,`PrecioCompra`,`Precio_Tachado`,`Existencia`,`ID_Sucursal`,`ID_Categoria`,`ID_SubCat`,`Fecha_Ingreso`,`ID_Proveedor`,`Importado`,`visto`,`Destacado`,`Online`,`can`,`cant`,`Calzado`) VALUES ('186','0010280','','PUMA REY','28','','lib/Productos/img/blitz_SN.png','','','','','','','','','','','','','','','475.00','235.00','','1','1','3','6','2023-06-02 01:49:26','10','','1','','','0','','1');
INSERT INTO `Productos` (`ID_Producto`,`Codigo`,`Nombre`,`Descripcion`,`N_Calzado`,`Marca`,`Foto1`,`Foto2`,`Foto3`,`Foto4`,`Foto5`,`item1`,`item2`,`item3`,`item4`,`item5`,`item6`,`item7`,`item8`,`item9`,`item10`,`PrecioVenta`,`PrecioCompra`,`Precio_Tachado`,`Existencia`,`ID_Sucursal`,`ID_Categoria`,`ID_SubCat`,`Fecha_Ingreso`,`ID_Proveedor`,`Importado`,`visto`,`Destacado`,`Online`,`can`,`cant`,`Calzado`) VALUES ('187','0010285','','PUMA REY','28.5','','lib/Productos/img/blitz_SN.png','','','','','','','','','','','','','','','475.00','235.00','','1','1','3','6','2023-06-02 01:50:18','10','','1','','','0','','1');
INSERT INTO `Productos` (`ID_Producto`,`Codigo`,`Nombre`,`Descripcion`,`N_Calzado`,`Marca`,`Foto1`,`Foto2`,`Foto3`,`Foto4`,`Foto5`,`item1`,`item2`,`item3`,`item4`,`item5`,`item6`,`item7`,`item8`,`item9`,`item10`,`PrecioVenta`,`PrecioCompra`,`Precio_Tachado`,`Existencia`,`ID_Sucursal`,`ID_Categoria`,`ID_SubCat`,`Fecha_Ingreso`,`ID_Proveedor`,`Importado`,`visto`,`Destacado`,`Online`,`can`,`cant`,`Calzado`) VALUES ('188','0010290','','PUMA REY','29','','lib/Productos/img/blitz_SN.png','','','','','','','','','','','','','','','475.00','235.00','','1','1','3','6','2023-06-02 01:51:00','10','','1','','','0','','1');
INSERT INTO `Productos` (`ID_Producto`,`Codigo`,`Nombre`,`Descripcion`,`N_Calzado`,`Marca`,`Foto1`,`Foto2`,`Foto3`,`Foto4`,`Foto5`,`item1`,`item2`,`item3`,`item4`,`item5`,`item6`,`item7`,`item8`,`item9`,`item10`,`PrecioVenta`,`PrecioCompra`,`Precio_Tachado`,`Existencia`,`ID_Sucursal`,`ID_Categoria`,`ID_SubCat`,`Fecha_Ingreso`,`ID_Proveedor`,`Importado`,`visto`,`Destacado`,`Online`,`can`,`cant`,`Calzado`) VALUES ('189','0011260','','TOMY BLANCO TOTAL ','26','','lib/Productos/img/blitz_SN.png','','','','','','','','','','','','','','','415.00','205.00','','1','1','3','6','2023-06-02 01:55:55','11','','1','','','0','','1');
INSERT INTO `Productos` (`ID_Producto`,`Codigo`,`Nombre`,`Descripcion`,`N_Calzado`,`Marca`,`Foto1`,`Foto2`,`Foto3`,`Foto4`,`Foto5`,`item1`,`item2`,`item3`,`item4`,`item5`,`item6`,`item7`,`item8`,`item9`,`item10`,`PrecioVenta`,`PrecioCompra`,`Precio_Tachado`,`Existencia`,`ID_Sucursal`,`ID_Categoria`,`ID_SubCat`,`Fecha_Ingreso`,`ID_Proveedor`,`Importado`,`visto`,`Destacado`,`Online`,`can`,`cant`,`Calzado`) VALUES ('190','0011270','','TOMY BLANCO TOTAL','27','','lib/Productos/img/blitz_SN.png','','','','','','','','','','','','','','','415.00','205.00','','1','1','3','6','2023-06-02 01:57:17','11','','1','','','0','','1');
INSERT INTO `Productos` (`ID_Producto`,`Codigo`,`Nombre`,`Descripcion`,`N_Calzado`,`Marca`,`Foto1`,`Foto2`,`Foto3`,`Foto4`,`Foto5`,`item1`,`item2`,`item3`,`item4`,`item5`,`item6`,`item7`,`item8`,`item9`,`item10`,`PrecioVenta`,`PrecioCompra`,`Precio_Tachado`,`Existencia`,`ID_Sucursal`,`ID_Categoria`,`ID_SubCat`,`Fecha_Ingreso`,`ID_Proveedor`,`Importado`,`visto`,`Destacado`,`Online`,`can`,`cant`,`Calzado`) VALUES ('191','0011275','','TOMY BLANCO TOTAL','27.5','','lib/Productos/img/blitz_SN.png','','','','','','','','','','','','','','','415.00','205.00','','1','1','3','6','2023-06-02 02:03:09','11','','1','','','0','','1');
INSERT INTO `Productos` (`ID_Producto`,`Codigo`,`Nombre`,`Descripcion`,`N_Calzado`,`Marca`,`Foto1`,`Foto2`,`Foto3`,`Foto4`,`Foto5`,`item1`,`item2`,`item3`,`item4`,`item5`,`item6`,`item7`,`item8`,`item9`,`item10`,`PrecioVenta`,`PrecioCompra`,`Precio_Tachado`,`Existencia`,`ID_Sucursal`,`ID_Categoria`,`ID_SubCat`,`Fecha_Ingreso`,`ID_Proveedor`,`Importado`,`visto`,`Destacado`,`Online`,`can`,`cant`,`Calzado`) VALUES ('192','0011280','','TOMY BLANCO TOTAL','28','','lib/Productos/img/blitz_SN.png','','','','','','','','','','','','','','','415.00','205.00','','1','1','3','6','2023-06-02 02:04:02','11','','1','','','0','','1');
INSERT INTO `Productos` (`ID_Producto`,`Codigo`,`Nombre`,`Descripcion`,`N_Calzado`,`Marca`,`Foto1`,`Foto2`,`Foto3`,`Foto4`,`Foto5`,`item1`,`item2`,`item3`,`item4`,`item5`,`item6`,`item7`,`item8`,`item9`,`item10`,`PrecioVenta`,`PrecioCompra`,`Precio_Tachado`,`Existencia`,`ID_Sucursal`,`ID_Categoria`,`ID_SubCat`,`Fecha_Ingreso`,`ID_Proveedor`,`Importado`,`visto`,`Destacado`,`Online`,`can`,`cant`,`Calzado`) VALUES ('193','0011285','','TOMY BLANCO TOTAL','28.5','','lib/Productos/img/blitz_SN.png','','','','','','','','','','','','','','','415.00','205.00','','1','1','3','6','2023-06-02 02:04:38','11','','1','','','0','','1');
INSERT INTO `Productos` (`ID_Producto`,`Codigo`,`Nombre`,`Descripcion`,`N_Calzado`,`Marca`,`Foto1`,`Foto2`,`Foto3`,`Foto4`,`Foto5`,`item1`,`item2`,`item3`,`item4`,`item5`,`item6`,`item7`,`item8`,`item9`,`item10`,`PrecioVenta`,`PrecioCompra`,`Precio_Tachado`,`Existencia`,`ID_Sucursal`,`ID_Categoria`,`ID_SubCat`,`Fecha_Ingreso`,`ID_Proveedor`,`Importado`,`visto`,`Destacado`,`Online`,`can`,`cant`,`Calzado`) VALUES ('194','011295','','TOMY BLANCO TOTAL','29.5','','lib/Productos/img/blitz_SN.png','','','','','','','','','','','','','','','415.00','205.00','','1','1','3','6','2023-06-02 02:05:37','11','','1','','','0','','1');
INSERT INTO `Productos` (`ID_Producto`,`Codigo`,`Nombre`,`Descripcion`,`N_Calzado`,`Marca`,`Foto1`,`Foto2`,`Foto3`,`Foto4`,`Foto5`,`item1`,`item2`,`item3`,`item4`,`item5`,`item6`,`item7`,`item8`,`item9`,`item10`,`PrecioVenta`,`PrecioCompra`,`Precio_Tachado`,`Existencia`,`ID_Sucursal`,`ID_Categoria`,`ID_SubCat`,`Fecha_Ingreso`,`ID_Proveedor`,`Importado`,`visto`,`Destacado`,`Online`,`can`,`cant`,`Calzado`) VALUES ('195','351255','','BLANCO BLANCO','25.5','','lib/Productos/img/blitz_SN.png','','','','','','','','','','','','','','','450.00','225.00','','1','1','3','6','2023-06-02 02:07:30','7','','1','','','0','','1');
INSERT INTO `Productos` (`ID_Producto`,`Codigo`,`Nombre`,`Descripcion`,`N_Calzado`,`Marca`,`Foto1`,`Foto2`,`Foto3`,`Foto4`,`Foto5`,`item1`,`item2`,`item3`,`item4`,`item5`,`item6`,`item7`,`item8`,`item9`,`item10`,`PrecioVenta`,`PrecioCompra`,`Precio_Tachado`,`Existencia`,`ID_Sucursal`,`ID_Categoria`,`ID_SubCat`,`Fecha_Ingreso`,`ID_Proveedor`,`Importado`,`visto`,`Destacado`,`Online`,`can`,`cant`,`Calzado`) VALUES ('196','351260','','BLANCO BLANCO','26','','lib/Productos/img/blitz_SN.png','','','','','','','','','','','','','','','450.00','225.00','','1','1','3','6','2023-06-02 02:08:11','7','','1','','','0','','1');
INSERT INTO `Productos` (`ID_Producto`,`Codigo`,`Nombre`,`Descripcion`,`N_Calzado`,`Marca`,`Foto1`,`Foto2`,`Foto3`,`Foto4`,`Foto5`,`item1`,`item2`,`item3`,`item4`,`item5`,`item6`,`item7`,`item8`,`item9`,`item10`,`PrecioVenta`,`PrecioCompra`,`Precio_Tachado`,`Existencia`,`ID_Sucursal`,`ID_Categoria`,`ID_SubCat`,`Fecha_Ingreso`,`ID_Proveedor`,`Importado`,`visto`,`Destacado`,`Online`,`can`,`cant`,`Calzado`) VALUES ('197','351265','','BLANCO BLANCO','26.5','','lib/Productos/img/blitz_SN.png','','','','','','','','','','','','','','','450.00','225.00','','1','1','3','6','2023-06-02 02:09:32','7','','1','','','0','','1');
INSERT INTO `Productos` (`ID_Producto`,`Codigo`,`Nombre`,`Descripcion`,`N_Calzado`,`Marca`,`Foto1`,`Foto2`,`Foto3`,`Foto4`,`Foto5`,`item1`,`item2`,`item3`,`item4`,`item5`,`item6`,`item7`,`item8`,`item9`,`item10`,`PrecioVenta`,`PrecioCompra`,`Precio_Tachado`,`Existencia`,`ID_Sucursal`,`ID_Categoria`,`ID_SubCat`,`Fecha_Ingreso`,`ID_Proveedor`,`Importado`,`visto`,`Destacado`,`Online`,`can`,`cant`,`Calzado`) VALUES ('198','351270','','BLANCO BLANCO','27','','lib/Productos/img/blitz_SN.png','','','','','','','','','','','','','','','450.00','225.00','','1','1','3','6','2023-06-02 02:11:44','7','','1','','','0','','1');
INSERT INTO `Productos` (`ID_Producto`,`Codigo`,`Nombre`,`Descripcion`,`N_Calzado`,`Marca`,`Foto1`,`Foto2`,`Foto3`,`Foto4`,`Foto5`,`item1`,`item2`,`item3`,`item4`,`item5`,`item6`,`item7`,`item8`,`item9`,`item10`,`PrecioVenta`,`PrecioCompra`,`Precio_Tachado`,`Existencia`,`ID_Sucursal`,`ID_Categoria`,`ID_SubCat`,`Fecha_Ingreso`,`ID_Proveedor`,`Importado`,`visto`,`Destacado`,`Online`,`can`,`cant`,`Calzado`) VALUES ('199','351275','','BLANCO BLANCO','27.5','','lib/Productos/img/blitz_SN.png','','','','','','','','','','','','','','','450.00','225.00','','1','1','3','6','2023-06-02 02:12:39','7','','1','','','0','','1');
INSERT INTO `Productos` (`ID_Producto`,`Codigo`,`Nombre`,`Descripcion`,`N_Calzado`,`Marca`,`Foto1`,`Foto2`,`Foto3`,`Foto4`,`Foto5`,`item1`,`item2`,`item3`,`item4`,`item5`,`item6`,`item7`,`item8`,`item9`,`item10`,`PrecioVenta`,`PrecioCompra`,`Precio_Tachado`,`Existencia`,`ID_Sucursal`,`ID_Categoria`,`ID_SubCat`,`Fecha_Ingreso`,`ID_Proveedor`,`Importado`,`visto`,`Destacado`,`Online`,`can`,`cant`,`Calzado`) VALUES ('200','351285','','BLANCO BLANCO','28.5','','lib/Productos/img/blitz_SN.png','','','','','','','','','','','','','','','450.00','225.00','','1','1','3','6','2023-06-02 02:13:42','7','','1','','','0','','1');
INSERT INTO `Productos` (`ID_Producto`,`Codigo`,`Nombre`,`Descripcion`,`N_Calzado`,`Marca`,`Foto1`,`Foto2`,`Foto3`,`Foto4`,`Foto5`,`item1`,`item2`,`item3`,`item4`,`item5`,`item6`,`item7`,`item8`,`item9`,`item10`,`PrecioVenta`,`PrecioCompra`,`Precio_Tachado`,`Existencia`,`ID_Sucursal`,`ID_Categoria`,`ID_SubCat`,`Fecha_Ingreso`,`ID_Proveedor`,`Importado`,`visto`,`Destacado`,`Online`,`can`,`cant`,`Calzado`) VALUES ('201','0012255','','YORDAN ROJO','25.5','','lib/Productos/img/blitz_SN.png','','','','','','','','','','','','','','','460.00','230.00','','1','1','3','6','2023-06-02 02:21:48','9','','1','','','0','','1');
INSERT INTO `Productos` (`ID_Producto`,`Codigo`,`Nombre`,`Descripcion`,`N_Calzado`,`Marca`,`Foto1`,`Foto2`,`Foto3`,`Foto4`,`Foto5`,`item1`,`item2`,`item3`,`item4`,`item5`,`item6`,`item7`,`item8`,`item9`,`item10`,`PrecioVenta`,`PrecioCompra`,`Precio_Tachado`,`Existencia`,`ID_Sucursal`,`ID_Categoria`,`ID_SubCat`,`Fecha_Ingreso`,`ID_Proveedor`,`Importado`,`visto`,`Destacado`,`Online`,`can`,`cant`,`Calzado`) VALUES ('202','0012260','','YORDAN ROJO','26','','lib/Productos/img/blitz_SN.png','','','','','','','','','','','','','','','460.00','230.00','','1','1','3','6','2023-06-02 02:22:52','9','','1','','','0','','1');
INSERT INTO `Productos` (`ID_Producto`,`Codigo`,`Nombre`,`Descripcion`,`N_Calzado`,`Marca`,`Foto1`,`Foto2`,`Foto3`,`Foto4`,`Foto5`,`item1`,`item2`,`item3`,`item4`,`item5`,`item6`,`item7`,`item8`,`item9`,`item10`,`PrecioVenta`,`PrecioCompra`,`Precio_Tachado`,`Existencia`,`ID_Sucursal`,`ID_Categoria`,`ID_SubCat`,`Fecha_Ingreso`,`ID_Proveedor`,`Importado`,`visto`,`Destacado`,`Online`,`can`,`cant`,`Calzado`) VALUES ('203','0012265','','YORDAN ROJO','26.5','','lib/Productos/img/blitz_SN.png','','','','','','','','','','','','','','','460.00','230.00','','1','1','3','6','2023-06-02 02:23:28','9','','1','','','0','','1');
INSERT INTO `Productos` (`ID_Producto`,`Codigo`,`Nombre`,`Descripcion`,`N_Calzado`,`Marca`,`Foto1`,`Foto2`,`Foto3`,`Foto4`,`Foto5`,`item1`,`item2`,`item3`,`item4`,`item5`,`item6`,`item7`,`item8`,`item9`,`item10`,`PrecioVenta`,`PrecioCompra`,`Precio_Tachado`,`Existencia`,`ID_Sucursal`,`ID_Categoria`,`ID_SubCat`,`Fecha_Ingreso`,`ID_Proveedor`,`Importado`,`visto`,`Destacado`,`Online`,`can`,`cant`,`Calzado`) VALUES ('204','0012270','','YORDAN ROJO','27','','lib/Productos/img/blitz_SN.png','','','','','','','','','','','','','','','460.00','230.00','','1','1','3','6','2023-06-02 02:24:05','9','','1','','','0','','1');
INSERT INTO `Productos` (`ID_Producto`,`Codigo`,`Nombre`,`Descripcion`,`N_Calzado`,`Marca`,`Foto1`,`Foto2`,`Foto3`,`Foto4`,`Foto5`,`item1`,`item2`,`item3`,`item4`,`item5`,`item6`,`item7`,`item8`,`item9`,`item10`,`PrecioVenta`,`PrecioCompra`,`Precio_Tachado`,`Existencia`,`ID_Sucursal`,`ID_Categoria`,`ID_SubCat`,`Fecha_Ingreso`,`ID_Proveedor`,`Importado`,`visto`,`Destacado`,`Online`,`can`,`cant`,`Calzado`) VALUES ('205','0012275','','YORDAN ROJO','27.5','','lib/Productos/img/blitz_SN.png','','','','','','','','','','','','','','','460.00','230.00','','1','1','3','6','2023-06-02 02:24:50','9','','1','','','0','','1');
INSERT INTO `Productos` (`ID_Producto`,`Codigo`,`Nombre`,`Descripcion`,`N_Calzado`,`Marca`,`Foto1`,`Foto2`,`Foto3`,`Foto4`,`Foto5`,`item1`,`item2`,`item3`,`item4`,`item5`,`item6`,`item7`,`item8`,`item9`,`item10`,`PrecioVenta`,`PrecioCompra`,`Precio_Tachado`,`Existencia`,`ID_Sucursal`,`ID_Categoria`,`ID_SubCat`,`Fecha_Ingreso`,`ID_Proveedor`,`Importado`,`visto`,`Destacado`,`Online`,`can`,`cant`,`Calzado`) VALUES ('206','0012280','','YORDAN ROJO','28','','lib/Productos/img/blitz_SN.png','','','','','','','','','','','','','','','460.00','230.00','','1','1','3','6','2023-06-02 02:25:27','9','','1','','','0','','1');
INSERT INTO `Productos` (`ID_Producto`,`Codigo`,`Nombre`,`Descripcion`,`N_Calzado`,`Marca`,`Foto1`,`Foto2`,`Foto3`,`Foto4`,`Foto5`,`item1`,`item2`,`item3`,`item4`,`item5`,`item6`,`item7`,`item8`,`item9`,`item10`,`PrecioVenta`,`PrecioCompra`,`Precio_Tachado`,`Existencia`,`ID_Sucursal`,`ID_Categoria`,`ID_SubCat`,`Fecha_Ingreso`,`ID_Proveedor`,`Importado`,`visto`,`Destacado`,`Online`,`can`,`cant`,`Calzado`) VALUES ('207','505260','','NIKE BLANCO','26','','lib/Productos/img/blitz_SN.png','','','','','','','','','','','','','','','410.00','200.00','','1','1','3','6','2023-06-02 02:26:25','9','','1','','','0','','1');
INSERT INTO `Productos` (`ID_Producto`,`Codigo`,`Nombre`,`Descripcion`,`N_Calzado`,`Marca`,`Foto1`,`Foto2`,`Foto3`,`Foto4`,`Foto5`,`item1`,`item2`,`item3`,`item4`,`item5`,`item6`,`item7`,`item8`,`item9`,`item10`,`PrecioVenta`,`PrecioCompra`,`Precio_Tachado`,`Existencia`,`ID_Sucursal`,`ID_Categoria`,`ID_SubCat`,`Fecha_Ingreso`,`ID_Proveedor`,`Importado`,`visto`,`Destacado`,`Online`,`can`,`cant`,`Calzado`) VALUES ('209','505270','','NIKE BLANCO','27','','lib/Productos/img/blitz_SN.png','','','','','','','','','','','','','','','410.00','200.00','','1','1','3','6','2023-06-02 02:27:43','9','','1','','','0','','1');
INSERT INTO `Productos` (`ID_Producto`,`Codigo`,`Nombre`,`Descripcion`,`N_Calzado`,`Marca`,`Foto1`,`Foto2`,`Foto3`,`Foto4`,`Foto5`,`item1`,`item2`,`item3`,`item4`,`item5`,`item6`,`item7`,`item8`,`item9`,`item10`,`PrecioVenta`,`PrecioCompra`,`Precio_Tachado`,`Existencia`,`ID_Sucursal`,`ID_Categoria`,`ID_SubCat`,`Fecha_Ingreso`,`ID_Proveedor`,`Importado`,`visto`,`Destacado`,`Online`,`can`,`cant`,`Calzado`) VALUES ('210','505275','','NIKE BLANCO','27.5','','lib/Productos/img/blitz_SN.png','','','','','','','','','','','','','','','410.00','200.00','','1','1','3','6','2023-06-02 02:28:15','9','','1','','','0','','1');
INSERT INTO `Productos` (`ID_Producto`,`Codigo`,`Nombre`,`Descripcion`,`N_Calzado`,`Marca`,`Foto1`,`Foto2`,`Foto3`,`Foto4`,`Foto5`,`item1`,`item2`,`item3`,`item4`,`item5`,`item6`,`item7`,`item8`,`item9`,`item10`,`PrecioVenta`,`PrecioCompra`,`Precio_Tachado`,`Existencia`,`ID_Sucursal`,`ID_Categoria`,`ID_SubCat`,`Fecha_Ingreso`,`ID_Proveedor`,`Importado`,`visto`,`Destacado`,`Online`,`can`,`cant`,`Calzado`) VALUES ('211','505280','','NIKE BLANCO','28','','lib/Productos/img/blitz_SN.png','','','','','','','','','','','','','','','410.00','200.00','','1','1','3','6','2023-06-02 02:29:10','9','','1','','','0','','1');
INSERT INTO `Productos` (`ID_Producto`,`Codigo`,`Nombre`,`Descripcion`,`N_Calzado`,`Marca`,`Foto1`,`Foto2`,`Foto3`,`Foto4`,`Foto5`,`item1`,`item2`,`item3`,`item4`,`item5`,`item6`,`item7`,`item8`,`item9`,`item10`,`PrecioVenta`,`PrecioCompra`,`Precio_Tachado`,`Existencia`,`ID_Sucursal`,`ID_Categoria`,`ID_SubCat`,`Fecha_Ingreso`,`ID_Proveedor`,`Importado`,`visto`,`Destacado`,`Online`,`can`,`cant`,`Calzado`) VALUES ('212','505285','','NIKE BLANCO','28.5','','lib/Productos/img/blitz_SN.png','','','','','','','','','','','','','','','410.00','200.00','','1','1','3','6','2023-06-02 02:29:44','9','','1','','','0','','1');
INSERT INTO `Productos` (`ID_Producto`,`Codigo`,`Nombre`,`Descripcion`,`N_Calzado`,`Marca`,`Foto1`,`Foto2`,`Foto3`,`Foto4`,`Foto5`,`item1`,`item2`,`item3`,`item4`,`item5`,`item6`,`item7`,`item8`,`item9`,`item10`,`PrecioVenta`,`PrecioCompra`,`Precio_Tachado`,`Existencia`,`ID_Sucursal`,`ID_Categoria`,`ID_SubCat`,`Fecha_Ingreso`,`ID_Proveedor`,`Importado`,`visto`,`Destacado`,`Online`,`can`,`cant`,`Calzado`) VALUES ('213','505290','','NIKE BLANCO','29','','lib/Productos/img/blitz_SN.png','','','','','','','','','','','','','','','410.00','200.00','','0','1','3','6','2023-06-02 02:30:24','9','','1','','','0','','1');
INSERT INTO `Productos` (`ID_Producto`,`Codigo`,`Nombre`,`Descripcion`,`N_Calzado`,`Marca`,`Foto1`,`Foto2`,`Foto3`,`Foto4`,`Foto5`,`item1`,`item2`,`item3`,`item4`,`item5`,`item6`,`item7`,`item8`,`item9`,`item10`,`PrecioVenta`,`PrecioCompra`,`Precio_Tachado`,`Existencia`,`ID_Sucursal`,`ID_Categoria`,`ID_SubCat`,`Fecha_Ingreso`,`ID_Proveedor`,`Importado`,`visto`,`Destacado`,`Online`,`can`,`cant`,`Calzado`) VALUES ('215','191','','PANTALON LICRA NEGRO SPORT T M','','','lib/Productos/img/blitz_SN.png','','','','','','','','','','','','','','','295.00','153.00','','1','1','2','6','2023-06-02 02:49:53','5','','1','','','0','','0');
INSERT INTO `Productos` (`ID_Producto`,`Codigo`,`Nombre`,`Descripcion`,`N_Calzado`,`Marca`,`Foto1`,`Foto2`,`Foto3`,`Foto4`,`Foto5`,`item1`,`item2`,`item3`,`item4`,`item5`,`item6`,`item7`,`item8`,`item9`,`item10`,`PrecioVenta`,`PrecioCompra`,`Precio_Tachado`,`Existencia`,`ID_Sucursal`,`ID_Categoria`,`ID_SubCat`,`Fecha_Ingreso`,`ID_Proveedor`,`Importado`,`visto`,`Destacado`,`Online`,`can`,`cant`,`Calzado`) VALUES ('216','315','','PLAYERA NEGRO MANGA LARGA T.M','','','lib/Productos/img/blitz_SN.png','','','','','','','','','','','','','','','435.00','215.00','','1','1','1','6','2023-06-02 02:53:42','5','','1','','','0','','0');
INSERT INTO `Productos` (`ID_Producto`,`Codigo`,`Nombre`,`Descripcion`,`N_Calzado`,`Marca`,`Foto1`,`Foto2`,`Foto3`,`Foto4`,`Foto5`,`item1`,`item2`,`item3`,`item4`,`item5`,`item6`,`item7`,`item8`,`item9`,`item10`,`PrecioVenta`,`PrecioCompra`,`Precio_Tachado`,`Existencia`,`ID_Sucursal`,`ID_Categoria`,`ID_SubCat`,`Fecha_Ingreso`,`ID_Proveedor`,`Importado`,`visto`,`Destacado`,`Online`,`can`,`cant`,`Calzado`) VALUES ('217','180','','PANTALON LICRA BLANCO T.S','','','lib/Productos/img/blitz_SN.png','','','','','','','','','','','','','','','290.20','148.00','','1','1','2','6','2023-06-02 02:54:57','5','','1','','','0','','0');
INSERT INTO `Productos` (`ID_Producto`,`Codigo`,`Nombre`,`Descripcion`,`N_Calzado`,`Marca`,`Foto1`,`Foto2`,`Foto3`,`Foto4`,`Foto5`,`item1`,`item2`,`item3`,`item4`,`item5`,`item6`,`item7`,`item8`,`item9`,`item10`,`PrecioVenta`,`PrecioCompra`,`Precio_Tachado`,`Existencia`,`ID_Sucursal`,`ID_Categoria`,`ID_SubCat`,`Fecha_Ingreso`,`ID_Proveedor`,`Importado`,`visto`,`Destacado`,`Online`,`can`,`cant`,`Calzado`) VALUES ('218','280','','CAMISA BLANCO T.S','','','lib/Productos/img/blitz_SN.png','','','','','','','','','','','','','','','370.00','191.00','','1','1','1','6','2023-06-02 02:55:54','5','','1','','','0','','0');
INSERT INTO `Productos` (`ID_Producto`,`Codigo`,`Nombre`,`Descripcion`,`N_Calzado`,`Marca`,`Foto1`,`Foto2`,`Foto3`,`Foto4`,`Foto5`,`item1`,`item2`,`item3`,`item4`,`item5`,`item6`,`item7`,`item8`,`item9`,`item10`,`PrecioVenta`,`PrecioCompra`,`Precio_Tachado`,`Existencia`,`ID_Sucursal`,`ID_Categoria`,`ID_SubCat`,`Fecha_Ingreso`,`ID_Proveedor`,`Importado`,`visto`,`Destacado`,`Online`,`can`,`cant`,`Calzado`) VALUES ('219','1800','Ptoducto muestra','BLUSA NEGRO GRIS TALLA S','','','lib/Productos/img/219/4u36ktors1la1.png','lib/Productos/img/219/cd.png','lib/Productos/img/blitz_SN.png','lib/Productos/img/blitz_SN.png','lib/Productos/img/blitz_SN.png','','','','','','','','','','','295.00','123.00','455.00','1','1','1','3','2023-06-02 17:31:53','5','','1','SI','1','0','','1');
INSERT INTO `Productos` (`ID_Producto`,`Codigo`,`Nombre`,`Descripcion`,`N_Calzado`,`Marca`,`Foto1`,`Foto2`,`Foto3`,`Foto4`,`Foto5`,`item1`,`item2`,`item3`,`item4`,`item5`,`item6`,`item7`,`item8`,`item9`,`item10`,`PrecioVenta`,`PrecioCompra`,`Precio_Tachado`,`Existencia`,`ID_Sucursal`,`ID_Categoria`,`ID_SubCat`,`Fecha_Ingreso`,`ID_Proveedor`,`Importado`,`visto`,`Destacado`,`Online`,`can`,`cant`,`Calzado`) VALUES ('220','253','','SHORTS VERDE MILITAR TALLA S ','','','lib/Productos/img/blitz_SN.png','','','','','','','','','','','','','','','355.00','203.00','','1','1','2','6','2023-06-02 17:33:28','5','','1','','','0','','0');
INSERT INTO `Productos` (`ID_Producto`,`Codigo`,`Nombre`,`Descripcion`,`N_Calzado`,`Marca`,`Foto1`,`Foto2`,`Foto3`,`Foto4`,`Foto5`,`item1`,`item2`,`item3`,`item4`,`item5`,`item6`,`item7`,`item8`,`item9`,`item10`,`PrecioVenta`,`PrecioCompra`,`Precio_Tachado`,`Existencia`,`ID_Sucursal`,`ID_Categoria`,`ID_SubCat`,`Fecha_Ingreso`,`ID_Proveedor`,`Importado`,`visto`,`Destacado`,`Online`,`can`,`cant`,`Calzado`) VALUES ('221','232','','PANTALON LICRA CAMUFLAJE TALLA S','','','lib/Productos/img/blitz_SN.png','','','','','','','','','','','','','','','315.00','158.00','','1','1','2','6','2023-06-02 17:34:42','5','','1','','','0','','0');
INSERT INTO `Productos` (`ID_Producto`,`Codigo`,`Nombre`,`Descripcion`,`N_Calzado`,`Marca`,`Foto1`,`Foto2`,`Foto3`,`Foto4`,`Foto5`,`item1`,`item2`,`item3`,`item4`,`item5`,`item6`,`item7`,`item8`,`item9`,`item10`,`PrecioVenta`,`PrecioCompra`,`Precio_Tachado`,`Existencia`,`ID_Sucursal`,`ID_Categoria`,`ID_SubCat`,`Fecha_Ingreso`,`ID_Proveedor`,`Importado`,`visto`,`Destacado`,`Online`,`can`,`cant`,`Calzado`) VALUES ('222','383','','SUETER GRIS TALLA MEDIANA ','','','lib/Productos/img/blitz_SN.png','','','','','','','','','','','','','','','470.00','261.00','','1','1','1','6','2023-06-02 17:36:03','5','','1','','','0','','0');
INSERT INTO `Productos` (`ID_Producto`,`Codigo`,`Nombre`,`Descripcion`,`N_Calzado`,`Marca`,`Foto1`,`Foto2`,`Foto3`,`Foto4`,`Foto5`,`item1`,`item2`,`item3`,`item4`,`item5`,`item6`,`item7`,`item8`,`item9`,`item10`,`PrecioVenta`,`PrecioCompra`,`Precio_Tachado`,`Existencia`,`ID_Sucursal`,`ID_Categoria`,`ID_SubCat`,`Fecha_Ingreso`,`ID_Proveedor`,`Importado`,`visto`,`Destacado`,`Online`,`can`,`cant`,`Calzado`) VALUES ('223','181','','BLUSA TURQUESA TALLA S ','','','lib/Productos/img/blitz_SN.png','','','','','','','','','','','','','','','295.00','123.00','','1','1','1','6','2023-06-02 17:37:34','5','','1','','','0','','0');
INSERT INTO `Productos` (`ID_Producto`,`Codigo`,`Nombre`,`Descripcion`,`N_Calzado`,`Marca`,`Foto1`,`Foto2`,`Foto3`,`Foto4`,`Foto5`,`item1`,`item2`,`item3`,`item4`,`item5`,`item6`,`item7`,`item8`,`item9`,`item10`,`PrecioVenta`,`PrecioCompra`,`Precio_Tachado`,`Existencia`,`ID_Sucursal`,`ID_Categoria`,`ID_SubCat`,`Fecha_Ingreso`,`ID_Proveedor`,`Importado`,`visto`,`Destacado`,`Online`,`can`,`cant`,`Calzado`) VALUES ('224','254','','CAMISA NEGRA MANGA CORTA TALLA M','','','lib/Productos/img/blitz_SN.png','','','','','','','','','','','','','','','350.00','173.00','','1','1','2','6','2023-06-02 17:38:57','5','','1','','','0','','0');
INSERT INTO `Productos` (`ID_Producto`,`Codigo`,`Nombre`,`Descripcion`,`N_Calzado`,`Marca`,`Foto1`,`Foto2`,`Foto3`,`Foto4`,`Foto5`,`item1`,`item2`,`item3`,`item4`,`item5`,`item6`,`item7`,`item8`,`item9`,`item10`,`PrecioVenta`,`PrecioCompra`,`Precio_Tachado`,`Existencia`,`ID_Sucursal`,`ID_Categoria`,`ID_SubCat`,`Fecha_Ingreso`,`ID_Proveedor`,`Importado`,`visto`,`Destacado`,`Online`,`can`,`cant`,`Calzado`) VALUES ('225','182','','SHORTS CAMUFLAJE TALLA M','','','lib/Productos/img/blitz_SN.png','','','','','','','','','','','','','','','250.00','153.00','','1','1','2','6','2023-06-02 17:40:25','5','','1','','','0','','0');
INSERT INTO `Productos` (`ID_Producto`,`Codigo`,`Nombre`,`Descripcion`,`N_Calzado`,`Marca`,`Foto1`,`Foto2`,`Foto3`,`Foto4`,`Foto5`,`item1`,`item2`,`item3`,`item4`,`item5`,`item6`,`item7`,`item8`,`item9`,`item10`,`PrecioVenta`,`PrecioCompra`,`Precio_Tachado`,`Existencia`,`ID_Sucursal`,`ID_Categoria`,`ID_SubCat`,`Fecha_Ingreso`,`ID_Proveedor`,`Importado`,`visto`,`Destacado`,`Online`,`can`,`cant`,`Calzado`) VALUES ('226','272','','CAMISA MANGA LARGA, MANGA TIPO CAMUFLAJE TALLA M','','','lib/Productos/img/blitz_SN.png','','','','','','','','','','','','','','','350.00','185.00','','1','1','2','6','2023-06-02 17:42:19','5','','1','','','0','','0');
INSERT INTO `Productos` (`ID_Producto`,`Codigo`,`Nombre`,`Descripcion`,`N_Calzado`,`Marca`,`Foto1`,`Foto2`,`Foto3`,`Foto4`,`Foto5`,`item1`,`item2`,`item3`,`item4`,`item5`,`item6`,`item7`,`item8`,`item9`,`item10`,`PrecioVenta`,`PrecioCompra`,`Precio_Tachado`,`Existencia`,`ID_Sucursal`,`ID_Categoria`,`ID_SubCat`,`Fecha_Ingreso`,`ID_Proveedor`,`Importado`,`visto`,`Destacado`,`Online`,`can`,`cant`,`Calzado`) VALUES ('227','217','','SHORTS GRIS TALLA S','','','lib/Productos/img/blitz_SN.png','','','','','','','','','','','','','','','350.00','148.00','','1','1','2','6','2023-06-02 17:45:26','5','','1','','','0','','0');
INSERT INTO `Productos` (`ID_Producto`,`Codigo`,`Nombre`,`Descripcion`,`N_Calzado`,`Marca`,`Foto1`,`Foto2`,`Foto3`,`Foto4`,`Foto5`,`item1`,`item2`,`item3`,`item4`,`item5`,`item6`,`item7`,`item8`,`item9`,`item10`,`PrecioVenta`,`PrecioCompra`,`Precio_Tachado`,`Existencia`,`ID_Sucursal`,`ID_Categoria`,`ID_SubCat`,`Fecha_Ingreso`,`ID_Proveedor`,`Importado`,`visto`,`Destacado`,`Online`,`can`,`cant`,`Calzado`) VALUES ('228','190','','PANTALON NEGRO ROJO LICRA TALLA MEDIANA','','','lib/Productos/img/blitz_SN.png','','','','','','','','','','','','','','','295.00','153.00','','1','1','2','6','2023-06-02 17:47:23','5','','1','','','0','','0');
INSERT INTO `Productos` (`ID_Producto`,`Codigo`,`Nombre`,`Descripcion`,`N_Calzado`,`Marca`,`Foto1`,`Foto2`,`Foto3`,`Foto4`,`Foto5`,`item1`,`item2`,`item3`,`item4`,`item5`,`item6`,`item7`,`item8`,`item9`,`item10`,`PrecioVenta`,`PrecioCompra`,`Precio_Tachado`,`Existencia`,`ID_Sucursal`,`ID_Categoria`,`ID_SubCat`,`Fecha_Ingreso`,`ID_Proveedor`,`Importado`,`visto`,`Destacado`,`Online`,`can`,`cant`,`Calzado`) VALUES ('229','147','','SHORTS ROJO TALLA M','','','lib/Productos/img/blitz_SN.png','','','','','','','','','','','','','','','250.00','118.00','','0','1','2','6','2023-06-02 17:48:28','5','','1','','','0','','0');
INSERT INTO `Productos` (`ID_Producto`,`Codigo`,`Nombre`,`Descripcion`,`N_Calzado`,`Marca`,`Foto1`,`Foto2`,`Foto3`,`Foto4`,`Foto5`,`item1`,`item2`,`item3`,`item4`,`item5`,`item6`,`item7`,`item8`,`item9`,`item10`,`PrecioVenta`,`PrecioCompra`,`Precio_Tachado`,`Existencia`,`ID_Sucursal`,`ID_Categoria`,`ID_SubCat`,`Fecha_Ingreso`,`ID_Proveedor`,`Importado`,`visto`,`Destacado`,`Online`,`can`,`cant`,`Calzado`) VALUES ('230','200','','TOBILLERA NEGRO MEDIANO ','20','','lib/Productos/img/blitz_SN.png','','','','','','','','','','','','','','','195.00','125.00','','1','1','3','6','2023-06-02 17:50:12','5','','1','','','0','','1');
INSERT INTO `Productos` (`ID_Producto`,`Codigo`,`Nombre`,`Descripcion`,`N_Calzado`,`Marca`,`Foto1`,`Foto2`,`Foto3`,`Foto4`,`Foto5`,`item1`,`item2`,`item3`,`item4`,`item5`,`item6`,`item7`,`item8`,`item9`,`item10`,`PrecioVenta`,`PrecioCompra`,`Precio_Tachado`,`Existencia`,`ID_Sucursal`,`ID_Categoria`,`ID_SubCat`,`Fecha_Ingreso`,`ID_Proveedor`,`Importado`,`visto`,`Destacado`,`Online`,`can`,`cant`,`Calzado`) VALUES ('231','240','','TOBILLERA SENCILLO MEDIANO','','','lib/Productos/img/blitz_SN.png','','','','','','','','','','','','','','','150.00','95.00','','1','1','4','6','2023-06-02 18:04:58','5','','1','','','0','','0');
INSERT INTO `Productos` (`ID_Producto`,`Codigo`,`Nombre`,`Descripcion`,`N_Calzado`,`Marca`,`Foto1`,`Foto2`,`Foto3`,`Foto4`,`Foto5`,`item1`,`item2`,`item3`,`item4`,`item5`,`item6`,`item7`,`item8`,`item9`,`item10`,`PrecioVenta`,`PrecioCompra`,`Precio_Tachado`,`Existencia`,`ID_Sucursal`,`ID_Categoria`,`ID_SubCat`,`Fecha_Ingreso`,`ID_Proveedor`,`Importado`,`visto`,`Destacado`,`Online`,`can`,`cant`,`Calzado`) VALUES ('232','PS0912001','','BANDA ELASTICA ECONOMICA ','','','lib/Productos/img/blitz_SN.png','','','','','','','','','','','','','','','25.00','11.00','0.00','5','1','4','6','2023-06-02 18:17:12','5','','1','','','0','','0');
INSERT INTO `Productos` (`ID_Producto`,`Codigo`,`Nombre`,`Descripcion`,`N_Calzado`,`Marca`,`Foto1`,`Foto2`,`Foto3`,`Foto4`,`Foto5`,`item1`,`item2`,`item3`,`item4`,`item5`,`item6`,`item7`,`item8`,`item9`,`item10`,`PrecioVenta`,`PrecioCompra`,`Precio_Tachado`,`Existencia`,`ID_Sucursal`,`ID_Categoria`,`ID_SubCat`,`Fecha_Ingreso`,`ID_Proveedor`,`Importado`,`visto`,`Destacado`,`Online`,`can`,`cant`,`Calzado`) VALUES ('233','PS0912002','','BANDAS ELASTICAS GRUESAS ','','','lib/Productos/img/blitz_SN.png','','','','','','','','','','','','','','','50.00','30.00','','3','1','4','6','2023-06-02 18:18:32','5','','1','','','0','','0');
INSERT INTO `Productos` (`ID_Producto`,`Codigo`,`Nombre`,`Descripcion`,`N_Calzado`,`Marca`,`Foto1`,`Foto2`,`Foto3`,`Foto4`,`Foto5`,`item1`,`item2`,`item3`,`item4`,`item5`,`item6`,`item7`,`item8`,`item9`,`item10`,`PrecioVenta`,`PrecioCompra`,`Precio_Tachado`,`Existencia`,`ID_Sucursal`,`ID_Categoria`,`ID_SubCat`,`Fecha_Ingreso`,`ID_Proveedor`,`Importado`,`visto`,`Destacado`,`Online`,`can`,`cant`,`Calzado`) VALUES ('234','PS0912003','','CALCETINES DE OREJITAS ','','','lib/Productos/img/blitz_SN.png','','','','','','','','','','','','','','','25.00','7.50','','12','1','4','6','2023-06-02 18:19:43','5','','1','','','0','','0');
INSERT INTO `Productos` (`ID_Producto`,`Codigo`,`Nombre`,`Descripcion`,`N_Calzado`,`Marca`,`Foto1`,`Foto2`,`Foto3`,`Foto4`,`Foto5`,`item1`,`item2`,`item3`,`item4`,`item5`,`item6`,`item7`,`item8`,`item9`,`item10`,`PrecioVenta`,`PrecioCompra`,`Precio_Tachado`,`Existencia`,`ID_Sucursal`,`ID_Categoria`,`ID_SubCat`,`Fecha_Ingreso`,`ID_Proveedor`,`Importado`,`visto`,`Destacado`,`Online`,`can`,`cant`,`Calzado`) VALUES ('235','PS0912004','','CALCETINES LISOS ','','','lib/Productos/img/blitz_SN.png','','','','','','','','','','','','','','','35.00','7.50','','12','1','4','6','2023-06-02 18:20:38','5','','1','','','0','','0');
INSERT INTO `Productos` (`ID_Producto`,`Codigo`,`Nombre`,`Descripcion`,`N_Calzado`,`Marca`,`Foto1`,`Foto2`,`Foto3`,`Foto4`,`Foto5`,`item1`,`item2`,`item3`,`item4`,`item5`,`item6`,`item7`,`item8`,`item9`,`item10`,`PrecioVenta`,`PrecioCompra`,`Precio_Tachado`,`Existencia`,`ID_Sucursal`,`ID_Categoria`,`ID_SubCat`,`Fecha_Ingreso`,`ID_Proveedor`,`Importado`,`visto`,`Destacado`,`Online`,`can`,`cant`,`Calzado`) VALUES ('236','PS0912005','','MAYON MORADO TALLA S ','','','lib/Productos/img/blitz_SN.png','','','','','','','','','','','','','','','295.00','272.00','','1','1','5','6','2023-06-02 18:22:03','5','','1','','','0','','0');
INSERT INTO `Productos` (`ID_Producto`,`Codigo`,`Nombre`,`Descripcion`,`N_Calzado`,`Marca`,`Foto1`,`Foto2`,`Foto3`,`Foto4`,`Foto5`,`item1`,`item2`,`item3`,`item4`,`item5`,`item6`,`item7`,`item8`,`item9`,`item10`,`PrecioVenta`,`PrecioCompra`,`Precio_Tachado`,`Existencia`,`ID_Sucursal`,`ID_Categoria`,`ID_SubCat`,`Fecha_Ingreso`,`ID_Proveedor`,`Importado`,`visto`,`Destacado`,`Online`,`can`,`cant`,`Calzado`) VALUES ('237','PS0912006','','MAYONES LISOS ','','','lib/Productos/img/blitz_SN.png','','','','','','','','','','','','','','','295.00','226.00','','3','1','5','6','2023-06-02 18:29:28','5','','1','','','0','','0');
INSERT INTO `Productos` (`ID_Producto`,`Codigo`,`Nombre`,`Descripcion`,`N_Calzado`,`Marca`,`Foto1`,`Foto2`,`Foto3`,`Foto4`,`Foto5`,`item1`,`item2`,`item3`,`item4`,`item5`,`item6`,`item7`,`item8`,`item9`,`item10`,`PrecioVenta`,`PrecioCompra`,`Precio_Tachado`,`Existencia`,`ID_Sucursal`,`ID_Categoria`,`ID_SubCat`,`Fecha_Ingreso`,`ID_Proveedor`,`Importado`,`visto`,`Destacado`,`Online`,`can`,`cant`,`Calzado`) VALUES ('238','PS0912007','','CONJUNTO LEGIS Y BLUSA FASHION NEGRO','','','lib/Productos/img/blitz_SN.png','','','','','','','','','','','','','','','550.00','422.00','','1','1','5','6','2023-06-02 18:30:29','5','','1','','','0','','0');
INSERT INTO `Productos` (`ID_Producto`,`Codigo`,`Nombre`,`Descripcion`,`N_Calzado`,`Marca`,`Foto1`,`Foto2`,`Foto3`,`Foto4`,`Foto5`,`item1`,`item2`,`item3`,`item4`,`item5`,`item6`,`item7`,`item8`,`item9`,`item10`,`PrecioVenta`,`PrecioCompra`,`Precio_Tachado`,`Existencia`,`ID_Sucursal`,`ID_Categoria`,`ID_SubCat`,`Fecha_Ingreso`,`ID_Proveedor`,`Importado`,`visto`,`Destacado`,`Online`,`can`,`cant`,`Calzado`) VALUES ('239','PS0912008','','LEGIS DEGRADADO COLORES ','','','lib/Productos/img/blitz_SN.png','','','','','','','','','','','','','','','335.00','277.00','','2','1','5','6','2023-06-02 18:31:29','5','','1','','','0','','0');
INSERT INTO `Productos` (`ID_Producto`,`Codigo`,`Nombre`,`Descripcion`,`N_Calzado`,`Marca`,`Foto1`,`Foto2`,`Foto3`,`Foto4`,`Foto5`,`item1`,`item2`,`item3`,`item4`,`item5`,`item6`,`item7`,`item8`,`item9`,`item10`,`PrecioVenta`,`PrecioCompra`,`Precio_Tachado`,`Existencia`,`ID_Sucursal`,`ID_Categoria`,`ID_SubCat`,`Fecha_Ingreso`,`ID_Proveedor`,`Importado`,`visto`,`Destacado`,`Online`,`can`,`cant`,`Calzado`) VALUES ('240','PS0912009','','CONJUNTO DEPORTIVO MARIHUANA ','','','lib/Productos/img/blitz_SN.png','','','','','','','','','','','','','','','450.00','330.00','','1','1','5','6','2023-06-02 18:32:25','5','','1','','','0','','0');
INSERT INTO `Productos` (`ID_Producto`,`Codigo`,`Nombre`,`Descripcion`,`N_Calzado`,`Marca`,`Foto1`,`Foto2`,`Foto3`,`Foto4`,`Foto5`,`item1`,`item2`,`item3`,`item4`,`item5`,`item6`,`item7`,`item8`,`item9`,`item10`,`PrecioVenta`,`PrecioCompra`,`Precio_Tachado`,`Existencia`,`ID_Sucursal`,`ID_Categoria`,`ID_SubCat`,`Fecha_Ingreso`,`ID_Proveedor`,`Importado`,`visto`,`Destacado`,`Online`,`can`,`cant`,`Calzado`) VALUES ('241','PS0912010','','SHORTS BLANCO CHICO ','','','lib/Productos/img/blitz_SN.png','','','','','','','','','','','','','','','215.00','183.00','','1','1','5','6','2023-06-02 18:33:34','5','','1','','','0','','0');
INSERT INTO `Productos` (`ID_Producto`,`Codigo`,`Nombre`,`Descripcion`,`N_Calzado`,`Marca`,`Foto1`,`Foto2`,`Foto3`,`Foto4`,`Foto5`,`item1`,`item2`,`item3`,`item4`,`item5`,`item6`,`item7`,`item8`,`item9`,`item10`,`PrecioVenta`,`PrecioCompra`,`Precio_Tachado`,`Existencia`,`ID_Sucursal`,`ID_Categoria`,`ID_SubCat`,`Fecha_Ingreso`,`ID_Proveedor`,`Importado`,`visto`,`Destacado`,`Online`,`can`,`cant`,`Calzado`) VALUES ('242','PS0912011','','VESTIDO VERDE TALLA CH','','','lib/Productos/img/blitz_SN.png','','','','','','','','','','','','','','','420.00','339.00','','1','1','5','6','2023-06-02 18:34:24','5','','1','','','0','','0');
INSERT INTO `Productos` (`ID_Producto`,`Codigo`,`Nombre`,`Descripcion`,`N_Calzado`,`Marca`,`Foto1`,`Foto2`,`Foto3`,`Foto4`,`Foto5`,`item1`,`item2`,`item3`,`item4`,`item5`,`item6`,`item7`,`item8`,`item9`,`item10`,`PrecioVenta`,`PrecioCompra`,`Precio_Tachado`,`Existencia`,`ID_Sucursal`,`ID_Categoria`,`ID_SubCat`,`Fecha_Ingreso`,`ID_Proveedor`,`Importado`,`visto`,`Destacado`,`Online`,`can`,`cant`,`Calzado`) VALUES ('243','PS0912012','','FALDA SHORTS  BLANCO VERDE ','','','lib/Productos/img/blitz_SN.png','','','','','','','','','','','','','','','295.00','271.00','','1','1','5','6','2023-06-02 18:35:40','5','','1','','','0','','0');
INSERT INTO `Productos` (`ID_Producto`,`Codigo`,`Nombre`,`Descripcion`,`N_Calzado`,`Marca`,`Foto1`,`Foto2`,`Foto3`,`Foto4`,`Foto5`,`item1`,`item2`,`item3`,`item4`,`item5`,`item6`,`item7`,`item8`,`item9`,`item10`,`PrecioVenta`,`PrecioCompra`,`Precio_Tachado`,`Existencia`,`ID_Sucursal`,`ID_Categoria`,`ID_SubCat`,`Fecha_Ingreso`,`ID_Proveedor`,`Importado`,`visto`,`Destacado`,`Online`,`can`,`cant`,`Calzado`) VALUES ('244','PS0912013','','SHORTS GRIS TALLA S','','','lib/Productos/img/blitz_SN.png','','','','','','','','','','','','','','','160.00','113.00','','1','1','5','6','2023-06-02 18:36:46','5','','1','','','0','','0');
INSERT INTO `Productos` (`ID_Producto`,`Codigo`,`Nombre`,`Descripcion`,`N_Calzado`,`Marca`,`Foto1`,`Foto2`,`Foto3`,`Foto4`,`Foto5`,`item1`,`item2`,`item3`,`item4`,`item5`,`item6`,`item7`,`item8`,`item9`,`item10`,`PrecioVenta`,`PrecioCompra`,`Precio_Tachado`,`Existencia`,`ID_Sucursal`,`ID_Categoria`,`ID_SubCat`,`Fecha_Ingreso`,`ID_Proveedor`,`Importado`,`visto`,`Destacado`,`Online`,`can`,`cant`,`Calzado`) VALUES ('245','PS0912014','','BLUSA ROJA POSTAL ','','','lib/Productos/img/blitz_SN.png','','','','','','','','','','','','','','','195.00','181.00','','1','1','5','6','2023-06-02 18:37:36','5','','1','','','0','','0');
INSERT INTO `Productos` (`ID_Producto`,`Codigo`,`Nombre`,`Descripcion`,`N_Calzado`,`Marca`,`Foto1`,`Foto2`,`Foto3`,`Foto4`,`Foto5`,`item1`,`item2`,`item3`,`item4`,`item5`,`item6`,`item7`,`item8`,`item9`,`item10`,`PrecioVenta`,`PrecioCompra`,`Precio_Tachado`,`Existencia`,`ID_Sucursal`,`ID_Categoria`,`ID_SubCat`,`Fecha_Ingreso`,`ID_Proveedor`,`Importado`,`visto`,`Destacado`,`Online`,`can`,`cant`,`Calzado`) VALUES ('246','PS0912015','','FAJA BLANCA DELGADA','','','lib/Productos/img/blitz_SN.png','','','','','','','','','','','','','','','50.00','30.00','','1','1','4','6','2023-06-02 18:39:14','5','','1','','','0','','0');
INSERT INTO `Productos` (`ID_Producto`,`Codigo`,`Nombre`,`Descripcion`,`N_Calzado`,`Marca`,`Foto1`,`Foto2`,`Foto3`,`Foto4`,`Foto5`,`item1`,`item2`,`item3`,`item4`,`item5`,`item6`,`item7`,`item8`,`item9`,`item10`,`PrecioVenta`,`PrecioCompra`,`Precio_Tachado`,`Existencia`,`ID_Sucursal`,`ID_Categoria`,`ID_SubCat`,`Fecha_Ingreso`,`ID_Proveedor`,`Importado`,`visto`,`Destacado`,`Online`,`can`,`cant`,`Calzado`) VALUES ('247','PS0912016','','MAYON GRIS OBSCURO','','','lib/Productos/img/blitz_SN.png','','','','','','','','','','','','','','','265.00','224.00','','0','1','5','6','2023-06-02 18:40:14','5','','1','','','0','','0');
INSERT INTO `Productos` (`ID_Producto`,`Codigo`,`Nombre`,`Descripcion`,`N_Calzado`,`Marca`,`Foto1`,`Foto2`,`Foto3`,`Foto4`,`Foto5`,`item1`,`item2`,`item3`,`item4`,`item5`,`item6`,`item7`,`item8`,`item9`,`item10`,`PrecioVenta`,`PrecioCompra`,`Precio_Tachado`,`Existencia`,`ID_Sucursal`,`ID_Categoria`,`ID_SubCat`,`Fecha_Ingreso`,`ID_Proveedor`,`Importado`,`visto`,`Destacado`,`Online`,`can`,`cant`,`Calzado`) VALUES ('248','PS0912017','','BLUSA VERDE MILITAR ','','','lib/Productos/img/blitz_SN.png','','','','','','','','','','','','','','','195.00','177.00','','1','1','5','6','2023-06-02 18:41:39','5','','1','','','0','','0');
INSERT INTO `Productos` (`ID_Producto`,`Codigo`,`Nombre`,`Descripcion`,`N_Calzado`,`Marca`,`Foto1`,`Foto2`,`Foto3`,`Foto4`,`Foto5`,`item1`,`item2`,`item3`,`item4`,`item5`,`item6`,`item7`,`item8`,`item9`,`item10`,`PrecioVenta`,`PrecioCompra`,`Precio_Tachado`,`Existencia`,`ID_Sucursal`,`ID_Categoria`,`ID_SubCat`,`Fecha_Ingreso`,`ID_Proveedor`,`Importado`,`visto`,`Destacado`,`Online`,`can`,`cant`,`Calzado`) VALUES ('249','PS0912018','','CONJUNTO SHORT ROSA ','','','lib/Productos/img/blitz_SN.png','','','','','','','','','','','','','','','350.00','280.00','','1','1','5','6','2023-06-02 18:42:58','5','','1','','','0','','0');
INSERT INTO `Productos` (`ID_Producto`,`Codigo`,`Nombre`,`Descripcion`,`N_Calzado`,`Marca`,`Foto1`,`Foto2`,`Foto3`,`Foto4`,`Foto5`,`item1`,`item2`,`item3`,`item4`,`item5`,`item6`,`item7`,`item8`,`item9`,`item10`,`PrecioVenta`,`PrecioCompra`,`Precio_Tachado`,`Existencia`,`ID_Sucursal`,`ID_Categoria`,`ID_SubCat`,`Fecha_Ingreso`,`ID_Proveedor`,`Importado`,`visto`,`Destacado`,`Online`,`can`,`cant`,`Calzado`) VALUES ('250','PS0912019','','SHORTS PIRMA AZUL','','','lib/Productos/img/blitz_SN.png','','','','','','','','','','','','','','','350.00','275.00','','1','1','5','6','2023-06-02 18:43:56','5','','1','','','0','','0');
INSERT INTO `Productos` (`ID_Producto`,`Codigo`,`Nombre`,`Descripcion`,`N_Calzado`,`Marca`,`Foto1`,`Foto2`,`Foto3`,`Foto4`,`Foto5`,`item1`,`item2`,`item3`,`item4`,`item5`,`item6`,`item7`,`item8`,`item9`,`item10`,`PrecioVenta`,`PrecioCompra`,`Precio_Tachado`,`Existencia`,`ID_Sucursal`,`ID_Categoria`,`ID_SubCat`,`Fecha_Ingreso`,`ID_Proveedor`,`Importado`,`visto`,`Destacado`,`Online`,`can`,`cant`,`Calzado`) VALUES ('251','PS0912020','','BULTO ROJO SPORTS ','','','lib/Productos/img/blitz_SN.png','','','','','','','','','','','','','','','395.00','195.00','','1','1','4','6','2023-06-02 18:44:56','5','','1','','','0','','0');
INSERT INTO `Productos` (`ID_Producto`,`Codigo`,`Nombre`,`Descripcion`,`N_Calzado`,`Marca`,`Foto1`,`Foto2`,`Foto3`,`Foto4`,`Foto5`,`item1`,`item2`,`item3`,`item4`,`item5`,`item6`,`item7`,`item8`,`item9`,`item10`,`PrecioVenta`,`PrecioCompra`,`Precio_Tachado`,`Existencia`,`ID_Sucursal`,`ID_Categoria`,`ID_SubCat`,`Fecha_Ingreso`,`ID_Proveedor`,`Importado`,`visto`,`Destacado`,`Online`,`can`,`cant`,`Calzado`) VALUES ('252','PS0912021','','BULTO ROSA ','','','lib/Productos/img/blitz_SN.png','','','','','','','','','','','','','','','395.00','195.00','','1','1','4','6','2023-06-02 18:45:42','5','','1','','','0','','0');
INSERT INTO `Productos` (`ID_Producto`,`Codigo`,`Nombre`,`Descripcion`,`N_Calzado`,`Marca`,`Foto1`,`Foto2`,`Foto3`,`Foto4`,`Foto5`,`item1`,`item2`,`item3`,`item4`,`item5`,`item6`,`item7`,`item8`,`item9`,`item10`,`PrecioVenta`,`PrecioCompra`,`Precio_Tachado`,`Existencia`,`ID_Sucursal`,`ID_Categoria`,`ID_SubCat`,`Fecha_Ingreso`,`ID_Proveedor`,`Importado`,`visto`,`Destacado`,`Online`,`can`,`cant`,`Calzado`) VALUES ('253','PS0912023','','BULTO NEGRO','','','lib/Productos/img/blitz_SN.png','','','','','','','','','','','','','','','395.00','195.00','','1','1','4','6','2023-06-02 18:46:26','5','','1','','','0','','0');
INSERT INTO `Productos` (`ID_Producto`,`Codigo`,`Nombre`,`Descripcion`,`N_Calzado`,`Marca`,`Foto1`,`Foto2`,`Foto3`,`Foto4`,`Foto5`,`item1`,`item2`,`item3`,`item4`,`item5`,`item6`,`item7`,`item8`,`item9`,`item10`,`PrecioVenta`,`PrecioCompra`,`Precio_Tachado`,`Existencia`,`ID_Sucursal`,`ID_Categoria`,`ID_SubCat`,`Fecha_Ingreso`,`ID_Proveedor`,`Importado`,`visto`,`Destacado`,`Online`,`can`,`cant`,`Calzado`) VALUES ('254','PS0912024','','BULTO GRIS ESCOLAR ','','','lib/Productos/img/blitz_SN.png','','','','','','','','','','','','','','','399.00','199.00','','1','1','4','6','2023-06-02 18:47:15','5','','1','','','0','','0');
INSERT INTO `Productos` (`ID_Producto`,`Codigo`,`Nombre`,`Descripcion`,`N_Calzado`,`Marca`,`Foto1`,`Foto2`,`Foto3`,`Foto4`,`Foto5`,`item1`,`item2`,`item3`,`item4`,`item5`,`item6`,`item7`,`item8`,`item9`,`item10`,`PrecioVenta`,`PrecioCompra`,`Precio_Tachado`,`Existencia`,`ID_Sucursal`,`ID_Categoria`,`ID_SubCat`,`Fecha_Ingreso`,`ID_Proveedor`,`Importado`,`visto`,`Destacado`,`Online`,`can`,`cant`,`Calzado`) VALUES ('255','PS0912025','','MAYON SERPIENTE ','','','lib/Productos/img/blitz_SN.png','','','','','','','','','','','','','','','135.00','80.00','','1','1','5','6','2023-06-02 18:48:12','5','','1','','','0','','0');
INSERT INTO `Productos` (`ID_Producto`,`Codigo`,`Nombre`,`Descripcion`,`N_Calzado`,`Marca`,`Foto1`,`Foto2`,`Foto3`,`Foto4`,`Foto5`,`item1`,`item2`,`item3`,`item4`,`item5`,`item6`,`item7`,`item8`,`item9`,`item10`,`PrecioVenta`,`PrecioCompra`,`Precio_Tachado`,`Existencia`,`ID_Sucursal`,`ID_Categoria`,`ID_SubCat`,`Fecha_Ingreso`,`ID_Proveedor`,`Importado`,`visto`,`Destacado`,`Online`,`can`,`cant`,`Calzado`) VALUES ('256','PS0912026','','CALCETIN FUTBOL','','','lib/Productos/img/blitz_SN.png','','','','','','','','','','','','','','','125.00','95.00','','3','1','4','6','2023-06-02 18:49:02','5','','1','','','0','','0');
INSERT INTO `Productos` (`ID_Producto`,`Codigo`,`Nombre`,`Descripcion`,`N_Calzado`,`Marca`,`Foto1`,`Foto2`,`Foto3`,`Foto4`,`Foto5`,`item1`,`item2`,`item3`,`item4`,`item5`,`item6`,`item7`,`item8`,`item9`,`item10`,`PrecioVenta`,`PrecioCompra`,`Precio_Tachado`,`Existencia`,`ID_Sucursal`,`ID_Categoria`,`ID_SubCat`,`Fecha_Ingreso`,`ID_Proveedor`,`Importado`,`visto`,`Destacado`,`Online`,`can`,`cant`,`Calzado`) VALUES ('257','PS0912027','','CALCETIN OJITOS ','','','lib/Productos/img/blitz_SN.png','','','','','','','','','','','','','','','40.00','21.00','','4','1','4','6','2023-06-02 18:50:08','5','','1','','','0','','0');
INSERT INTO `Productos` (`ID_Producto`,`Codigo`,`Nombre`,`Descripcion`,`N_Calzado`,`Marca`,`Foto1`,`Foto2`,`Foto3`,`Foto4`,`Foto5`,`item1`,`item2`,`item3`,`item4`,`item5`,`item6`,`item7`,`item8`,`item9`,`item10`,`PrecioVenta`,`PrecioCompra`,`Precio_Tachado`,`Existencia`,`ID_Sucursal`,`ID_Categoria`,`ID_SubCat`,`Fecha_Ingreso`,`ID_Proveedor`,`Importado`,`visto`,`Destacado`,`Online`,`can`,`cant`,`Calzado`) VALUES ('258','PS0912028','','BLUSA NEGRO ROSA ','','','lib/Productos/img/blitz_SN.png','','','','','','','','','','','','','','','195.00','169.00','','1','1','5','6','2023-06-02 18:51:52','5','','1','','','0','','0');
INSERT INTO `Productos` (`ID_Producto`,`Codigo`,`Nombre`,`Descripcion`,`N_Calzado`,`Marca`,`Foto1`,`Foto2`,`Foto3`,`Foto4`,`Foto5`,`item1`,`item2`,`item3`,`item4`,`item5`,`item6`,`item7`,`item8`,`item9`,`item10`,`PrecioVenta`,`PrecioCompra`,`Precio_Tachado`,`Existencia`,`ID_Sucursal`,`ID_Categoria`,`ID_SubCat`,`Fecha_Ingreso`,`ID_Proveedor`,`Importado`,`visto`,`Destacado`,`Online`,`can`,`cant`,`Calzado`) VALUES ('259','PS0912029','','CALCETIN ROJO','','','lib/Productos/img/blitz_SN.png','','','','','','','','','','','','','','','130.00','0.00','','1','1','4','6','2023-06-02 18:53:43','5','','1','','','0','','0');
INSERT INTO `Productos` (`ID_Producto`,`Codigo`,`Nombre`,`Descripcion`,`N_Calzado`,`Marca`,`Foto1`,`Foto2`,`Foto3`,`Foto4`,`Foto5`,`item1`,`item2`,`item3`,`item4`,`item5`,`item6`,`item7`,`item8`,`item9`,`item10`,`PrecioVenta`,`PrecioCompra`,`Precio_Tachado`,`Existencia`,`ID_Sucursal`,`ID_Categoria`,`ID_SubCat`,`Fecha_Ingreso`,`ID_Proveedor`,`Importado`,`visto`,`Destacado`,`Online`,`can`,`cant`,`Calzado`) VALUES ('260','PS0912030','','CALCETINES LISOS COLORES ','','','lib/Productos/img/blitz_SN.png','','','','','','','','','','','','','','','40.00','28.00','','5','1','4','6','2023-06-02 18:54:53','5','','1','','','0','','0');
INSERT INTO `Productos` (`ID_Producto`,`Codigo`,`Nombre`,`Descripcion`,`N_Calzado`,`Marca`,`Foto1`,`Foto2`,`Foto3`,`Foto4`,`Foto5`,`item1`,`item2`,`item3`,`item4`,`item5`,`item6`,`item7`,`item8`,`item9`,`item10`,`PrecioVenta`,`PrecioCompra`,`Precio_Tachado`,`Existencia`,`ID_Sucursal`,`ID_Categoria`,`ID_SubCat`,`Fecha_Ingreso`,`ID_Proveedor`,`Importado`,`visto`,`Destacado`,`Online`,`can`,`cant`,`Calzado`) VALUES ('261','PS0912031','','GUANTES MEDIO DEDO ','','','lib/Productos/img/blitz_SN.png','','','','','','','','','','','','','','','165.00','120.00','','1','1','4','6','2023-06-02 18:56:00','5','','1','','','0','','0');
INSERT INTO `Productos` (`ID_Producto`,`Codigo`,`Nombre`,`Descripcion`,`N_Calzado`,`Marca`,`Foto1`,`Foto2`,`Foto3`,`Foto4`,`Foto5`,`item1`,`item2`,`item3`,`item4`,`item5`,`item6`,`item7`,`item8`,`item9`,`item10`,`PrecioVenta`,`PrecioCompra`,`Precio_Tachado`,`Existencia`,`ID_Sucursal`,`ID_Categoria`,`ID_SubCat`,`Fecha_Ingreso`,`ID_Proveedor`,`Importado`,`visto`,`Destacado`,`Online`,`can`,`cant`,`Calzado`) VALUES ('262','PS0912032','','GUANTES CAMUFLAJE ','','','lib/Productos/img/blitz_SN.png','','','','','','','','','','','','','','','165.00','120.00','','1','1','4','6','2023-06-02 18:56:52','5','','1','','','0','','0');
INSERT INTO `Productos` (`ID_Producto`,`Codigo`,`Nombre`,`Descripcion`,`N_Calzado`,`Marca`,`Foto1`,`Foto2`,`Foto3`,`Foto4`,`Foto5`,`item1`,`item2`,`item3`,`item4`,`item5`,`item6`,`item7`,`item8`,`item9`,`item10`,`PrecioVenta`,`PrecioCompra`,`Precio_Tachado`,`Existencia`,`ID_Sucursal`,`ID_Categoria`,`ID_SubCat`,`Fecha_Ingreso`,`ID_Proveedor`,`Importado`,`visto`,`Destacado`,`Online`,`can`,`cant`,`Calzado`) VALUES ('263','PS0912033','','GUANTES NEGRO NARANJA ','','','lib/Productos/img/blitz_SN.png','','','','','','','','','','','','','','','165.00','120.00','','1','1','4','6','2023-06-02 18:57:47','5','','1','','','0','','0');
INSERT INTO `Productos` (`ID_Producto`,`Codigo`,`Nombre`,`Descripcion`,`N_Calzado`,`Marca`,`Foto1`,`Foto2`,`Foto3`,`Foto4`,`Foto5`,`item1`,`item2`,`item3`,`item4`,`item5`,`item6`,`item7`,`item8`,`item9`,`item10`,`PrecioVenta`,`PrecioCompra`,`Precio_Tachado`,`Existencia`,`ID_Sucursal`,`ID_Categoria`,`ID_SubCat`,`Fecha_Ingreso`,`ID_Proveedor`,`Importado`,`visto`,`Destacado`,`Online`,`can`,`cant`,`Calzado`) VALUES ('264','PS0912034','','CALCETIN BLANCO FUTBOL','','','lib/Productos/img/blitz_SN.png','','','','','','','','','','','','','','','120.00','86.00','','1','1','4','6','2023-06-02 19:01:16','5','','1','','','0','','0');
INSERT INTO `Productos` (`ID_Producto`,`Codigo`,`Nombre`,`Descripcion`,`N_Calzado`,`Marca`,`Foto1`,`Foto2`,`Foto3`,`Foto4`,`Foto5`,`item1`,`item2`,`item3`,`item4`,`item5`,`item6`,`item7`,`item8`,`item9`,`item10`,`PrecioVenta`,`PrecioCompra`,`Precio_Tachado`,`Existencia`,`ID_Sucursal`,`ID_Categoria`,`ID_SubCat`,`Fecha_Ingreso`,`ID_Proveedor`,`Importado`,`visto`,`Destacado`,`Online`,`can`,`cant`,`Calzado`) VALUES ('265','PS0912035','','FAJAS DE DAMA ','','','lib/Productos/img/blitz_SN.png','','','','','','','','','','','','','','','80.00','45.00','','4','1','4','6','2023-06-02 19:02:27','5','','1','','','0','','0');
INSERT INTO `Productos` (`ID_Producto`,`Codigo`,`Nombre`,`Descripcion`,`N_Calzado`,`Marca`,`Foto1`,`Foto2`,`Foto3`,`Foto4`,`Foto5`,`item1`,`item2`,`item3`,`item4`,`item5`,`item6`,`item7`,`item8`,`item9`,`item10`,`PrecioVenta`,`PrecioCompra`,`Precio_Tachado`,`Existencia`,`ID_Sucursal`,`ID_Categoria`,`ID_SubCat`,`Fecha_Ingreso`,`ID_Proveedor`,`Importado`,`visto`,`Destacado`,`Online`,`can`,`cant`,`Calzado`) VALUES ('266','PS0912036','','CALCETIN DE FUTBOL NEGRO','','','lib/Productos/img/blitz_SN.png','','','','','','','','','','','','','','','120.00','86.00','','1','1','4','6','2023-06-02 19:03:09','5','','1','','','0','','0');
INSERT INTO `Productos` (`ID_Producto`,`Codigo`,`Nombre`,`Descripcion`,`N_Calzado`,`Marca`,`Foto1`,`Foto2`,`Foto3`,`Foto4`,`Foto5`,`item1`,`item2`,`item3`,`item4`,`item5`,`item6`,`item7`,`item8`,`item9`,`item10`,`PrecioVenta`,`PrecioCompra`,`Precio_Tachado`,`Existencia`,`ID_Sucursal`,`ID_Categoria`,`ID_SubCat`,`Fecha_Ingreso`,`ID_Proveedor`,`Importado`,`visto`,`Destacado`,`Online`,`can`,`cant`,`Calzado`) VALUES ('267','PS0912037','','RODILLERA NEGRO CONTACTEL','','','lib/Productos/img/blitz_SN.png','','','','','','','','','','','','','','','95.00','75.00','','1','1','4','6','2023-06-02 19:04:08','5','','1','','','0','','0');
INSERT INTO `Productos` (`ID_Producto`,`Codigo`,`Nombre`,`Descripcion`,`N_Calzado`,`Marca`,`Foto1`,`Foto2`,`Foto3`,`Foto4`,`Foto5`,`item1`,`item2`,`item3`,`item4`,`item5`,`item6`,`item7`,`item8`,`item9`,`item10`,`PrecioVenta`,`PrecioCompra`,`Precio_Tachado`,`Existencia`,`ID_Sucursal`,`ID_Categoria`,`ID_SubCat`,`Fecha_Ingreso`,`ID_Proveedor`,`Importado`,`visto`,`Destacado`,`Online`,`can`,`cant`,`Calzado`) VALUES ('268','PS0912038','','GUANTES ESTAMPADO DAMA ','','','lib/Productos/img/blitz_SN.png','','','','','','','','','','','','','','','150.00','110.00','','1','1','4','6','2023-06-02 19:04:55','5','','1','','','0','','0');
INSERT INTO `Productos` (`ID_Producto`,`Codigo`,`Nombre`,`Descripcion`,`N_Calzado`,`Marca`,`Foto1`,`Foto2`,`Foto3`,`Foto4`,`Foto5`,`item1`,`item2`,`item3`,`item4`,`item5`,`item6`,`item7`,`item8`,`item9`,`item10`,`PrecioVenta`,`PrecioCompra`,`Precio_Tachado`,`Existencia`,`ID_Sucursal`,`ID_Categoria`,`ID_SubCat`,`Fecha_Ingreso`,`ID_Proveedor`,`Importado`,`visto`,`Destacado`,`Online`,`can`,`cant`,`Calzado`) VALUES ('269','PS0912039','','GUANTES GYM DEPORTIVO DE DAMA ','','','lib/Productos/img/blitz_SN.png','','','','','','','','','','','','','','','170.00','135.00','','3','1','4','6','2023-06-02 19:05:53','5','','1','','','0','','0');
INSERT INTO `Productos` (`ID_Producto`,`Codigo`,`Nombre`,`Descripcion`,`N_Calzado`,`Marca`,`Foto1`,`Foto2`,`Foto3`,`Foto4`,`Foto5`,`item1`,`item2`,`item3`,`item4`,`item5`,`item6`,`item7`,`item8`,`item9`,`item10`,`PrecioVenta`,`PrecioCompra`,`Precio_Tachado`,`Existencia`,`ID_Sucursal`,`ID_Categoria`,`ID_SubCat`,`Fecha_Ingreso`,`ID_Proveedor`,`Importado`,`visto`,`Destacado`,`Online`,`can`,`cant`,`Calzado`) VALUES ('270','PS0912040','','RODILLERA GRIS ROSA ','','','lib/Productos/img/blitz_SN.png','','','','','','','','','','','','','','','150.00','109.00','','1','1','4','6','2023-06-02 19:06:50','5','','1','','','0','','0');
INSERT INTO `Productos` (`ID_Producto`,`Codigo`,`Nombre`,`Descripcion`,`N_Calzado`,`Marca`,`Foto1`,`Foto2`,`Foto3`,`Foto4`,`Foto5`,`item1`,`item2`,`item3`,`item4`,`item5`,`item6`,`item7`,`item8`,`item9`,`item10`,`PrecioVenta`,`PrecioCompra`,`Precio_Tachado`,`Existencia`,`ID_Sucursal`,`ID_Categoria`,`ID_SubCat`,`Fecha_Ingreso`,`ID_Proveedor`,`Importado`,`visto`,`Destacado`,`Online`,`can`,`cant`,`Calzado`) VALUES ('271','PS0912041','','ESPINILLERA NEGRO NINO ','','','lib/Productos/img/blitz_SN.png','','','','','','','','','','','','','','','135.00','111.00','','2','1','4','6','2023-06-02 19:07:40','5','','1','','','0','','0');
INSERT INTO `Productos` (`ID_Producto`,`Codigo`,`Nombre`,`Descripcion`,`N_Calzado`,`Marca`,`Foto1`,`Foto2`,`Foto3`,`Foto4`,`Foto5`,`item1`,`item2`,`item3`,`item4`,`item5`,`item6`,`item7`,`item8`,`item9`,`item10`,`PrecioVenta`,`PrecioCompra`,`Precio_Tachado`,`Existencia`,`ID_Sucursal`,`ID_Categoria`,`ID_SubCat`,`Fecha_Ingreso`,`ID_Proveedor`,`Importado`,`visto`,`Destacado`,`Online`,`can`,`cant`,`Calzado`) VALUES ('272','4064044403100','','T-Shirt Adidas deportivo rojo Talla G','','','lib/Productos/img/blitz_SN.png','','','','','','','','','','','','','','','650.00','399.00','','1','1','5','6','2023-06-19 17:58:43','6','','1','','','0','','0');
INSERT INTO `Productos` (`ID_Producto`,`Codigo`,`Nombre`,`Descripcion`,`N_Calzado`,`Marca`,`Foto1`,`Foto2`,`Foto3`,`Foto4`,`Foto5`,`item1`,`item2`,`item3`,`item4`,`item5`,`item6`,`item7`,`item8`,`item9`,`item10`,`PrecioVenta`,`PrecioCompra`,`Precio_Tachado`,`Existencia`,`ID_Sucursal`,`ID_Categoria`,`ID_SubCat`,`Fecha_Ingreso`,`ID_Proveedor`,`Importado`,`visto`,`Destacado`,`Online`,`can`,`cant`,`Calzado`) VALUES ('273','4064044161994','','T-Shirt Adidas deportivo rojo Talla EG','','','lib/Productos/img/blitz_SN.png','','','','','','','','','','','','','','','650.00','399.00','','0','1','5','6','2023-06-19 18:00:28','6','','1','','','0','','0');
INSERT INTO `Productos` (`ID_Producto`,`Codigo`,`Nombre`,`Descripcion`,`N_Calzado`,`Marca`,`Foto1`,`Foto2`,`Foto3`,`Foto4`,`Foto5`,`item1`,`item2`,`item3`,`item4`,`item5`,`item6`,`item7`,`item8`,`item9`,`item10`,`PrecioVenta`,`PrecioCompra`,`Precio_Tachado`,`Existencia`,`ID_Sucursal`,`ID_Categoria`,`ID_SubCat`,`Fecha_Ingreso`,`ID_Proveedor`,`Importado`,`visto`,`Destacado`,`Online`,`can`,`cant`,`Calzado`) VALUES ('274','4066747990727','','T-Shirt Adidas deportivo Naranja T-M','','','lib/Productos/img/blitz_SN.png','','','','','','','','','','','','','','','650.00','399.00','','1','1','5','6','2023-06-19 18:02:41','6','','1','','','0','','0');
INSERT INTO `Productos` (`ID_Producto`,`Codigo`,`Nombre`,`Descripcion`,`N_Calzado`,`Marca`,`Foto1`,`Foto2`,`Foto3`,`Foto4`,`Foto5`,`item1`,`item2`,`item3`,`item4`,`item5`,`item6`,`item7`,`item8`,`item9`,`item10`,`PrecioVenta`,`PrecioCompra`,`Precio_Tachado`,`Existencia`,`ID_Sucursal`,`ID_Categoria`,`ID_SubCat`,`Fecha_Ingreso`,`ID_Proveedor`,`Importado`,`visto`,`Destacado`,`Online`,`can`,`cant`,`Calzado`) VALUES ('275','4066745333335','','T-Shirt Adidas Cotton Azul T-M','','','lib/Productos/img/blitz_SN.png','','','','','','','','','','','','','','','590.00','468.00','','1','1','5','6','2023-06-19 18:04:40','6','','1','','','0','','0');
INSERT INTO `Productos` (`ID_Producto`,`Codigo`,`Nombre`,`Descripcion`,`N_Calzado`,`Marca`,`Foto1`,`Foto2`,`Foto3`,`Foto4`,`Foto5`,`item1`,`item2`,`item3`,`item4`,`item5`,`item6`,`item7`,`item8`,`item9`,`item10`,`PrecioVenta`,`PrecioCompra`,`Precio_Tachado`,`Existencia`,`ID_Sucursal`,`ID_Categoria`,`ID_SubCat`,`Fecha_Ingreso`,`ID_Proveedor`,`Importado`,`visto`,`Destacado`,`Online`,`can`,`cant`,`Calzado`) VALUES ('276','5205572236481','','T-Shirt Reebok deportivo NGRO T-EG','','','lib/Productos/img/blitz_SN.png','','','','','','','','','','','','','','','599.00','299.00','','1','1','5','6','2023-06-19 18:07:41','8','','1','','','0','','0');
INSERT INTO `Productos` (`ID_Producto`,`Codigo`,`Nombre`,`Descripcion`,`N_Calzado`,`Marca`,`Foto1`,`Foto2`,`Foto3`,`Foto4`,`Foto5`,`item1`,`item2`,`item3`,`item4`,`item5`,`item6`,`item7`,`item8`,`item9`,`item10`,`PrecioVenta`,`PrecioCompra`,`Precio_Tachado`,`Existencia`,`ID_Sucursal`,`ID_Categoria`,`ID_SubCat`,`Fecha_Ingreso`,`ID_Proveedor`,`Importado`,`visto`,`Destacado`,`Online`,`can`,`cant`,`Calzado`) VALUES ('277','4065423762948','','T-Shirt Adidas deportivo Limon T-M','','','lib/Productos/img/blitz_SN.png','','','','','','','','','','','','','','','790.00','419.00','','1','1','5','6','2023-06-19 18:10:36','6','','1','','','0','','0');
INSERT INTO `Productos` (`ID_Producto`,`Codigo`,`Nombre`,`Descripcion`,`N_Calzado`,`Marca`,`Foto1`,`Foto2`,`Foto3`,`Foto4`,`Foto5`,`item1`,`item2`,`item3`,`item4`,`item5`,`item6`,`item7`,`item8`,`item9`,`item10`,`PrecioVenta`,`PrecioCompra`,`Precio_Tachado`,`Existencia`,`ID_Sucursal`,`ID_Categoria`,`ID_SubCat`,`Fecha_Ingreso`,`ID_Proveedor`,`Importado`,`visto`,`Destacado`,`Online`,`can`,`cant`,`Calzado`) VALUES ('278','7501022013885','','Refresco 7UP 400 ml','','','lib/Productos/img/blitz_SN.png','','','','','','','','','','','','','','','12.00','7.00','','14','1','6','6','2025-05-06 22:08:47','7','','0','NO','0','13','','0');
INSERT INTO `Productos` (`ID_Producto`,`Codigo`,`Nombre`,`Descripcion`,`N_Calzado`,`Marca`,`Foto1`,`Foto2`,`Foto3`,`Foto4`,`Foto5`,`item1`,`item2`,`item3`,`item4`,`item5`,`item6`,`item7`,`item8`,`item9`,`item10`,`PrecioVenta`,`PrecioCompra`,`Precio_Tachado`,`Existencia`,`ID_Sucursal`,`ID_Categoria`,`ID_SubCat`,`Fecha_Ingreso`,`ID_Proveedor`,`Importado`,`visto`,`Destacado`,`Online`,`can`,`cant`,`Calzado`) VALUES ('279','7501031302802','Chesco','Refresco Manzanita sol 400ml','','','https://sys.powersports.top/lib/Productos/img/279/cd.png','https://sys.powersports.top/lib/Productos/img/279/w2.jpg','','','1','','8','','87','5','','07','','','','12.00','800.00','545.00','6','1','6','5','2023-06-20 16:51:59','7','','1','0','0','1','','0');
INSERT INTO `Productos` (`ID_Producto`,`Codigo`,`Nombre`,`Descripcion`,`N_Calzado`,`Marca`,`Foto1`,`Foto2`,`Foto3`,`Foto4`,`Foto5`,`item1`,`item2`,`item3`,`item4`,`item5`,`item6`,`item7`,`item8`,`item9`,`item10`,`PrecioVenta`,`PrecioCompra`,`Precio_Tachado`,`Existencia`,`ID_Sucursal`,`ID_Categoria`,`ID_SubCat`,`Fecha_Ingreso`,`ID_Proveedor`,`Importado`,`visto`,`Destacado`,`Online`,`can`,`cant`,`Calzado`) VALUES ('281','002265','','AIR MAX LILA #26.5','26.5','','lib/Productos/img/blitz_SN.png','','','','','','','','','','','','','','','430.00','215.00','','1','1','3','6','2023-06-24 20:48:14','9','','0','','','0','','1');
INSERT INTO `Productos` (`ID_Producto`,`Codigo`,`Nombre`,`Descripcion`,`N_Calzado`,`Marca`,`Foto1`,`Foto2`,`Foto3`,`Foto4`,`Foto5`,`item1`,`item2`,`item3`,`item4`,`item5`,`item6`,`item7`,`item8`,`item9`,`item10`,`PrecioVenta`,`PrecioCompra`,`Precio_Tachado`,`Existencia`,`ID_Sucursal`,`ID_Categoria`,`ID_SubCat`,`Fecha_Ingreso`,`ID_Proveedor`,`Importado`,`visto`,`Destacado`,`Online`,`can`,`cant`,`Calzado`) VALUES ('282','2000','','mayon azul marino talla s ','','','lib/Productos/img/blitz_SN.png','','','','','','','','','','','','','','','295.00','168.00','','0','1','5','6','2023-06-28 21:30:59','5','','1','','','0','','0');
INSERT INTO `Productos` (`ID_Producto`,`Codigo`,`Nombre`,`Descripcion`,`N_Calzado`,`Marca`,`Foto1`,`Foto2`,`Foto3`,`Foto4`,`Foto5`,`item1`,`item2`,`item3`,`item4`,`item5`,`item6`,`item7`,`item8`,`item9`,`item10`,`PrecioVenta`,`PrecioCompra`,`Precio_Tachado`,`Existencia`,`ID_Sucursal`,`ID_Categoria`,`ID_SubCat`,`Fecha_Ingreso`,`ID_Proveedor`,`Importado`,`visto`,`Destacado`,`Online`,`can`,`cant`,`Calzado`) VALUES ('283','FS170','','FALDAS SHORTS T MY S ','','','lib/Productos/img/blitz_SN.png','','','','','','','','','','','','','','','295.00','170.00','','2','1','5','6','2023-07-04 22:29:04','13','','1','','','0','','0');
INSERT INTO `Productos` (`ID_Producto`,`Codigo`,`Nombre`,`Descripcion`,`N_Calzado`,`Marca`,`Foto1`,`Foto2`,`Foto3`,`Foto4`,`Foto5`,`item1`,`item2`,`item3`,`item4`,`item5`,`item6`,`item7`,`item8`,`item9`,`item10`,`PrecioVenta`,`PrecioCompra`,`Precio_Tachado`,`Existencia`,`ID_Sucursal`,`ID_Categoria`,`ID_SubCat`,`Fecha_Ingreso`,`ID_Proveedor`,`Importado`,`visto`,`Destacado`,`Online`,`can`,`cant`,`Calzado`) VALUES ('284','bc85','','BLUSA CHAMPIONS ','','','lib/Productos/img/blitz_SN.png','','','','','','','','','','','','','','','170.00','85.00','','4','1','5','6','2023-07-04 22:34:05','13','','1','','','0','','0');
INSERT INTO `Productos` (`ID_Producto`,`Codigo`,`Nombre`,`Descripcion`,`N_Calzado`,`Marca`,`Foto1`,`Foto2`,`Foto3`,`Foto4`,`Foto5`,`item1`,`item2`,`item3`,`item4`,`item5`,`item6`,`item7`,`item8`,`item9`,`item10`,`PrecioVenta`,`PrecioCompra`,`Precio_Tachado`,`Existencia`,`ID_Sucursal`,`ID_Categoria`,`ID_SubCat`,`Fecha_Ingreso`,`ID_Proveedor`,`Importado`,`visto`,`Destacado`,`Online`,`can`,`cant`,`Calzado`) VALUES ('285','bR85','','BLUSA ROSA FUSHA L ','','','lib/Productos/img/blitz_SN.png','','','','','','','','','','','','','','','170.00','85.00','','1','1','5','6','2023-07-04 22:35:36','13','','1','','','0','','0');
INSERT INTO `Productos` (`ID_Producto`,`Codigo`,`Nombre`,`Descripcion`,`N_Calzado`,`Marca`,`Foto1`,`Foto2`,`Foto3`,`Foto4`,`Foto5`,`item1`,`item2`,`item3`,`item4`,`item5`,`item6`,`item7`,`item8`,`item9`,`item10`,`PrecioVenta`,`PrecioCompra`,`Precio_Tachado`,`Existencia`,`ID_Sucursal`,`ID_Categoria`,`ID_SubCat`,`Fecha_Ingreso`,`ID_Proveedor`,`Importado`,`visto`,`Destacado`,`Online`,`can`,`cant`,`Calzado`) VALUES ('286','br68','','BLUSA ROSA MANCHAS XXL ','','','lib/Productos/img/blitz_SN.png','','','','','','','','','','','','','','','135.00','68.00','','1','1','5','6','2023-07-04 22:36:49','13','','1','','','0','','0');
INSERT INTO `Productos` (`ID_Producto`,`Codigo`,`Nombre`,`Descripcion`,`N_Calzado`,`Marca`,`Foto1`,`Foto2`,`Foto3`,`Foto4`,`Foto5`,`item1`,`item2`,`item3`,`item4`,`item5`,`item6`,`item7`,`item8`,`item9`,`item10`,`PrecioVenta`,`PrecioCompra`,`Precio_Tachado`,`Existencia`,`ID_Sucursal`,`ID_Categoria`,`ID_SubCat`,`Fecha_Ingreso`,`ID_Proveedor`,`Importado`,`visto`,`Destacado`,`Online`,`can`,`cant`,`Calzado`) VALUES ('287','SV68','','SHORTS VERDE L DAMA ','','','lib/Productos/img/blitz_SN.png','','','','','','','','','','','','','','','135.00','68.00','','1','1','5','6','2023-07-04 22:38:47','13','','1','','','0','','0');
INSERT INTO `Productos` (`ID_Producto`,`Codigo`,`Nombre`,`Descripcion`,`N_Calzado`,`Marca`,`Foto1`,`Foto2`,`Foto3`,`Foto4`,`Foto5`,`item1`,`item2`,`item3`,`item4`,`item5`,`item6`,`item7`,`item8`,`item9`,`item10`,`PrecioVenta`,`PrecioCompra`,`Precio_Tachado`,`Existencia`,`ID_Sucursal`,`ID_Categoria`,`ID_SubCat`,`Fecha_Ingreso`,`ID_Proveedor`,`Importado`,`visto`,`Destacado`,`Online`,`can`,`cant`,`Calzado`) VALUES ('288','MR85','','MAYON ROSA XL ','','','lib/Productos/img/blitz_SN.png','','','','','','','','','','','','','','','170.00','85.00','','1','1','5','6','2023-07-04 22:39:56','13','','1','','','0','','0');
INSERT INTO `Productos` (`ID_Producto`,`Codigo`,`Nombre`,`Descripcion`,`N_Calzado`,`Marca`,`Foto1`,`Foto2`,`Foto3`,`Foto4`,`Foto5`,`item1`,`item2`,`item3`,`item4`,`item5`,`item6`,`item7`,`item8`,`item9`,`item10`,`PrecioVenta`,`PrecioCompra`,`Precio_Tachado`,`Existencia`,`ID_Sucursal`,`ID_Categoria`,`ID_SubCat`,`Fecha_Ingreso`,`ID_Proveedor`,`Importado`,`visto`,`Destacado`,`Online`,`can`,`cant`,`Calzado`) VALUES ('289','MN85','','MAYON NARANJA XL ','','','lib/Productos/img/blitz_SN.png','','','','','','','','','','','','','','','170.00','85.00','','1','1','5','6','2023-07-04 22:48:24','13','','1','','','0','','0');
INSERT INTO `Productos` (`ID_Producto`,`Codigo`,`Nombre`,`Descripcion`,`N_Calzado`,`Marca`,`Foto1`,`Foto2`,`Foto3`,`Foto4`,`Foto5`,`item1`,`item2`,`item3`,`item4`,`item5`,`item6`,`item7`,`item8`,`item9`,`item10`,`PrecioVenta`,`PrecioCompra`,`Precio_Tachado`,`Existencia`,`ID_Sucursal`,`ID_Categoria`,`ID_SubCat`,`Fecha_Ingreso`,`ID_Proveedor`,`Importado`,`visto`,`Destacado`,`Online`,`can`,`cant`,`Calzado`) VALUES ('290','SD68','','SHORTS DAMA NARANJA XL','','','lib/Productos/img/blitz_SN.png','','','','','','','','','','','','','','','135.00','68.00','','1','1','4','6','2023-07-04 22:49:52','13','','1','','','0','','0');
INSERT INTO `Productos` (`ID_Producto`,`Codigo`,`Nombre`,`Descripcion`,`N_Calzado`,`Marca`,`Foto1`,`Foto2`,`Foto3`,`Foto4`,`Foto5`,`item1`,`item2`,`item3`,`item4`,`item5`,`item6`,`item7`,`item8`,`item9`,`item10`,`PrecioVenta`,`PrecioCompra`,`Precio_Tachado`,`Existencia`,`ID_Sucursal`,`ID_Categoria`,`ID_SubCat`,`Fecha_Ingreso`,`ID_Proveedor`,`Importado`,`visto`,`Destacado`,`Online`,`can`,`cant`,`Calzado`) VALUES ('291','BRT68','','BLUSA ROSA TIRANTES ','','','lib/Productos/img/blitz_SN.png','','','','','','','','','','','','','','','135.00','68.00','','1','1','5','6','2023-07-04 22:53:26','13','','1','','','0','','0');
INSERT INTO `Productos` (`ID_Producto`,`Codigo`,`Nombre`,`Descripcion`,`N_Calzado`,`Marca`,`Foto1`,`Foto2`,`Foto3`,`Foto4`,`Foto5`,`item1`,`item2`,`item3`,`item4`,`item5`,`item6`,`item7`,`item8`,`item9`,`item10`,`PrecioVenta`,`PrecioCompra`,`Precio_Tachado`,`Existencia`,`ID_Sucursal`,`ID_Categoria`,`ID_SubCat`,`Fecha_Ingreso`,`ID_Proveedor`,`Importado`,`visto`,`Destacado`,`Online`,`can`,`cant`,`Calzado`) VALUES ('292','MF85','','MAYON FUSHA BLANCO L','','','lib/Productos/img/blitz_SN.png','','','','','','','','','','','','','','','170.00','85.00','','1','1','5','6','2023-07-04 22:54:50','13','','1','','','0','','0');
INSERT INTO `Productos` (`ID_Producto`,`Codigo`,`Nombre`,`Descripcion`,`N_Calzado`,`Marca`,`Foto1`,`Foto2`,`Foto3`,`Foto4`,`Foto5`,`item1`,`item2`,`item3`,`item4`,`item5`,`item6`,`item7`,`item8`,`item9`,`item10`,`PrecioVenta`,`PrecioCompra`,`Precio_Tachado`,`Existencia`,`ID_Sucursal`,`ID_Categoria`,`ID_SubCat`,`Fecha_Ingreso`,`ID_Proveedor`,`Importado`,`visto`,`Destacado`,`Online`,`can`,`cant`,`Calzado`) VALUES ('293','BRV85','','BLUSA ROSA VERDE ','','','lib/Productos/img/blitz_SN.png','','','','','','','','','','','','','','','170.00','85.00','','1','1','5','6','2023-07-04 22:56:07','13','','1','','','0','','0');
INSERT INTO `Productos` (`ID_Producto`,`Codigo`,`Nombre`,`Descripcion`,`N_Calzado`,`Marca`,`Foto1`,`Foto2`,`Foto3`,`Foto4`,`Foto5`,`item1`,`item2`,`item3`,`item4`,`item5`,`item6`,`item7`,`item8`,`item9`,`item10`,`PrecioVenta`,`PrecioCompra`,`Precio_Tachado`,`Existencia`,`ID_Sucursal`,`ID_Categoria`,`ID_SubCat`,`Fecha_Ingreso`,`ID_Proveedor`,`Importado`,`visto`,`Destacado`,`Online`,`can`,`cant`,`Calzado`) VALUES ('294','BF85','','BLUSA FIUSHA SOSTEN ','','','lib/Productos/img/blitz_SN.png','','','','','','','','','','','','','','','170.00','85.00','','3','1','5','6','2023-07-04 22:57:08','13','','1','','','0','','0');
INSERT INTO `Productos` (`ID_Producto`,`Codigo`,`Nombre`,`Descripcion`,`N_Calzado`,`Marca`,`Foto1`,`Foto2`,`Foto3`,`Foto4`,`Foto5`,`item1`,`item2`,`item3`,`item4`,`item5`,`item6`,`item7`,`item8`,`item9`,`item10`,`PrecioVenta`,`PrecioCompra`,`Precio_Tachado`,`Existencia`,`ID_Sucursal`,`ID_Categoria`,`ID_SubCat`,`Fecha_Ingreso`,`ID_Proveedor`,`Importado`,`visto`,`Destacado`,`Online`,`can`,`cant`,`Calzado`) VALUES ('295','PG187','','PANTALONES DE MEZCLILLA VARIOS ','','','lib/Productos/img/blitz_SN.png','','','','','','','','','','','','','','','285.00','187.00','','8','1','5','6','2023-07-04 22:58:30','13','','1','','','0','','0');
INSERT INTO `Productos` (`ID_Producto`,`Codigo`,`Nombre`,`Descripcion`,`N_Calzado`,`Marca`,`Foto1`,`Foto2`,`Foto3`,`Foto4`,`Foto5`,`item1`,`item2`,`item3`,`item4`,`item5`,`item6`,`item7`,`item8`,`item9`,`item10`,`PrecioVenta`,`PrecioCompra`,`Precio_Tachado`,`Existencia`,`ID_Sucursal`,`ID_Categoria`,`ID_SubCat`,`Fecha_Ingreso`,`ID_Proveedor`,`Importado`,`visto`,`Destacado`,`Online`,`can`,`cant`,`Calzado`) VALUES ('296','mariel','DemoProduc','Producto demostravito t45','0','','lib/Productos/img/Recurso 9.png','','','','','','','','','','','','','','','272.73','150.00','','20','1','3','6','2024-10-16 13:23:15','8','','1','','','0','','1');
INSERT INTO `Productos` (`ID_Producto`,`Codigo`,`Nombre`,`Descripcion`,`N_Calzado`,`Marca`,`Foto1`,`Foto2`,`Foto3`,`Foto4`,`Foto5`,`item1`,`item2`,`item3`,`item4`,`item5`,`item6`,`item7`,`item8`,`item9`,`item10`,`PrecioVenta`,`PrecioCompra`,`Precio_Tachado`,`Existencia`,`ID_Sucursal`,`ID_Categoria`,`ID_SubCat`,`Fecha_Ingreso`,`ID_Proveedor`,`Importado`,`visto`,`Destacado`,`Online`,`can`,`cant`,`Calzado`) VALUES ('297','MARIEL285','TENIS ','LOREM IPSUM DOLOR SIT AMET, CONSECTETUR ADIPISCING ELIT, SED DO EIUSMOD TEMPOR INCIDIDUNT UT LABORE ET DOLORE MAGNA ALIQUA. UT ENIM AD MINIM VENIAM, QUIS NOSTRUD EXERCITATION ULLAMCO LABORIS NISI UT ALIQUIP EX EA COMMODO CONSEQUAT. #28.5','28.5','','https://sys.powersports.top/lib/Productos/img/MARIEL285/41f5EJ939aL._AC_SY1000_.jpg','https://sys.powersports.top/lib/Productos/img/MARIEL285/categorias-casual-caballero-Florsheim-confort-gris.png','https://sys.powersports.top/lib/Productos/img/MARIEL285/fc010c5f0249a2b72075013b6bff8b7d.jpeg','https://sys.powersports.top/lib/Productos/img/blitz_SN.png','','','','','','','','','','','','584.75','345.00','645.00','28','1','3','1','2024-10-21 11:36:52','2','','1','1','0','0','','1');
INSERT INTO `Productos` (`ID_Producto`,`Codigo`,`Nombre`,`Descripcion`,`N_Calzado`,`Marca`,`Foto1`,`Foto2`,`Foto3`,`Foto4`,`Foto5`,`item1`,`item2`,`item3`,`item4`,`item5`,`item6`,`item7`,`item8`,`item9`,`item10`,`PrecioVenta`,`PrecioCompra`,`Precio_Tachado`,`Existencia`,`ID_Sucursal`,`ID_Categoria`,`ID_SubCat`,`Fecha_Ingreso`,`ID_Proveedor`,`Importado`,`visto`,`Destacado`,`Online`,`can`,`cant`,`Calzado`) VALUES ('298','MARIEL290','ZAPATOS ','LOREM IPSUM DOLOR SIT AMET, CONSECTETUR ADIPISCING ELIT, SED DO EIUSMOD TEMPOR INCIDIDUNT UT LABORE ET DOLORE MAGNA ALIQUA. UT ENIM AD MINIM VENIAM, QUIS NOSTRUD EXERCITATION ULLAMCO LABORIS NISI UT ALIQUIP EX EA COMMODO CONSEQUAT. #29','29','','https://sys.powersports.top/lib/Productos/img/MARIEL290/categorias-casual-caballero-Florsheim-confort-gris.png','https://sys.powersports.top/lib/Productos/img/MARIEL290/fc010c5f0249a2b72075013b6bff8b7d.jpeg','https://sys.powersports.top/lib/Productos/img/blitz_SN.png','https://sys.powersports.top/lib/Productos/img/blitz_SN.png','','','55','','','','7','','4','','','203.39','120.00','205.00','13','1','3','2','2024-10-21 11:41:19','5','','1','SI','1','0','','1');
INSERT INTO `Productos` (`ID_Producto`,`Codigo`,`Nombre`,`Descripcion`,`N_Calzado`,`Marca`,`Foto1`,`Foto2`,`Foto3`,`Foto4`,`Foto5`,`item1`,`item2`,`item3`,`item4`,`item5`,`item6`,`item7`,`item8`,`item9`,`item10`,`PrecioVenta`,`PrecioCompra`,`Precio_Tachado`,`Existencia`,`ID_Sucursal`,`ID_Categoria`,`ID_SubCat`,`Fecha_Ingreso`,`ID_Proveedor`,`Importado`,`visto`,`Destacado`,`Online`,`can`,`cant`,`Calzado`) VALUES ('299','MARIEL243','ROPA','DEWDWDWEDEWDWDEWD','','','https://sys.powersports.top/lib/Productos/img/MARIEL243/categorias-casual-caballero-Florsheim-confort-gris.png','https://sys.powersports.top/lib/Productos/img/MARIEL243/fc010c5f0249a2b72075013b6bff8b7d.jpeg','https://sys.powersports.top/lib/Productos/img/blitz_SN.png','https://sys.powersports.top/lib/Productos/img/MARIEL243/41f5EJ939aL._AC_SY1000_.jpg','','','','','','','','','','','','20.34','12.00','50.00','13','1','5','5','2024-10-21 11:48:30','5','','1','0','0','0','','0');
INSERT INTO `Productos` (`ID_Producto`,`Codigo`,`Nombre`,`Descripcion`,`N_Calzado`,`Marca`,`Foto1`,`Foto2`,`Foto3`,`Foto4`,`Foto5`,`item1`,`item2`,`item3`,`item4`,`item5`,`item6`,`item7`,`item8`,`item9`,`item10`,`PrecioVenta`,`PrecioCompra`,`Precio_Tachado`,`Existencia`,`ID_Sucursal`,`ID_Categoria`,`ID_SubCat`,`Fecha_Ingreso`,`ID_Proveedor`,`Importado`,`visto`,`Destacado`,`Online`,`can`,`cant`,`Calzado`) VALUES ('300','IZATCH','PANTALON','DEFEFEFEFE TCH','TCH','','https://sys.powersports.top/lib/Productos/img/IZATCH/fc010c5f0249a2b72075013b6bff8b7d.jpeg','https://sys.powersports.top/lib/Productos/img/IZATCH/41f5EJ939aL._AC_SY1000_.jpg','https://sys.powersports.top/lib/Productos/img/blitz_SN.png','https://sys.powersports.top/lib/Productos/img/IZATCH/images-3.jpeg','','','','','','','','','','','','59.32','35.00','60.00','24','1','2','4','2024-10-21 12:05:22','2','','1','0','0','0','','0');
INSERT INTO `Productos` (`ID_Producto`,`Codigo`,`Nombre`,`Descripcion`,`N_Calzado`,`Marca`,`Foto1`,`Foto2`,`Foto3`,`Foto4`,`Foto5`,`item1`,`item2`,`item3`,`item4`,`item5`,`item6`,`item7`,`item8`,`item9`,`item10`,`PrecioVenta`,`PrecioCompra`,`Precio_Tachado`,`Existencia`,`ID_Sucursal`,`ID_Categoria`,`ID_SubCat`,`Fecha_Ingreso`,`ID_Proveedor`,`Importado`,`visto`,`Destacado`,`Online`,`can`,`cant`,`Calzado`) VALUES ('305','ew23','3wewrw','producto demostrativo solo para uso de desarrollo','','','lib/Productos/img/blitz_SN.png','lib/Productos/img/blitz_SN.png','lib/Productos/img/blitz_SN.png','lib/Productos/img/blitz_SN.png','lib/Productos/img/blitz_SN.png','','','','','','','','','','','562.71','332.00','','46','1','4','2','2025-05-18 16:55:06','2','','1','','0','0','','');
INSERT INTO `Productos` (`ID_Producto`,`Codigo`,`Nombre`,`Descripcion`,`N_Calzado`,`Marca`,`Foto1`,`Foto2`,`Foto3`,`Foto4`,`Foto5`,`item1`,`item2`,`item3`,`item4`,`item5`,`item6`,`item7`,`item8`,`item9`,`item10`,`PrecioVenta`,`PrecioCompra`,`Precio_Tachado`,`Existencia`,`ID_Sucursal`,`ID_Categoria`,`ID_SubCat`,`Fecha_Ingreso`,`ID_Proveedor`,`Importado`,`visto`,`Destacado`,`Online`,`can`,`cant`,`Calzado`) VALUES ('306','wewe','fe','producto demostrativo solo para uso de desarrollo','','','lib/Productos/img/blitz_SN.png','lib/Productos/img/blitz_SN.png','lib/Productos/img/blitz_SN.png','lib/Productos/img/blitz_SN.png','lib/Productos/img/blitz_SN.png','','','','','','','','','','','37.29','22.00','','32','1','1','4','2025-05-18 16:57:00','2','','1','','0','0','','');
INSERT INTO `Productos` (`ID_Producto`,`Codigo`,`Nombre`,`Descripcion`,`N_Calzado`,`Marca`,`Foto1`,`Foto2`,`Foto3`,`Foto4`,`Foto5`,`item1`,`item2`,`item3`,`item4`,`item5`,`item6`,`item7`,`item8`,`item9`,`item10`,`PrecioVenta`,`PrecioCompra`,`Precio_Tachado`,`Existencia`,`ID_Sucursal`,`ID_Categoria`,`ID_SubCat`,`Fecha_Ingreso`,`ID_Proveedor`,`Importado`,`visto`,`Destacado`,`Online`,`can`,`cant`,`Calzado`) VALUES ('307','qwewqeaa','4334e','producto demostrativo solo para uso de desarrollo','','','lib/Productos/img/blitz_SN.png','lib/Productos/img/blitz_SN.png','lib/Productos/img/blitz_SN.png','lib/Productos/img/blitz_SN.png','lib/Productos/img/blitz_SN.png','','','','','','','','','','','37.29','22.00','','333','1','2','1','2025-05-18 17:20:23','2','','1','','0','0','','');
INSERT INTO `Productos` (`ID_Producto`,`Codigo`,`Nombre`,`Descripcion`,`N_Calzado`,`Marca`,`Foto1`,`Foto2`,`Foto3`,`Foto4`,`Foto5`,`item1`,`item2`,`item3`,`item4`,`item5`,`item6`,`item7`,`item8`,`item9`,`item10`,`PrecioVenta`,`PrecioCompra`,`Precio_Tachado`,`Existencia`,`ID_Sucursal`,`ID_Categoria`,`ID_SubCat`,`Fecha_Ingreso`,`ID_Proveedor`,`Importado`,`visto`,`Destacado`,`Online`,`can`,`cant`,`Calzado`) VALUES ('308','aqwsqqq','1212','producto demostrativo solo para uso de desarrollo','','','lib/Productos/img/blitz_SN.png','lib/Productos/img/blitz_SN.png','lib/Productos/img/blitz_SN.png','lib/Productos/img/blitz_SN.png','lib/Productos/img/blitz_SN.png','','','','','','','','','','','374.58','221.00','','22','1','5','4','2025-05-18 17:21:12','2','','1','','0','0','','');
INSERT INTO `Productos` (`ID_Producto`,`Codigo`,`Nombre`,`Descripcion`,`N_Calzado`,`Marca`,`Foto1`,`Foto2`,`Foto3`,`Foto4`,`Foto5`,`item1`,`item2`,`item3`,`item4`,`item5`,`item6`,`item7`,`item8`,`item9`,`item10`,`PrecioVenta`,`PrecioCompra`,`Precio_Tachado`,`Existencia`,`ID_Sucursal`,`ID_Categoria`,`ID_SubCat`,`Fecha_Ingreso`,`ID_Proveedor`,`Importado`,`visto`,`Destacado`,`Online`,`can`,`cant`,`Calzado`) VALUES ('309','qwertyu','ss','producto demostrativo solo para uso de desarrollo','','','https://midominio.com/lib/Productos/img/blitz_SN.png','https://midominio.com/lib/Productos/img/blitz_SN.png','https://midominio.com/lib/Productos/img/blitz_SN.png','https://midominio.com/lib/Productos/img/blitz_SN.png','https://midominio.com/lib/Productos/img/blitz_SN.png','','','','','','','','','','','37.29','22.00','','22','1','2','2','2025-05-18 17:33:22','2','','1','','0','0','','');
INSERT INTO `Productos` (`ID_Producto`,`Codigo`,`Nombre`,`Descripcion`,`N_Calzado`,`Marca`,`Foto1`,`Foto2`,`Foto3`,`Foto4`,`Foto5`,`item1`,`item2`,`item3`,`item4`,`item5`,`item6`,`item7`,`item8`,`item9`,`item10`,`PrecioVenta`,`PrecioCompra`,`Precio_Tachado`,`Existencia`,`ID_Sucursal`,`ID_Categoria`,`ID_SubCat`,`Fecha_Ingreso`,`ID_Proveedor`,`Importado`,`visto`,`Destacado`,`Online`,`can`,`cant`,`Calzado`) VALUES ('310','asdf','ewew','producto demostrativo solo para uso de desarrollo','','','https://midominio.com/lib/Productos/img/asdf/1747590003_0.png','https://midominio.com/lib/Productos/img/asdf/1747590003_1.jpg','https://midominio.com/lib/Productos/img/asdf/1747590003_2.png','https://midominio.com/lib/Productos/img/asdf/1747590003_3.png','https://midominio.com/lib/Productos/img/asdf/1747590003_4.jpeg','','','','','','','','','','','55.93','33.00','','33','1','2','4','2025-05-18 17:40:03','2','','1','','0','0','','');
INSERT INTO `Productos` (`ID_Producto`,`Codigo`,`Nombre`,`Descripcion`,`N_Calzado`,`Marca`,`Foto1`,`Foto2`,`Foto3`,`Foto4`,`Foto5`,`item1`,`item2`,`item3`,`item4`,`item5`,`item6`,`item7`,`item8`,`item9`,`item10`,`PrecioVenta`,`PrecioCompra`,`Precio_Tachado`,`Existencia`,`ID_Sucursal`,`ID_Categoria`,`ID_SubCat`,`Fecha_Ingreso`,`ID_Proveedor`,`Importado`,`visto`,`Destacado`,`Online`,`can`,`cant`,`Calzado`) VALUES ('311','00419225','zapato ','producto para de4sarrollo  #22.5','22.5','','https://sys.powersports.top/lib/Productos/img/0419225/1762457146_0.jpg','https://sys.powersports.top/lib/Productos/img/0419225/1762457146_1.jpg','https://sys.powersports.top/lib/Productos/img/blitz_SN.png','https://sys.powersports.top/lib/Productos/img/blitz_SN.png','https://sys.powersports.top/lib/Productos/img/blitz_SN.png','','','','','','','','','','','466.10','275.00','','419','1','3','3','2025-11-06 19:25:46','','','1','','0','0','','1');
INSERT INTO `Productos` (`ID_Producto`,`Codigo`,`Nombre`,`Descripcion`,`N_Calzado`,`Marca`,`Foto1`,`Foto2`,`Foto3`,`Foto4`,`Foto5`,`item1`,`item2`,`item3`,`item4`,`item5`,`item6`,`item7`,`item8`,`item9`,`item10`,`PrecioVenta`,`PrecioCompra`,`Precio_Tachado`,`Existencia`,`ID_Sucursal`,`ID_Categoria`,`ID_SubCat`,`Fecha_Ingreso`,`ID_Proveedor`,`Importado`,`visto`,`Destacado`,`Online`,`can`,`cant`,`Calzado`) VALUES ('312','0419225','zapato ','producto para de4sarrollo  #22.5','22.5','','https://sys.powersports.top/lib/Productos/img/0419225/1762457265_0.jpg','https://sys.powersports.top/lib/Productos/img/0419225/1762457265_1.jpg','https://sys.powersports.top/lib/Productos/img/blitz_SN.png','https://sys.powersports.top/lib/Productos/img/blitz_SN.png','https://sys.powersports.top/lib/Productos/img/blitz_SN.png','','','','','','','','','','','466.10','275.00','','419','1','3','3','2025-11-06 19:27:45','','','1','','0','0','','1');
INSERT INTO `Productos` (`ID_Producto`,`Codigo`,`Nombre`,`Descripcion`,`N_Calzado`,`Marca`,`Foto1`,`Foto2`,`Foto3`,`Foto4`,`Foto5`,`item1`,`item2`,`item3`,`item4`,`item5`,`item6`,`item7`,`item8`,`item9`,`item10`,`PrecioVenta`,`PrecioCompra`,`Precio_Tachado`,`Existencia`,`ID_Sucursal`,`ID_Categoria`,`ID_SubCat`,`Fecha_Ingreso`,`ID_Proveedor`,`Importado`,`visto`,`Destacado`,`Online`,`can`,`cant`,`Calzado`) VALUES ('313','producto1','1qw','cdcscd  ds','','','https://sys.powersports.top/lib/Productos/img/blitz_SN.png','https://sys.powersports.top/lib/Productos/img/blitz_SN.png','https://sys.powersports.top/lib/Productos/img/blitz_SN.png','https://sys.powersports.top/lib/Productos/img/blitz_SN.png','https://sys.powersports.top/lib/Productos/img/blitz_SN.png','','','','','','','','','','','37.29','22.00','','2','1','2','2','2025-11-06 19:35:33','','','1','','0','0','','');
INSERT INTO `Productos` (`ID_Producto`,`Codigo`,`Nombre`,`Descripcion`,`N_Calzado`,`Marca`,`Foto1`,`Foto2`,`Foto3`,`Foto4`,`Foto5`,`item1`,`item2`,`item3`,`item4`,`item5`,`item6`,`item7`,`item8`,`item9`,`item10`,`PrecioVenta`,`PrecioCompra`,`Precio_Tachado`,`Existencia`,`ID_Sucursal`,`ID_Categoria`,`ID_SubCat`,`Fecha_Ingreso`,`ID_Proveedor`,`Importado`,`visto`,`Destacado`,`Online`,`can`,`cant`,`Calzado`) VALUES ('314','pp2','destacado pero no el linea','asd','','','https://sys.powersports.top/lib/Productos/img/blitz_SN.png','https://sys.powersports.top/lib/Productos/img/blitz_SN.png','https://sys.powersports.top/lib/Productos/img/blitz_SN.png','https://sys.powersports.top/lib/Productos/img/blitz_SN.png','https://sys.powersports.top/lib/Productos/img/blitz_SN.png','','','','','','','','','','','1.69','1.00','','3','1','6','4','2025-11-06 19:37:58','','','1','0','0','0','','');
INSERT INTO `Productos` (`ID_Producto`,`Codigo`,`Nombre`,`Descripcion`,`N_Calzado`,`Marca`,`Foto1`,`Foto2`,`Foto3`,`Foto4`,`Foto5`,`item1`,`item2`,`item3`,`item4`,`item5`,`item6`,`item7`,`item8`,`item9`,`item10`,`PrecioVenta`,`PrecioCompra`,`Precio_Tachado`,`Existencia`,`ID_Sucursal`,`ID_Categoria`,`ID_SubCat`,`Fecha_Ingreso`,`ID_Proveedor`,`Importado`,`visto`,`Destacado`,`Online`,`can`,`cant`,`Calzado`) VALUES ('315','0123285','producto en linea pero no destacada','retyertyeryherty','','','https://sys.powersports.top/lib/Productos/img/0123285/1762525170_0.jpg','https://sys.powersports.top/lib/Productos/img/blitz_SN.png','https://sys.powersports.top/lib/Productos/img/blitz_SN.png','https://sys.powersports.top/lib/Productos/img/blitz_SN.png','https://sys.powersports.top/lib/Productos/img/blitz_SN.png','','','','','','','','','','','74.58','44.00','200.00','4','1','3','2','2025-11-07 14:19:30','','','1','1','1','0','','');

DELETE FROM `Productos_Sucursales`;
INSERT INTO `Productos_Sucursales` (`ID`,`ID_Producto`,`ID_Sucursal`,`Cantidad`) VALUES ('1','5','1','5');
INSERT INTO `Productos_Sucursales` (`ID`,`ID_Producto`,`ID_Sucursal`,`Cantidad`) VALUES ('2','6','1','0');
INSERT INTO `Productos_Sucursales` (`ID`,`ID_Producto`,`ID_Sucursal`,`Cantidad`) VALUES ('3','7','1','1');
INSERT INTO `Productos_Sucursales` (`ID`,`ID_Producto`,`ID_Sucursal`,`Cantidad`) VALUES ('4','8','1','1');
INSERT INTO `Productos_Sucursales` (`ID`,`ID_Producto`,`ID_Sucursal`,`Cantidad`) VALUES ('5','9','1','1');
INSERT INTO `Productos_Sucursales` (`ID`,`ID_Producto`,`ID_Sucursal`,`Cantidad`) VALUES ('6','10','1','1');
INSERT INTO `Productos_Sucursales` (`ID`,`ID_Producto`,`ID_Sucursal`,`Cantidad`) VALUES ('7','11','1','1');
INSERT INTO `Productos_Sucursales` (`ID`,`ID_Producto`,`ID_Sucursal`,`Cantidad`) VALUES ('8','12','1','1');
INSERT INTO `Productos_Sucursales` (`ID`,`ID_Producto`,`ID_Sucursal`,`Cantidad`) VALUES ('9','13','1','1');
INSERT INTO `Productos_Sucursales` (`ID`,`ID_Producto`,`ID_Sucursal`,`Cantidad`) VALUES ('10','14','1','1');
INSERT INTO `Productos_Sucursales` (`ID`,`ID_Producto`,`ID_Sucursal`,`Cantidad`) VALUES ('11','15','1','1');
INSERT INTO `Productos_Sucursales` (`ID`,`ID_Producto`,`ID_Sucursal`,`Cantidad`) VALUES ('12','16','1','1');
INSERT INTO `Productos_Sucursales` (`ID`,`ID_Producto`,`ID_Sucursal`,`Cantidad`) VALUES ('13','17','1','1');
INSERT INTO `Productos_Sucursales` (`ID`,`ID_Producto`,`ID_Sucursal`,`Cantidad`) VALUES ('14','18','1','1');
INSERT INTO `Productos_Sucursales` (`ID`,`ID_Producto`,`ID_Sucursal`,`Cantidad`) VALUES ('15','19','1','1');
INSERT INTO `Productos_Sucursales` (`ID`,`ID_Producto`,`ID_Sucursal`,`Cantidad`) VALUES ('16','20','1','1');
INSERT INTO `Productos_Sucursales` (`ID`,`ID_Producto`,`ID_Sucursal`,`Cantidad`) VALUES ('17','21','1','1');
INSERT INTO `Productos_Sucursales` (`ID`,`ID_Producto`,`ID_Sucursal`,`Cantidad`) VALUES ('18','22','1','1');
INSERT INTO `Productos_Sucursales` (`ID`,`ID_Producto`,`ID_Sucursal`,`Cantidad`) VALUES ('19','23','1','1');
INSERT INTO `Productos_Sucursales` (`ID`,`ID_Producto`,`ID_Sucursal`,`Cantidad`) VALUES ('20','24','1','1');
INSERT INTO `Productos_Sucursales` (`ID`,`ID_Producto`,`ID_Sucursal`,`Cantidad`) VALUES ('21','25','1','1');
INSERT INTO `Productos_Sucursales` (`ID`,`ID_Producto`,`ID_Sucursal`,`Cantidad`) VALUES ('22','26','1','1');
INSERT INTO `Productos_Sucursales` (`ID`,`ID_Producto`,`ID_Sucursal`,`Cantidad`) VALUES ('23','27','1','1');
INSERT INTO `Productos_Sucursales` (`ID`,`ID_Producto`,`ID_Sucursal`,`Cantidad`) VALUES ('24','28','1','1');
INSERT INTO `Productos_Sucursales` (`ID`,`ID_Producto`,`ID_Sucursal`,`Cantidad`) VALUES ('25','29','1','1');
INSERT INTO `Productos_Sucursales` (`ID`,`ID_Producto`,`ID_Sucursal`,`Cantidad`) VALUES ('26','30','1','0');
INSERT INTO `Productos_Sucursales` (`ID`,`ID_Producto`,`ID_Sucursal`,`Cantidad`) VALUES ('27','31','1','1');
INSERT INTO `Productos_Sucursales` (`ID`,`ID_Producto`,`ID_Sucursal`,`Cantidad`) VALUES ('28','32','1','1');
INSERT INTO `Productos_Sucursales` (`ID`,`ID_Producto`,`ID_Sucursal`,`Cantidad`) VALUES ('29','33','1','1');
INSERT INTO `Productos_Sucursales` (`ID`,`ID_Producto`,`ID_Sucursal`,`Cantidad`) VALUES ('30','34','1','1');
INSERT INTO `Productos_Sucursales` (`ID`,`ID_Producto`,`ID_Sucursal`,`Cantidad`) VALUES ('31','35','1','1');
INSERT INTO `Productos_Sucursales` (`ID`,`ID_Producto`,`ID_Sucursal`,`Cantidad`) VALUES ('32','36','1','1');
INSERT INTO `Productos_Sucursales` (`ID`,`ID_Producto`,`ID_Sucursal`,`Cantidad`) VALUES ('33','37','1','1');
INSERT INTO `Productos_Sucursales` (`ID`,`ID_Producto`,`ID_Sucursal`,`Cantidad`) VALUES ('34','38','1','1');
INSERT INTO `Productos_Sucursales` (`ID`,`ID_Producto`,`ID_Sucursal`,`Cantidad`) VALUES ('35','39','1','1');
INSERT INTO `Productos_Sucursales` (`ID`,`ID_Producto`,`ID_Sucursal`,`Cantidad`) VALUES ('36','40','1','1');
INSERT INTO `Productos_Sucursales` (`ID`,`ID_Producto`,`ID_Sucursal`,`Cantidad`) VALUES ('37','41','1','1');
INSERT INTO `Productos_Sucursales` (`ID`,`ID_Producto`,`ID_Sucursal`,`Cantidad`) VALUES ('38','42','1','1');
INSERT INTO `Productos_Sucursales` (`ID`,`ID_Producto`,`ID_Sucursal`,`Cantidad`) VALUES ('39','43','1','1');
INSERT INTO `Productos_Sucursales` (`ID`,`ID_Producto`,`ID_Sucursal`,`Cantidad`) VALUES ('40','44','1','0');
INSERT INTO `Productos_Sucursales` (`ID`,`ID_Producto`,`ID_Sucursal`,`Cantidad`) VALUES ('41','45','1','1');
INSERT INTO `Productos_Sucursales` (`ID`,`ID_Producto`,`ID_Sucursal`,`Cantidad`) VALUES ('42','46','1','1');
INSERT INTO `Productos_Sucursales` (`ID`,`ID_Producto`,`ID_Sucursal`,`Cantidad`) VALUES ('43','47','1','1');
INSERT INTO `Productos_Sucursales` (`ID`,`ID_Producto`,`ID_Sucursal`,`Cantidad`) VALUES ('44','48','1','1');
INSERT INTO `Productos_Sucursales` (`ID`,`ID_Producto`,`ID_Sucursal`,`Cantidad`) VALUES ('45','49','1','1');
INSERT INTO `Productos_Sucursales` (`ID`,`ID_Producto`,`ID_Sucursal`,`Cantidad`) VALUES ('46','50','1','1');
INSERT INTO `Productos_Sucursales` (`ID`,`ID_Producto`,`ID_Sucursal`,`Cantidad`) VALUES ('47','51','1','1');
INSERT INTO `Productos_Sucursales` (`ID`,`ID_Producto`,`ID_Sucursal`,`Cantidad`) VALUES ('48','52','1','0');
INSERT INTO `Productos_Sucursales` (`ID`,`ID_Producto`,`ID_Sucursal`,`Cantidad`) VALUES ('49','53','1','1');
INSERT INTO `Productos_Sucursales` (`ID`,`ID_Producto`,`ID_Sucursal`,`Cantidad`) VALUES ('50','54','1','1');
INSERT INTO `Productos_Sucursales` (`ID`,`ID_Producto`,`ID_Sucursal`,`Cantidad`) VALUES ('51','55','1','1');
INSERT INTO `Productos_Sucursales` (`ID`,`ID_Producto`,`ID_Sucursal`,`Cantidad`) VALUES ('52','56','1','1');
INSERT INTO `Productos_Sucursales` (`ID`,`ID_Producto`,`ID_Sucursal`,`Cantidad`) VALUES ('53','57','1','1');
INSERT INTO `Productos_Sucursales` (`ID`,`ID_Producto`,`ID_Sucursal`,`Cantidad`) VALUES ('54','58','1','1');
INSERT INTO `Productos_Sucursales` (`ID`,`ID_Producto`,`ID_Sucursal`,`Cantidad`) VALUES ('55','59','1','1');
INSERT INTO `Productos_Sucursales` (`ID`,`ID_Producto`,`ID_Sucursal`,`Cantidad`) VALUES ('56','60','1','0');
INSERT INTO `Productos_Sucursales` (`ID`,`ID_Producto`,`ID_Sucursal`,`Cantidad`) VALUES ('57','61','1','1');
INSERT INTO `Productos_Sucursales` (`ID`,`ID_Producto`,`ID_Sucursal`,`Cantidad`) VALUES ('58','62','1','2');
INSERT INTO `Productos_Sucursales` (`ID`,`ID_Producto`,`ID_Sucursal`,`Cantidad`) VALUES ('59','63','1','1');
INSERT INTO `Productos_Sucursales` (`ID`,`ID_Producto`,`ID_Sucursal`,`Cantidad`) VALUES ('60','64','1','1');
INSERT INTO `Productos_Sucursales` (`ID`,`ID_Producto`,`ID_Sucursal`,`Cantidad`) VALUES ('61','65','1','1');
INSERT INTO `Productos_Sucursales` (`ID`,`ID_Producto`,`ID_Sucursal`,`Cantidad`) VALUES ('62','66','1','2');
INSERT INTO `Productos_Sucursales` (`ID`,`ID_Producto`,`ID_Sucursal`,`Cantidad`) VALUES ('63','67','1','1');
INSERT INTO `Productos_Sucursales` (`ID`,`ID_Producto`,`ID_Sucursal`,`Cantidad`) VALUES ('64','68','1','1');
INSERT INTO `Productos_Sucursales` (`ID`,`ID_Producto`,`ID_Sucursal`,`Cantidad`) VALUES ('65','69','1','1');
INSERT INTO `Productos_Sucursales` (`ID`,`ID_Producto`,`ID_Sucursal`,`Cantidad`) VALUES ('66','70','1','1');
INSERT INTO `Productos_Sucursales` (`ID`,`ID_Producto`,`ID_Sucursal`,`Cantidad`) VALUES ('67','71','1','1');
INSERT INTO `Productos_Sucursales` (`ID`,`ID_Producto`,`ID_Sucursal`,`Cantidad`) VALUES ('68','72','1','1');
INSERT INTO `Productos_Sucursales` (`ID`,`ID_Producto`,`ID_Sucursal`,`Cantidad`) VALUES ('69','73','1','1');
INSERT INTO `Productos_Sucursales` (`ID`,`ID_Producto`,`ID_Sucursal`,`Cantidad`) VALUES ('70','74','1','0');
INSERT INTO `Productos_Sucursales` (`ID`,`ID_Producto`,`ID_Sucursal`,`Cantidad`) VALUES ('71','75','1','1');
INSERT INTO `Productos_Sucursales` (`ID`,`ID_Producto`,`ID_Sucursal`,`Cantidad`) VALUES ('72','76','1','1');
INSERT INTO `Productos_Sucursales` (`ID`,`ID_Producto`,`ID_Sucursal`,`Cantidad`) VALUES ('73','77','1','1');
INSERT INTO `Productos_Sucursales` (`ID`,`ID_Producto`,`ID_Sucursal`,`Cantidad`) VALUES ('74','78','1','1');
INSERT INTO `Productos_Sucursales` (`ID`,`ID_Producto`,`ID_Sucursal`,`Cantidad`) VALUES ('75','79','1','1');
INSERT INTO `Productos_Sucursales` (`ID`,`ID_Producto`,`ID_Sucursal`,`Cantidad`) VALUES ('76','80','1','1');
INSERT INTO `Productos_Sucursales` (`ID`,`ID_Producto`,`ID_Sucursal`,`Cantidad`) VALUES ('77','81','1','1');
INSERT INTO `Productos_Sucursales` (`ID`,`ID_Producto`,`ID_Sucursal`,`Cantidad`) VALUES ('78','82','1','1');
INSERT INTO `Productos_Sucursales` (`ID`,`ID_Producto`,`ID_Sucursal`,`Cantidad`) VALUES ('79','83','1','1');
INSERT INTO `Productos_Sucursales` (`ID`,`ID_Producto`,`ID_Sucursal`,`Cantidad`) VALUES ('80','84','1','1');
INSERT INTO `Productos_Sucursales` (`ID`,`ID_Producto`,`ID_Sucursal`,`Cantidad`) VALUES ('81','85','1','1');
INSERT INTO `Productos_Sucursales` (`ID`,`ID_Producto`,`ID_Sucursal`,`Cantidad`) VALUES ('82','86','1','1');
INSERT INTO `Productos_Sucursales` (`ID`,`ID_Producto`,`ID_Sucursal`,`Cantidad`) VALUES ('83','87','1','1');
INSERT INTO `Productos_Sucursales` (`ID`,`ID_Producto`,`ID_Sucursal`,`Cantidad`) VALUES ('84','88','1','1');
INSERT INTO `Productos_Sucursales` (`ID`,`ID_Producto`,`ID_Sucursal`,`Cantidad`) VALUES ('85','89','1','1');
INSERT INTO `Productos_Sucursales` (`ID`,`ID_Producto`,`ID_Sucursal`,`Cantidad`) VALUES ('86','90','1','1');
INSERT INTO `Productos_Sucursales` (`ID`,`ID_Producto`,`ID_Sucursal`,`Cantidad`) VALUES ('87','91','1','1');
INSERT INTO `Productos_Sucursales` (`ID`,`ID_Producto`,`ID_Sucursal`,`Cantidad`) VALUES ('88','92','1','1');
INSERT INTO `Productos_Sucursales` (`ID`,`ID_Producto`,`ID_Sucursal`,`Cantidad`) VALUES ('89','93','1','1');
INSERT INTO `Productos_Sucursales` (`ID`,`ID_Producto`,`ID_Sucursal`,`Cantidad`) VALUES ('90','94','1','2');
INSERT INTO `Productos_Sucursales` (`ID`,`ID_Producto`,`ID_Sucursal`,`Cantidad`) VALUES ('91','95','1','-1');
INSERT INTO `Productos_Sucursales` (`ID`,`ID_Producto`,`ID_Sucursal`,`Cantidad`) VALUES ('92','96','1','1');
INSERT INTO `Productos_Sucursales` (`ID`,`ID_Producto`,`ID_Sucursal`,`Cantidad`) VALUES ('93','97','1','1');
INSERT INTO `Productos_Sucursales` (`ID`,`ID_Producto`,`ID_Sucursal`,`Cantidad`) VALUES ('94','98','1','0');
INSERT INTO `Productos_Sucursales` (`ID`,`ID_Producto`,`ID_Sucursal`,`Cantidad`) VALUES ('95','99','1','1');
INSERT INTO `Productos_Sucursales` (`ID`,`ID_Producto`,`ID_Sucursal`,`Cantidad`) VALUES ('96','100','1','1');
INSERT INTO `Productos_Sucursales` (`ID`,`ID_Producto`,`ID_Sucursal`,`Cantidad`) VALUES ('97','101','1','1');
INSERT INTO `Productos_Sucursales` (`ID`,`ID_Producto`,`ID_Sucursal`,`Cantidad`) VALUES ('98','102','1','2');
INSERT INTO `Productos_Sucursales` (`ID`,`ID_Producto`,`ID_Sucursal`,`Cantidad`) VALUES ('99','103','1','2');
INSERT INTO `Productos_Sucursales` (`ID`,`ID_Producto`,`ID_Sucursal`,`Cantidad`) VALUES ('100','104','1','1');
INSERT INTO `Productos_Sucursales` (`ID`,`ID_Producto`,`ID_Sucursal`,`Cantidad`) VALUES ('101','105','1','1');
INSERT INTO `Productos_Sucursales` (`ID`,`ID_Producto`,`ID_Sucursal`,`Cantidad`) VALUES ('102','106','1','1');
INSERT INTO `Productos_Sucursales` (`ID`,`ID_Producto`,`ID_Sucursal`,`Cantidad`) VALUES ('103','107','1','1');
INSERT INTO `Productos_Sucursales` (`ID`,`ID_Producto`,`ID_Sucursal`,`Cantidad`) VALUES ('104','108','1','1');
INSERT INTO `Productos_Sucursales` (`ID`,`ID_Producto`,`ID_Sucursal`,`Cantidad`) VALUES ('105','109','1','1');
INSERT INTO `Productos_Sucursales` (`ID`,`ID_Producto`,`ID_Sucursal`,`Cantidad`) VALUES ('106','110','1','1');
INSERT INTO `Productos_Sucursales` (`ID`,`ID_Producto`,`ID_Sucursal`,`Cantidad`) VALUES ('107','111','1','1');
INSERT INTO `Productos_Sucursales` (`ID`,`ID_Producto`,`ID_Sucursal`,`Cantidad`) VALUES ('108','112','1','1');
INSERT INTO `Productos_Sucursales` (`ID`,`ID_Producto`,`ID_Sucursal`,`Cantidad`) VALUES ('109','113','1','1');
INSERT INTO `Productos_Sucursales` (`ID`,`ID_Producto`,`ID_Sucursal`,`Cantidad`) VALUES ('110','114','1','1');
INSERT INTO `Productos_Sucursales` (`ID`,`ID_Producto`,`ID_Sucursal`,`Cantidad`) VALUES ('111','115','1','1');
INSERT INTO `Productos_Sucursales` (`ID`,`ID_Producto`,`ID_Sucursal`,`Cantidad`) VALUES ('112','116','1','1');
INSERT INTO `Productos_Sucursales` (`ID`,`ID_Producto`,`ID_Sucursal`,`Cantidad`) VALUES ('113','123','1','1');
INSERT INTO `Productos_Sucursales` (`ID`,`ID_Producto`,`ID_Sucursal`,`Cantidad`) VALUES ('114','124','1','2');
INSERT INTO `Productos_Sucursales` (`ID`,`ID_Producto`,`ID_Sucursal`,`Cantidad`) VALUES ('115','125','1','2');
INSERT INTO `Productos_Sucursales` (`ID`,`ID_Producto`,`ID_Sucursal`,`Cantidad`) VALUES ('116','126','1','2');
INSERT INTO `Productos_Sucursales` (`ID`,`ID_Producto`,`ID_Sucursal`,`Cantidad`) VALUES ('117','127','1','1');
INSERT INTO `Productos_Sucursales` (`ID`,`ID_Producto`,`ID_Sucursal`,`Cantidad`) VALUES ('118','128','1','1');
INSERT INTO `Productos_Sucursales` (`ID`,`ID_Producto`,`ID_Sucursal`,`Cantidad`) VALUES ('119','129','1','0');
INSERT INTO `Productos_Sucursales` (`ID`,`ID_Producto`,`ID_Sucursal`,`Cantidad`) VALUES ('120','130','1','1');
INSERT INTO `Productos_Sucursales` (`ID`,`ID_Producto`,`ID_Sucursal`,`Cantidad`) VALUES ('121','131','1','1');
INSERT INTO `Productos_Sucursales` (`ID`,`ID_Producto`,`ID_Sucursal`,`Cantidad`) VALUES ('122','132','1','1');
INSERT INTO `Productos_Sucursales` (`ID`,`ID_Producto`,`ID_Sucursal`,`Cantidad`) VALUES ('123','133','1','1');
INSERT INTO `Productos_Sucursales` (`ID`,`ID_Producto`,`ID_Sucursal`,`Cantidad`) VALUES ('124','134','1','1');
INSERT INTO `Productos_Sucursales` (`ID`,`ID_Producto`,`ID_Sucursal`,`Cantidad`) VALUES ('125','135','1','1');
INSERT INTO `Productos_Sucursales` (`ID`,`ID_Producto`,`ID_Sucursal`,`Cantidad`) VALUES ('126','136','1','1');
INSERT INTO `Productos_Sucursales` (`ID`,`ID_Producto`,`ID_Sucursal`,`Cantidad`) VALUES ('127','137','1','1');
INSERT INTO `Productos_Sucursales` (`ID`,`ID_Producto`,`ID_Sucursal`,`Cantidad`) VALUES ('128','138','1','1');
INSERT INTO `Productos_Sucursales` (`ID`,`ID_Producto`,`ID_Sucursal`,`Cantidad`) VALUES ('129','139','1','1');
INSERT INTO `Productos_Sucursales` (`ID`,`ID_Producto`,`ID_Sucursal`,`Cantidad`) VALUES ('130','140','1','1');
INSERT INTO `Productos_Sucursales` (`ID`,`ID_Producto`,`ID_Sucursal`,`Cantidad`) VALUES ('131','141','1','1');
INSERT INTO `Productos_Sucursales` (`ID`,`ID_Producto`,`ID_Sucursal`,`Cantidad`) VALUES ('132','142','1','1');
INSERT INTO `Productos_Sucursales` (`ID`,`ID_Producto`,`ID_Sucursal`,`Cantidad`) VALUES ('133','143','1','1');
INSERT INTO `Productos_Sucursales` (`ID`,`ID_Producto`,`ID_Sucursal`,`Cantidad`) VALUES ('134','144','1','1');
INSERT INTO `Productos_Sucursales` (`ID`,`ID_Producto`,`ID_Sucursal`,`Cantidad`) VALUES ('135','145','1','1');
INSERT INTO `Productos_Sucursales` (`ID`,`ID_Producto`,`ID_Sucursal`,`Cantidad`) VALUES ('136','146','1','1');
INSERT INTO `Productos_Sucursales` (`ID`,`ID_Producto`,`ID_Sucursal`,`Cantidad`) VALUES ('137','147','1','1');
INSERT INTO `Productos_Sucursales` (`ID`,`ID_Producto`,`ID_Sucursal`,`Cantidad`) VALUES ('138','148','1','1');
INSERT INTO `Productos_Sucursales` (`ID`,`ID_Producto`,`ID_Sucursal`,`Cantidad`) VALUES ('139','149','1','1');
INSERT INTO `Productos_Sucursales` (`ID`,`ID_Producto`,`ID_Sucursal`,`Cantidad`) VALUES ('140','150','1','1');
INSERT INTO `Productos_Sucursales` (`ID`,`ID_Producto`,`ID_Sucursal`,`Cantidad`) VALUES ('141','151','1','1');
INSERT INTO `Productos_Sucursales` (`ID`,`ID_Producto`,`ID_Sucursal`,`Cantidad`) VALUES ('142','152','1','1');
INSERT INTO `Productos_Sucursales` (`ID`,`ID_Producto`,`ID_Sucursal`,`Cantidad`) VALUES ('143','153','1','1');
INSERT INTO `Productos_Sucursales` (`ID`,`ID_Producto`,`ID_Sucursal`,`Cantidad`) VALUES ('144','154','1','1');
INSERT INTO `Productos_Sucursales` (`ID`,`ID_Producto`,`ID_Sucursal`,`Cantidad`) VALUES ('145','155','1','1');
INSERT INTO `Productos_Sucursales` (`ID`,`ID_Producto`,`ID_Sucursal`,`Cantidad`) VALUES ('146','156','1','1');
INSERT INTO `Productos_Sucursales` (`ID`,`ID_Producto`,`ID_Sucursal`,`Cantidad`) VALUES ('147','157','1','1');
INSERT INTO `Productos_Sucursales` (`ID`,`ID_Producto`,`ID_Sucursal`,`Cantidad`) VALUES ('148','158','1','1');
INSERT INTO `Productos_Sucursales` (`ID`,`ID_Producto`,`ID_Sucursal`,`Cantidad`) VALUES ('149','159','1','0');
INSERT INTO `Productos_Sucursales` (`ID`,`ID_Producto`,`ID_Sucursal`,`Cantidad`) VALUES ('150','160','1','0');
INSERT INTO `Productos_Sucursales` (`ID`,`ID_Producto`,`ID_Sucursal`,`Cantidad`) VALUES ('151','161','1','1');
INSERT INTO `Productos_Sucursales` (`ID`,`ID_Producto`,`ID_Sucursal`,`Cantidad`) VALUES ('152','162','1','0');
INSERT INTO `Productos_Sucursales` (`ID`,`ID_Producto`,`ID_Sucursal`,`Cantidad`) VALUES ('153','163','1','-2');
INSERT INTO `Productos_Sucursales` (`ID`,`ID_Producto`,`ID_Sucursal`,`Cantidad`) VALUES ('154','164','1','1');
INSERT INTO `Productos_Sucursales` (`ID`,`ID_Producto`,`ID_Sucursal`,`Cantidad`) VALUES ('155','165','1','1');
INSERT INTO `Productos_Sucursales` (`ID`,`ID_Producto`,`ID_Sucursal`,`Cantidad`) VALUES ('156','166','1','1');
INSERT INTO `Productos_Sucursales` (`ID`,`ID_Producto`,`ID_Sucursal`,`Cantidad`) VALUES ('157','167','1','1');
INSERT INTO `Productos_Sucursales` (`ID`,`ID_Producto`,`ID_Sucursal`,`Cantidad`) VALUES ('158','168','1','1');
INSERT INTO `Productos_Sucursales` (`ID`,`ID_Producto`,`ID_Sucursal`,`Cantidad`) VALUES ('159','169','1','1');
INSERT INTO `Productos_Sucursales` (`ID`,`ID_Producto`,`ID_Sucursal`,`Cantidad`) VALUES ('160','170','1','1');
INSERT INTO `Productos_Sucursales` (`ID`,`ID_Producto`,`ID_Sucursal`,`Cantidad`) VALUES ('161','171','1','1');
INSERT INTO `Productos_Sucursales` (`ID`,`ID_Producto`,`ID_Sucursal`,`Cantidad`) VALUES ('162','172','1','1270');
INSERT INTO `Productos_Sucursales` (`ID`,`ID_Producto`,`ID_Sucursal`,`Cantidad`) VALUES ('163','173','1','1');
INSERT INTO `Productos_Sucursales` (`ID`,`ID_Producto`,`ID_Sucursal`,`Cantidad`) VALUES ('164','174','1','1');
INSERT INTO `Productos_Sucursales` (`ID`,`ID_Producto`,`ID_Sucursal`,`Cantidad`) VALUES ('165','175','1','1');
INSERT INTO `Productos_Sucursales` (`ID`,`ID_Producto`,`ID_Sucursal`,`Cantidad`) VALUES ('166','176','1','1');
INSERT INTO `Productos_Sucursales` (`ID`,`ID_Producto`,`ID_Sucursal`,`Cantidad`) VALUES ('167','177','1','1');
INSERT INTO `Productos_Sucursales` (`ID`,`ID_Producto`,`ID_Sucursal`,`Cantidad`) VALUES ('168','178','1','1');
INSERT INTO `Productos_Sucursales` (`ID`,`ID_Producto`,`ID_Sucursal`,`Cantidad`) VALUES ('169','179','1','1');
INSERT INTO `Productos_Sucursales` (`ID`,`ID_Producto`,`ID_Sucursal`,`Cantidad`) VALUES ('170','180','1','1');
INSERT INTO `Productos_Sucursales` (`ID`,`ID_Producto`,`ID_Sucursal`,`Cantidad`) VALUES ('171','181','1','1');
INSERT INTO `Productos_Sucursales` (`ID`,`ID_Producto`,`ID_Sucursal`,`Cantidad`) VALUES ('172','182','1','1');
INSERT INTO `Productos_Sucursales` (`ID`,`ID_Producto`,`ID_Sucursal`,`Cantidad`) VALUES ('173','184','1','13');
INSERT INTO `Productos_Sucursales` (`ID`,`ID_Producto`,`ID_Sucursal`,`Cantidad`) VALUES ('174','185','1','1');
INSERT INTO `Productos_Sucursales` (`ID`,`ID_Producto`,`ID_Sucursal`,`Cantidad`) VALUES ('175','186','1','1');
INSERT INTO `Productos_Sucursales` (`ID`,`ID_Producto`,`ID_Sucursal`,`Cantidad`) VALUES ('176','187','1','1');
INSERT INTO `Productos_Sucursales` (`ID`,`ID_Producto`,`ID_Sucursal`,`Cantidad`) VALUES ('177','188','1','1');
INSERT INTO `Productos_Sucursales` (`ID`,`ID_Producto`,`ID_Sucursal`,`Cantidad`) VALUES ('178','189','1','1');
INSERT INTO `Productos_Sucursales` (`ID`,`ID_Producto`,`ID_Sucursal`,`Cantidad`) VALUES ('179','190','1','1');
INSERT INTO `Productos_Sucursales` (`ID`,`ID_Producto`,`ID_Sucursal`,`Cantidad`) VALUES ('180','191','1','1');
INSERT INTO `Productos_Sucursales` (`ID`,`ID_Producto`,`ID_Sucursal`,`Cantidad`) VALUES ('181','192','1','1');
INSERT INTO `Productos_Sucursales` (`ID`,`ID_Producto`,`ID_Sucursal`,`Cantidad`) VALUES ('182','193','1','1');
INSERT INTO `Productos_Sucursales` (`ID`,`ID_Producto`,`ID_Sucursal`,`Cantidad`) VALUES ('183','194','1','1');
INSERT INTO `Productos_Sucursales` (`ID`,`ID_Producto`,`ID_Sucursal`,`Cantidad`) VALUES ('184','195','1','1');
INSERT INTO `Productos_Sucursales` (`ID`,`ID_Producto`,`ID_Sucursal`,`Cantidad`) VALUES ('185','196','1','1');
INSERT INTO `Productos_Sucursales` (`ID`,`ID_Producto`,`ID_Sucursal`,`Cantidad`) VALUES ('186','197','1','1');
INSERT INTO `Productos_Sucursales` (`ID`,`ID_Producto`,`ID_Sucursal`,`Cantidad`) VALUES ('187','198','1','1');
INSERT INTO `Productos_Sucursales` (`ID`,`ID_Producto`,`ID_Sucursal`,`Cantidad`) VALUES ('188','199','1','1');
INSERT INTO `Productos_Sucursales` (`ID`,`ID_Producto`,`ID_Sucursal`,`Cantidad`) VALUES ('189','200','1','1');
INSERT INTO `Productos_Sucursales` (`ID`,`ID_Producto`,`ID_Sucursal`,`Cantidad`) VALUES ('190','201','1','1');
INSERT INTO `Productos_Sucursales` (`ID`,`ID_Producto`,`ID_Sucursal`,`Cantidad`) VALUES ('191','202','1','1');
INSERT INTO `Productos_Sucursales` (`ID`,`ID_Producto`,`ID_Sucursal`,`Cantidad`) VALUES ('192','203','1','1');
INSERT INTO `Productos_Sucursales` (`ID`,`ID_Producto`,`ID_Sucursal`,`Cantidad`) VALUES ('193','204','1','1');
INSERT INTO `Productos_Sucursales` (`ID`,`ID_Producto`,`ID_Sucursal`,`Cantidad`) VALUES ('194','205','1','1');
INSERT INTO `Productos_Sucursales` (`ID`,`ID_Producto`,`ID_Sucursal`,`Cantidad`) VALUES ('195','206','1','1');
INSERT INTO `Productos_Sucursales` (`ID`,`ID_Producto`,`ID_Sucursal`,`Cantidad`) VALUES ('196','207','1','1');
INSERT INTO `Productos_Sucursales` (`ID`,`ID_Producto`,`ID_Sucursal`,`Cantidad`) VALUES ('197','209','1','1');
INSERT INTO `Productos_Sucursales` (`ID`,`ID_Producto`,`ID_Sucursal`,`Cantidad`) VALUES ('198','210','1','1');
INSERT INTO `Productos_Sucursales` (`ID`,`ID_Producto`,`ID_Sucursal`,`Cantidad`) VALUES ('199','211','1','1');
INSERT INTO `Productos_Sucursales` (`ID`,`ID_Producto`,`ID_Sucursal`,`Cantidad`) VALUES ('200','212','1','1');
INSERT INTO `Productos_Sucursales` (`ID`,`ID_Producto`,`ID_Sucursal`,`Cantidad`) VALUES ('201','213','1','0');
INSERT INTO `Productos_Sucursales` (`ID`,`ID_Producto`,`ID_Sucursal`,`Cantidad`) VALUES ('202','215','1','1');
INSERT INTO `Productos_Sucursales` (`ID`,`ID_Producto`,`ID_Sucursal`,`Cantidad`) VALUES ('203','216','1','1');
INSERT INTO `Productos_Sucursales` (`ID`,`ID_Producto`,`ID_Sucursal`,`Cantidad`) VALUES ('204','217','1','1');
INSERT INTO `Productos_Sucursales` (`ID`,`ID_Producto`,`ID_Sucursal`,`Cantidad`) VALUES ('205','218','1','1');
INSERT INTO `Productos_Sucursales` (`ID`,`ID_Producto`,`ID_Sucursal`,`Cantidad`) VALUES ('206','219','1','113');
INSERT INTO `Productos_Sucursales` (`ID`,`ID_Producto`,`ID_Sucursal`,`Cantidad`) VALUES ('207','220','1','1');
INSERT INTO `Productos_Sucursales` (`ID`,`ID_Producto`,`ID_Sucursal`,`Cantidad`) VALUES ('208','221','1','1');
INSERT INTO `Productos_Sucursales` (`ID`,`ID_Producto`,`ID_Sucursal`,`Cantidad`) VALUES ('209','222','1','1');
INSERT INTO `Productos_Sucursales` (`ID`,`ID_Producto`,`ID_Sucursal`,`Cantidad`) VALUES ('210','223','1','1');
INSERT INTO `Productos_Sucursales` (`ID`,`ID_Producto`,`ID_Sucursal`,`Cantidad`) VALUES ('211','224','1','1');
INSERT INTO `Productos_Sucursales` (`ID`,`ID_Producto`,`ID_Sucursal`,`Cantidad`) VALUES ('212','225','1','1');
INSERT INTO `Productos_Sucursales` (`ID`,`ID_Producto`,`ID_Sucursal`,`Cantidad`) VALUES ('213','226','1','1');
INSERT INTO `Productos_Sucursales` (`ID`,`ID_Producto`,`ID_Sucursal`,`Cantidad`) VALUES ('214','227','1','1');
INSERT INTO `Productos_Sucursales` (`ID`,`ID_Producto`,`ID_Sucursal`,`Cantidad`) VALUES ('215','228','1','1');
INSERT INTO `Productos_Sucursales` (`ID`,`ID_Producto`,`ID_Sucursal`,`Cantidad`) VALUES ('216','229','1','0');
INSERT INTO `Productos_Sucursales` (`ID`,`ID_Producto`,`ID_Sucursal`,`Cantidad`) VALUES ('217','230','1','1');
INSERT INTO `Productos_Sucursales` (`ID`,`ID_Producto`,`ID_Sucursal`,`Cantidad`) VALUES ('218','231','1','1');
INSERT INTO `Productos_Sucursales` (`ID`,`ID_Producto`,`ID_Sucursal`,`Cantidad`) VALUES ('219','232','1','5');
INSERT INTO `Productos_Sucursales` (`ID`,`ID_Producto`,`ID_Sucursal`,`Cantidad`) VALUES ('220','233','1','3');
INSERT INTO `Productos_Sucursales` (`ID`,`ID_Producto`,`ID_Sucursal`,`Cantidad`) VALUES ('221','234','1','12');
INSERT INTO `Productos_Sucursales` (`ID`,`ID_Producto`,`ID_Sucursal`,`Cantidad`) VALUES ('222','235','1','12');
INSERT INTO `Productos_Sucursales` (`ID`,`ID_Producto`,`ID_Sucursal`,`Cantidad`) VALUES ('223','236','1','1');
INSERT INTO `Productos_Sucursales` (`ID`,`ID_Producto`,`ID_Sucursal`,`Cantidad`) VALUES ('224','237','1','3');
INSERT INTO `Productos_Sucursales` (`ID`,`ID_Producto`,`ID_Sucursal`,`Cantidad`) VALUES ('225','238','1','1');
INSERT INTO `Productos_Sucursales` (`ID`,`ID_Producto`,`ID_Sucursal`,`Cantidad`) VALUES ('226','239','1','2');
INSERT INTO `Productos_Sucursales` (`ID`,`ID_Producto`,`ID_Sucursal`,`Cantidad`) VALUES ('227','240','1','1');
INSERT INTO `Productos_Sucursales` (`ID`,`ID_Producto`,`ID_Sucursal`,`Cantidad`) VALUES ('228','241','1','1');
INSERT INTO `Productos_Sucursales` (`ID`,`ID_Producto`,`ID_Sucursal`,`Cantidad`) VALUES ('229','242','1','1');
INSERT INTO `Productos_Sucursales` (`ID`,`ID_Producto`,`ID_Sucursal`,`Cantidad`) VALUES ('230','243','1','1');
INSERT INTO `Productos_Sucursales` (`ID`,`ID_Producto`,`ID_Sucursal`,`Cantidad`) VALUES ('231','244','1','1');
INSERT INTO `Productos_Sucursales` (`ID`,`ID_Producto`,`ID_Sucursal`,`Cantidad`) VALUES ('232','245','1','1');
INSERT INTO `Productos_Sucursales` (`ID`,`ID_Producto`,`ID_Sucursal`,`Cantidad`) VALUES ('233','246','1','1');
INSERT INTO `Productos_Sucursales` (`ID`,`ID_Producto`,`ID_Sucursal`,`Cantidad`) VALUES ('234','247','1','0');
INSERT INTO `Productos_Sucursales` (`ID`,`ID_Producto`,`ID_Sucursal`,`Cantidad`) VALUES ('235','248','1','1');
INSERT INTO `Productos_Sucursales` (`ID`,`ID_Producto`,`ID_Sucursal`,`Cantidad`) VALUES ('236','249','1','1');
INSERT INTO `Productos_Sucursales` (`ID`,`ID_Producto`,`ID_Sucursal`,`Cantidad`) VALUES ('237','250','1','1');
INSERT INTO `Productos_Sucursales` (`ID`,`ID_Producto`,`ID_Sucursal`,`Cantidad`) VALUES ('238','251','1','1');
INSERT INTO `Productos_Sucursales` (`ID`,`ID_Producto`,`ID_Sucursal`,`Cantidad`) VALUES ('239','252','1','1');
INSERT INTO `Productos_Sucursales` (`ID`,`ID_Producto`,`ID_Sucursal`,`Cantidad`) VALUES ('240','253','1','1');
INSERT INTO `Productos_Sucursales` (`ID`,`ID_Producto`,`ID_Sucursal`,`Cantidad`) VALUES ('241','254','1','1');
INSERT INTO `Productos_Sucursales` (`ID`,`ID_Producto`,`ID_Sucursal`,`Cantidad`) VALUES ('242','255','1','1');
INSERT INTO `Productos_Sucursales` (`ID`,`ID_Producto`,`ID_Sucursal`,`Cantidad`) VALUES ('243','256','1','2');
INSERT INTO `Productos_Sucursales` (`ID`,`ID_Producto`,`ID_Sucursal`,`Cantidad`) VALUES ('244','257','1','4');
INSERT INTO `Productos_Sucursales` (`ID`,`ID_Producto`,`ID_Sucursal`,`Cantidad`) VALUES ('245','258','1','1');
INSERT INTO `Productos_Sucursales` (`ID`,`ID_Producto`,`ID_Sucursal`,`Cantidad`) VALUES ('246','259','1','1');
INSERT INTO `Productos_Sucursales` (`ID`,`ID_Producto`,`ID_Sucursal`,`Cantidad`) VALUES ('247','260','1','5');
INSERT INTO `Productos_Sucursales` (`ID`,`ID_Producto`,`ID_Sucursal`,`Cantidad`) VALUES ('248','261','1','1');
INSERT INTO `Productos_Sucursales` (`ID`,`ID_Producto`,`ID_Sucursal`,`Cantidad`) VALUES ('249','262','1','1');
INSERT INTO `Productos_Sucursales` (`ID`,`ID_Producto`,`ID_Sucursal`,`Cantidad`) VALUES ('250','263','1','1');
INSERT INTO `Productos_Sucursales` (`ID`,`ID_Producto`,`ID_Sucursal`,`Cantidad`) VALUES ('251','264','1','1');
INSERT INTO `Productos_Sucursales` (`ID`,`ID_Producto`,`ID_Sucursal`,`Cantidad`) VALUES ('252','265','1','4');
INSERT INTO `Productos_Sucursales` (`ID`,`ID_Producto`,`ID_Sucursal`,`Cantidad`) VALUES ('253','266','1','1');
INSERT INTO `Productos_Sucursales` (`ID`,`ID_Producto`,`ID_Sucursal`,`Cantidad`) VALUES ('254','267','1','1');
INSERT INTO `Productos_Sucursales` (`ID`,`ID_Producto`,`ID_Sucursal`,`Cantidad`) VALUES ('255','268','1','1');
INSERT INTO `Productos_Sucursales` (`ID`,`ID_Producto`,`ID_Sucursal`,`Cantidad`) VALUES ('256','269','1','3');
INSERT INTO `Productos_Sucursales` (`ID`,`ID_Producto`,`ID_Sucursal`,`Cantidad`) VALUES ('257','270','1','1');
INSERT INTO `Productos_Sucursales` (`ID`,`ID_Producto`,`ID_Sucursal`,`Cantidad`) VALUES ('258','271','1','2');
INSERT INTO `Productos_Sucursales` (`ID`,`ID_Producto`,`ID_Sucursal`,`Cantidad`) VALUES ('259','272','1','1');
INSERT INTO `Productos_Sucursales` (`ID`,`ID_Producto`,`ID_Sucursal`,`Cantidad`) VALUES ('260','273','1','0');
INSERT INTO `Productos_Sucursales` (`ID`,`ID_Producto`,`ID_Sucursal`,`Cantidad`) VALUES ('261','274','1','1');
INSERT INTO `Productos_Sucursales` (`ID`,`ID_Producto`,`ID_Sucursal`,`Cantidad`) VALUES ('262','275','1','1');
INSERT INTO `Productos_Sucursales` (`ID`,`ID_Producto`,`ID_Sucursal`,`Cantidad`) VALUES ('263','276','1','1');
INSERT INTO `Productos_Sucursales` (`ID`,`ID_Producto`,`ID_Sucursal`,`Cantidad`) VALUES ('264','277','1','1');
INSERT INTO `Productos_Sucursales` (`ID`,`ID_Producto`,`ID_Sucursal`,`Cantidad`) VALUES ('265','278','1','13');
INSERT INTO `Productos_Sucursales` (`ID`,`ID_Producto`,`ID_Sucursal`,`Cantidad`) VALUES ('266','279','1','5');
INSERT INTO `Productos_Sucursales` (`ID`,`ID_Producto`,`ID_Sucursal`,`Cantidad`) VALUES ('268','281','1','1');
INSERT INTO `Productos_Sucursales` (`ID`,`ID_Producto`,`ID_Sucursal`,`Cantidad`) VALUES ('269','282','1','0');
INSERT INTO `Productos_Sucursales` (`ID`,`ID_Producto`,`ID_Sucursal`,`Cantidad`) VALUES ('270','283','1','2');
INSERT INTO `Productos_Sucursales` (`ID`,`ID_Producto`,`ID_Sucursal`,`Cantidad`) VALUES ('271','284','1','4');
INSERT INTO `Productos_Sucursales` (`ID`,`ID_Producto`,`ID_Sucursal`,`Cantidad`) VALUES ('272','285','1','1');
INSERT INTO `Productos_Sucursales` (`ID`,`ID_Producto`,`ID_Sucursal`,`Cantidad`) VALUES ('273','286','1','1');
INSERT INTO `Productos_Sucursales` (`ID`,`ID_Producto`,`ID_Sucursal`,`Cantidad`) VALUES ('274','287','1','1');
INSERT INTO `Productos_Sucursales` (`ID`,`ID_Producto`,`ID_Sucursal`,`Cantidad`) VALUES ('275','288','1','1');
INSERT INTO `Productos_Sucursales` (`ID`,`ID_Producto`,`ID_Sucursal`,`Cantidad`) VALUES ('276','289','1','1');
INSERT INTO `Productos_Sucursales` (`ID`,`ID_Producto`,`ID_Sucursal`,`Cantidad`) VALUES ('277','290','1','1');
INSERT INTO `Productos_Sucursales` (`ID`,`ID_Producto`,`ID_Sucursal`,`Cantidad`) VALUES ('278','291','1','1');
INSERT INTO `Productos_Sucursales` (`ID`,`ID_Producto`,`ID_Sucursal`,`Cantidad`) VALUES ('279','292','1','1');
INSERT INTO `Productos_Sucursales` (`ID`,`ID_Producto`,`ID_Sucursal`,`Cantidad`) VALUES ('280','293','1','1');
INSERT INTO `Productos_Sucursales` (`ID`,`ID_Producto`,`ID_Sucursal`,`Cantidad`) VALUES ('281','294','1','3');
INSERT INTO `Productos_Sucursales` (`ID`,`ID_Producto`,`ID_Sucursal`,`Cantidad`) VALUES ('282','295','1','8');
INSERT INTO `Productos_Sucursales` (`ID`,`ID_Producto`,`ID_Sucursal`,`Cantidad`) VALUES ('283','296','1','20');
INSERT INTO `Productos_Sucursales` (`ID`,`ID_Producto`,`ID_Sucursal`,`Cantidad`) VALUES ('284','297','1','28');
INSERT INTO `Productos_Sucursales` (`ID`,`ID_Producto`,`ID_Sucursal`,`Cantidad`) VALUES ('285','298','1','13');
INSERT INTO `Productos_Sucursales` (`ID`,`ID_Producto`,`ID_Sucursal`,`Cantidad`) VALUES ('286','299','1','13');
INSERT INTO `Productos_Sucursales` (`ID`,`ID_Producto`,`ID_Sucursal`,`Cantidad`) VALUES ('287','300','1','24');
INSERT INTO `Productos_Sucursales` (`ID`,`ID_Producto`,`ID_Sucursal`,`Cantidad`) VALUES ('288','305','1','32');
INSERT INTO `Productos_Sucursales` (`ID`,`ID_Producto`,`ID_Sucursal`,`Cantidad`) VALUES ('289','306','1','21');
INSERT INTO `Productos_Sucursales` (`ID`,`ID_Producto`,`ID_Sucursal`,`Cantidad`) VALUES ('290','307','1','329');
INSERT INTO `Productos_Sucursales` (`ID`,`ID_Producto`,`ID_Sucursal`,`Cantidad`) VALUES ('291','308','1','21');
INSERT INTO `Productos_Sucursales` (`ID`,`ID_Producto`,`ID_Sucursal`,`Cantidad`) VALUES ('292','309','1','22');
INSERT INTO `Productos_Sucursales` (`ID`,`ID_Producto`,`ID_Sucursal`,`Cantidad`) VALUES ('293','310','1','33');
INSERT INTO `Productos_Sucursales` (`ID`,`ID_Producto`,`ID_Sucursal`,`Cantidad`) VALUES ('294','5','9','1');
INSERT INTO `Productos_Sucursales` (`ID`,`ID_Producto`,`ID_Sucursal`,`Cantidad`) VALUES ('295','312','1','419');
INSERT INTO `Productos_Sucursales` (`ID`,`ID_Producto`,`ID_Sucursal`,`Cantidad`) VALUES ('296','313','1','2');
INSERT INTO `Productos_Sucursales` (`ID`,`ID_Producto`,`ID_Sucursal`,`Cantidad`) VALUES ('297','314','1','3');
INSERT INTO `Productos_Sucursales` (`ID`,`ID_Producto`,`ID_Sucursal`,`Cantidad`) VALUES ('298','315','1','1');
INSERT INTO `Productos_Sucursales` (`ID`,`ID_Producto`,`ID_Sucursal`,`Cantidad`) VALUES ('300','315','9','3');
INSERT INTO `Productos_Sucursales` (`ID`,`ID_Producto`,`ID_Sucursal`,`Cantidad`) VALUES ('301','6','9','1');

DELETE FROM `Proveedores`;
INSERT INTO `Proveedores` (`ID_Proveedor`,`Nombre`,`Correo`,`Telefono`,`Foto`,`NEmpresa`,`NCorreo`,`NDireccion`,`NTel`,`NCiudad`,`NCP`,`NLogo`,`Fecha_Registro`,`Beneficiario`,`Clabe`,`Banco`,`Bio`,`NBio`,`ID_Sucursal`,`Importado`) VALUES ('2','dfgvdgd','','','','PIRMA','','','8848484','','','lib/Productos/img/blitz_SN.png','2023-05-31','','','','gfbfgnbswerg w ewrg erwg','','1','');
INSERT INTO `Proveedores` (`ID_Proveedor`,`Nombre`,`Correo`,`Telefono`,`Foto`,`NEmpresa`,`NCorreo`,`NDireccion`,`NTel`,`NCiudad`,`NCP`,`NLogo`,`Fecha_Registro`,`Beneficiario`,`Clabe`,`Banco`,`Bio`,`NBio`,`ID_Sucursal`,`Importado`) VALUES ('5','','','','lib/Productos/img/blitz_SN.png','SHEIN','','','','','','lib/Productos/img/blitz_SN.png','2023-06-01','','','','','','1','');
INSERT INTO `Proveedores` (`ID_Proveedor`,`Nombre`,`Correo`,`Telefono`,`Foto`,`NEmpresa`,`NCorreo`,`NDireccion`,`NTel`,`NCiudad`,`NCP`,`NLogo`,`Fecha_Registro`,`Beneficiario`,`Clabe`,`Banco`,`Bio`,`NBio`,`ID_Sucursal`,`Importado`) VALUES ('6','','','','lib/Productos/img/blitz_SN.png','ADIDAS','','','','','','lib/Productos/img/blitz_SN.png','2023-06-01','','','','','','1','');
INSERT INTO `Proveedores` (`ID_Proveedor`,`Nombre`,`Correo`,`Telefono`,`Foto`,`NEmpresa`,`NCorreo`,`NDireccion`,`NTel`,`NCiudad`,`NCP`,`NLogo`,`Fecha_Registro`,`Beneficiario`,`Clabe`,`Banco`,`Bio`,`NBio`,`ID_Sucursal`,`Importado`) VALUES ('7','','','','lib/Productos/img/blitz_SN.png','NKG','','','','','','lib/Productos/img/blitz_SN.png','2023-06-11','','','','','','1','');
INSERT INTO `Proveedores` (`ID_Proveedor`,`Nombre`,`Correo`,`Telefono`,`Foto`,`NEmpresa`,`NCorreo`,`NDireccion`,`NTel`,`NCiudad`,`NCP`,`NLogo`,`Fecha_Registro`,`Beneficiario`,`Clabe`,`Banco`,`Bio`,`NBio`,`ID_Sucursal`,`Importado`) VALUES ('8','','','','lib/Productos/img/blitz_SN.png','REEBOK','','','','','','lib/Productos/img/blitz_SN.png','2023-06-19','','','','','','1','');
INSERT INTO `Proveedores` (`ID_Proveedor`,`Nombre`,`Correo`,`Telefono`,`Foto`,`NEmpresa`,`NCorreo`,`NDireccion`,`NTel`,`NCiudad`,`NCP`,`NLogo`,`Fecha_Registro`,`Beneficiario`,`Clabe`,`Banco`,`Bio`,`NBio`,`ID_Sucursal`,`Importado`) VALUES ('9','','','','lib/Productos/img/blitz_SN.png','NIKE','','','','','','lib/Productos/img/blitz_SN.png','2023-06-19','','','','','','1','');
INSERT INTO `Proveedores` (`ID_Proveedor`,`Nombre`,`Correo`,`Telefono`,`Foto`,`NEmpresa`,`NCorreo`,`NDireccion`,`NTel`,`NCiudad`,`NCP`,`NLogo`,`Fecha_Registro`,`Beneficiario`,`Clabe`,`Banco`,`Bio`,`NBio`,`ID_Sucursal`,`Importado`) VALUES ('10','','','','lib/Productos/img/blitz_SN.png','PUMA','','','','','','lib/Productos/img/blitz_SN.png','2023-06-19','','','','','','1','');
INSERT INTO `Proveedores` (`ID_Proveedor`,`Nombre`,`Correo`,`Telefono`,`Foto`,`NEmpresa`,`NCorreo`,`NDireccion`,`NTel`,`NCiudad`,`NCP`,`NLogo`,`Fecha_Registro`,`Beneficiario`,`Clabe`,`Banco`,`Bio`,`NBio`,`ID_Sucursal`,`Importado`) VALUES ('11','','','','lib/Productos/img/blitz_SN.png','TOMY','','','','','','lib/Productos/img/blitz_SN.png','2023-06-19','','','','','','1','');
INSERT INTO `Proveedores` (`ID_Proveedor`,`Nombre`,`Correo`,`Telefono`,`Foto`,`NEmpresa`,`NCorreo`,`NDireccion`,`NTel`,`NCiudad`,`NCP`,`NLogo`,`Fecha_Registro`,`Beneficiario`,`Clabe`,`Banco`,`Bio`,`NBio`,`ID_Sucursal`,`Importado`) VALUES ('12','','','','lib/Productos/img/blitz_SN.png','VANS','','','','','','lib/Productos/img/blitz_SN.png','2023-06-19','','','','','','1','');
INSERT INTO `Proveedores` (`ID_Proveedor`,`Nombre`,`Correo`,`Telefono`,`Foto`,`NEmpresa`,`NCorreo`,`NDireccion`,`NTel`,`NCiudad`,`NCP`,`NLogo`,`Fecha_Registro`,`Beneficiario`,`Clabe`,`Banco`,`Bio`,`NBio`,`ID_Sucursal`,`Importado`) VALUES ('13','CHAMPIONS','','','lib/Productos/img/blitz_SN.png','CHAMPIONS','','','','','','lib/Productos/img/blitz_SN.png','2023-07-04','','','','','','1','');

DELETE FROM `Puestos`;
INSERT INTO `Puestos` (`ID_Puesto`,`Cargo`) VALUES ('1','Sistemas');
INSERT INTO `Puestos` (`ID_Puesto`,`Cargo`) VALUES ('2','Administrador');
INSERT INTO `Puestos` (`ID_Puesto`,`Cargo`) VALUES ('3','Encargado');
INSERT INTO `Puestos` (`ID_Puesto`,`Cargo`) VALUES ('4','Vendedor');
INSERT INTO `Puestos` (`ID_Puesto`,`Cargo`) VALUES ('5','Cliente');
INSERT INTO `Puestos` (`ID_Puesto`,`Cargo`) VALUES ('6','Proveedor');

DELETE FROM `Sucursales`;
INSERT INTO `Sucursales` (`ID_Sucursal`,`Nombre`,`RFC`,`Municipio`,`Estado`,`Direccion`,`Correo`,`Colonia`,`Cp`,`Latitud`,`Longitud`,`Telefono`,`Logo`,`Tipo`,`Gerente`,`Whats`,`instagram`,`facebook`,`Color`,`ColorDark`,`Clabe`,`Banco`,`Beneficiario`,`Utilidad`,`visible`) VALUES ('1','PowerSports','PAAV630203VDA','Ticul','Yucatan','C-24 x 29 y 27','contacto@powersports.top','Centro','97880','','','5660436605','lib/Empresa/img/PM.jpg','','Virginia Paredes','5649562263','','','#b8b8b8','#383838','','','','41','1');
INSERT INTO `Sucursales` (`ID_Sucursal`,`Nombre`,`RFC`,`Municipio`,`Estado`,`Direccion`,`Correo`,`Colonia`,`Cp`,`Latitud`,`Longitud`,`Telefono`,`Logo`,`Tipo`,`Gerente`,`Whats`,`instagram`,`facebook`,`Color`,`ColorDark`,`Clabe`,`Banco`,`Beneficiario`,`Utilidad`,`visible`) VALUES ('9','carn Eleazar','SAPM900328CG9','Ticul','','C 43 x 24 y 26','','Vivah 1','97860','','','9971135089','lib/Empresa/img/Blitzc0de.gif','','Eleazar Santos','928839','','','','','','','','30','1');

DELETE FROM `Venta_Detalle`;
INSERT INTO `Venta_Detalle` (`ID_Detalle`,`ID_Producto`,`Cantidad`,`ID_Venta`) VALUES ('1','60','1','1');
INSERT INTO `Venta_Detalle` (`ID_Detalle`,`ID_Producto`,`Cantidad`,`ID_Venta`) VALUES ('2','30','1','2');
INSERT INTO `Venta_Detalle` (`ID_Detalle`,`ID_Producto`,`Cantidad`,`ID_Venta`) VALUES ('5','273','1','5');
INSERT INTO `Venta_Detalle` (`ID_Detalle`,`ID_Producto`,`Cantidad`,`ID_Venta`) VALUES ('6','129','1','6');
INSERT INTO `Venta_Detalle` (`ID_Detalle`,`ID_Producto`,`Cantidad`,`ID_Venta`) VALUES ('7','74','1','7');
INSERT INTO `Venta_Detalle` (`ID_Detalle`,`ID_Producto`,`Cantidad`,`ID_Venta`) VALUES ('8','90','1','7');
INSERT INTO `Venta_Detalle` (`ID_Detalle`,`ID_Producto`,`Cantidad`,`ID_Venta`) VALUES ('9','247','1','7');
INSERT INTO `Venta_Detalle` (`ID_Detalle`,`ID_Producto`,`Cantidad`,`ID_Venta`) VALUES ('10','213','1','8');
INSERT INTO `Venta_Detalle` (`ID_Detalle`,`ID_Producto`,`Cantidad`,`ID_Venta`) VALUES ('11','229','1','9');
INSERT INTO `Venta_Detalle` (`ID_Detalle`,`ID_Producto`,`Cantidad`,`ID_Venta`) VALUES ('13','52','1','11');
INSERT INTO `Venta_Detalle` (`ID_Detalle`,`ID_Producto`,`Cantidad`,`ID_Venta`) VALUES ('16','278','1','13');
INSERT INTO `Venta_Detalle` (`ID_Detalle`,`ID_Producto`,`Cantidad`,`ID_Venta`) VALUES ('17','278','1','14');
INSERT INTO `Venta_Detalle` (`ID_Detalle`,`ID_Producto`,`Cantidad`,`ID_Venta`) VALUES ('19','282','1','15');
INSERT INTO `Venta_Detalle` (`ID_Detalle`,`ID_Producto`,`Cantidad`,`ID_Venta`) VALUES ('20','278','1','16');
INSERT INTO `Venta_Detalle` (`ID_Detalle`,`ID_Producto`,`Cantidad`,`ID_Venta`) VALUES ('21','279','1','17');
INSERT INTO `Venta_Detalle` (`ID_Detalle`,`ID_Producto`,`Cantidad`,`ID_Venta`) VALUES ('24','207','1','19');
INSERT INTO `Venta_Detalle` (`ID_Detalle`,`ID_Producto`,`Cantidad`,`ID_Venta`) VALUES ('25','181','1','19');
INSERT INTO `Venta_Detalle` (`ID_Detalle`,`ID_Producto`,`Cantidad`,`ID_Venta`) VALUES ('26','279','1','20');
INSERT INTO `Venta_Detalle` (`ID_Detalle`,`ID_Producto`,`Cantidad`,`ID_Venta`) VALUES ('27','142','1','21');
INSERT INTO `Venta_Detalle` (`ID_Detalle`,`ID_Producto`,`Cantidad`,`ID_Venta`) VALUES ('31','296','1','23');
INSERT INTO `Venta_Detalle` (`ID_Detalle`,`ID_Producto`,`Cantidad`,`ID_Venta`) VALUES ('32','159','1','24');
INSERT INTO `Venta_Detalle` (`ID_Detalle`,`ID_Producto`,`Cantidad`,`ID_Venta`) VALUES ('33','125','1','25');
INSERT INTO `Venta_Detalle` (`ID_Detalle`,`ID_Producto`,`Cantidad`,`ID_Venta`) VALUES ('34','10','1','25');
INSERT INTO `Venta_Detalle` (`ID_Detalle`,`ID_Producto`,`Cantidad`,`ID_Venta`) VALUES ('35','305','1','26');
INSERT INTO `Venta_Detalle` (`ID_Detalle`,`ID_Producto`,`Cantidad`,`ID_Venta`) VALUES ('36','305','1','27');
INSERT INTO `Venta_Detalle` (`ID_Detalle`,`ID_Producto`,`Cantidad`,`ID_Venta`) VALUES ('37','305','1','28');
INSERT INTO `Venta_Detalle` (`ID_Detalle`,`ID_Producto`,`Cantidad`,`ID_Venta`) VALUES ('38','305','1','29');
INSERT INTO `Venta_Detalle` (`ID_Detalle`,`ID_Producto`,`Cantidad`,`ID_Venta`) VALUES ('39','305','1','30');
INSERT INTO `Venta_Detalle` (`ID_Detalle`,`ID_Producto`,`Cantidad`,`ID_Venta`) VALUES ('40','305','1','31');
INSERT INTO `Venta_Detalle` (`ID_Detalle`,`ID_Producto`,`Cantidad`,`ID_Venta`) VALUES ('41','305','1','32');
INSERT INTO `Venta_Detalle` (`ID_Detalle`,`ID_Producto`,`Cantidad`,`ID_Venta`) VALUES ('42','305','1','33');
INSERT INTO `Venta_Detalle` (`ID_Detalle`,`ID_Producto`,`Cantidad`,`ID_Venta`) VALUES ('43','305','1','34');
INSERT INTO `Venta_Detalle` (`ID_Detalle`,`ID_Producto`,`Cantidad`,`ID_Venta`) VALUES ('44','305','1','35');
INSERT INTO `Venta_Detalle` (`ID_Detalle`,`ID_Producto`,`Cantidad`,`ID_Venta`) VALUES ('45','305','1','36');
INSERT INTO `Venta_Detalle` (`ID_Detalle`,`ID_Producto`,`Cantidad`,`ID_Venta`) VALUES ('46','305','1','37');
INSERT INTO `Venta_Detalle` (`ID_Detalle`,`ID_Producto`,`Cantidad`,`ID_Venta`) VALUES ('47','305','1','38');
INSERT INTO `Venta_Detalle` (`ID_Detalle`,`ID_Producto`,`Cantidad`,`ID_Venta`) VALUES ('48','305','1','39');
INSERT INTO `Venta_Detalle` (`ID_Detalle`,`ID_Producto`,`Cantidad`,`ID_Venta`) VALUES ('49','305','1','40');
INSERT INTO `Venta_Detalle` (`ID_Detalle`,`ID_Producto`,`Cantidad`,`ID_Venta`) VALUES ('50','305','1','41');
INSERT INTO `Venta_Detalle` (`ID_Detalle`,`ID_Producto`,`Cantidad`,`ID_Venta`) VALUES ('51','305','1','42');
INSERT INTO `Venta_Detalle` (`ID_Detalle`,`ID_Producto`,`Cantidad`,`ID_Venta`) VALUES ('52','127','1','43');
INSERT INTO `Venta_Detalle` (`ID_Detalle`,`ID_Producto`,`Cantidad`,`ID_Venta`) VALUES ('53','163','1','44');
INSERT INTO `Venta_Detalle` (`ID_Detalle`,`ID_Producto`,`Cantidad`,`ID_Venta`) VALUES ('54','163','1','45');
INSERT INTO `Venta_Detalle` (`ID_Detalle`,`ID_Producto`,`Cantidad`,`ID_Venta`) VALUES ('55','163','1','46');
INSERT INTO `Venta_Detalle` (`ID_Detalle`,`ID_Producto`,`Cantidad`,`ID_Venta`) VALUES ('56','95','1','47');
INSERT INTO `Venta_Detalle` (`ID_Detalle`,`ID_Producto`,`Cantidad`,`ID_Venta`) VALUES ('57','307','1','48');
INSERT INTO `Venta_Detalle` (`ID_Detalle`,`ID_Producto`,`Cantidad`,`ID_Venta`) VALUES ('58','306','1','49');
INSERT INTO `Venta_Detalle` (`ID_Detalle`,`ID_Producto`,`Cantidad`,`ID_Venta`) VALUES ('59','307','1','49');
INSERT INTO `Venta_Detalle` (`ID_Detalle`,`ID_Producto`,`Cantidad`,`ID_Venta`) VALUES ('60','95','1','49');
INSERT INTO `Venta_Detalle` (`ID_Detalle`,`ID_Producto`,`Cantidad`,`ID_Venta`) VALUES ('61','305','1','50');
INSERT INTO `Venta_Detalle` (`ID_Detalle`,`ID_Producto`,`Cantidad`,`ID_Venta`) VALUES ('63','98','1','52');
INSERT INTO `Venta_Detalle` (`ID_Detalle`,`ID_Producto`,`Cantidad`,`ID_Venta`) VALUES ('64','160','1','53');
INSERT INTO `Venta_Detalle` (`ID_Detalle`,`ID_Producto`,`Cantidad`,`ID_Venta`) VALUES ('65','162','1','53');
INSERT INTO `Venta_Detalle` (`ID_Detalle`,`ID_Producto`,`Cantidad`,`ID_Venta`) VALUES ('66','305','1','54');
INSERT INTO `Venta_Detalle` (`ID_Detalle`,`ID_Producto`,`Cantidad`,`ID_Venta`) VALUES ('67','306','1','55');
INSERT INTO `Venta_Detalle` (`ID_Detalle`,`ID_Producto`,`Cantidad`,`ID_Venta`) VALUES ('68','305','1','56');
INSERT INTO `Venta_Detalle` (`ID_Detalle`,`ID_Producto`,`Cantidad`,`ID_Venta`) VALUES ('69','306','1','57');
INSERT INTO `Venta_Detalle` (`ID_Detalle`,`ID_Producto`,`Cantidad`,`ID_Venta`) VALUES ('70','305','1','58');
INSERT INTO `Venta_Detalle` (`ID_Detalle`,`ID_Producto`,`Cantidad`,`ID_Venta`) VALUES ('71','305','1','59');
INSERT INTO `Venta_Detalle` (`ID_Detalle`,`ID_Producto`,`Cantidad`,`ID_Venta`) VALUES ('72','305','1','60');
INSERT INTO `Venta_Detalle` (`ID_Detalle`,`ID_Producto`,`Cantidad`,`ID_Venta`) VALUES ('73','305','1','61');
INSERT INTO `Venta_Detalle` (`ID_Detalle`,`ID_Producto`,`Cantidad`,`ID_Venta`) VALUES ('74','307','1','62');
INSERT INTO `Venta_Detalle` (`ID_Detalle`,`ID_Producto`,`Cantidad`,`ID_Venta`) VALUES ('75','307','1','63');
INSERT INTO `Venta_Detalle` (`ID_Detalle`,`ID_Producto`,`Cantidad`,`ID_Venta`) VALUES ('76','305','1','64');
INSERT INTO `Venta_Detalle` (`ID_Detalle`,`ID_Producto`,`Cantidad`,`ID_Venta`) VALUES ('77','305','1','65');
INSERT INTO `Venta_Detalle` (`ID_Detalle`,`ID_Producto`,`Cantidad`,`ID_Venta`) VALUES ('78','306','1','66');
INSERT INTO `Venta_Detalle` (`ID_Detalle`,`ID_Producto`,`Cantidad`,`ID_Venta`) VALUES ('79','306','1','67');
INSERT INTO `Venta_Detalle` (`ID_Detalle`,`ID_Producto`,`Cantidad`,`ID_Venta`) VALUES ('80','305','1','68');
INSERT INTO `Venta_Detalle` (`ID_Detalle`,`ID_Producto`,`Cantidad`,`ID_Venta`) VALUES ('81','305','1','69');
INSERT INTO `Venta_Detalle` (`ID_Detalle`,`ID_Producto`,`Cantidad`,`ID_Venta`) VALUES ('82','306','1','70');
INSERT INTO `Venta_Detalle` (`ID_Detalle`,`ID_Producto`,`Cantidad`,`ID_Venta`) VALUES ('83','306','1','71');
INSERT INTO `Venta_Detalle` (`ID_Detalle`,`ID_Producto`,`Cantidad`,`ID_Venta`) VALUES ('84','306','1','72');
INSERT INTO `Venta_Detalle` (`ID_Detalle`,`ID_Producto`,`Cantidad`,`ID_Venta`) VALUES ('85','306','1','73');
INSERT INTO `Venta_Detalle` (`ID_Detalle`,`ID_Producto`,`Cantidad`,`ID_Venta`) VALUES ('86','306','1','74');
INSERT INTO `Venta_Detalle` (`ID_Detalle`,`ID_Producto`,`Cantidad`,`ID_Venta`) VALUES ('87','305','1','75');
INSERT INTO `Venta_Detalle` (`ID_Detalle`,`ID_Producto`,`Cantidad`,`ID_Venta`) VALUES ('88','305','1','76');
INSERT INTO `Venta_Detalle` (`ID_Detalle`,`ID_Producto`,`Cantidad`,`ID_Venta`) VALUES ('89','306','1','77');
INSERT INTO `Venta_Detalle` (`ID_Detalle`,`ID_Producto`,`Cantidad`,`ID_Venta`) VALUES ('90','308','1','78');
INSERT INTO `Venta_Detalle` (`ID_Detalle`,`ID_Producto`,`Cantidad`,`ID_Venta`) VALUES ('91','256','1','79');

DELETE FROM `Venta_T`;
INSERT INTO `Venta_T` (`ID_Destino`,`Destino`) VALUES ('1','Venta');
INSERT INTO `Venta_T` (`ID_Destino`,`Destino`) VALUES ('2','Credito');
INSERT INTO `Venta_T` (`ID_Destino`,`Destino`) VALUES ('3','Apartado');
INSERT INTO `Venta_T` (`ID_Destino`,`Destino`) VALUES ('4','Cambio');

DELETE FROM `Ventas`;
INSERT INTO `Ventas` (`ID_Venta`,`ID_Personal`,`ID_Cliente`,`Caja`,`ID_Medio`,`Cantidad`,`Fecha`,`Hora`,`Descuento_efect`,`Descuento_porcent`,`Subtotal`,`IVA`,`Total`,`Efectivo`,`Cambio`,`ID_Destino`,`Comentarios`,`Cort`,`idcorte`,`Liquidar`,`ID_Sucursal`,`Fecha_Fin`) VALUES ('1','7','1','7','1','0','2023-06-18','12:27:02','62.50','10','625.00','90','562.50','600.00','37.50','1','','1','8','0','1','');
INSERT INTO `Ventas` (`ID_Venta`,`ID_Personal`,`ID_Cliente`,`Caja`,`ID_Medio`,`Cantidad`,`Fecha`,`Hora`,`Descuento_efect`,`Descuento_porcent`,`Subtotal`,`IVA`,`Total`,`Efectivo`,`Cambio`,`ID_Destino`,`Comentarios`,`Cort`,`idcorte`,`Liquidar`,`ID_Sucursal`,`Fecha_Fin`) VALUES ('2','7','1','7','1','0','2023-06-18','12:29:23','88.50','10','885.00','127.44','796.50','1000.00','203.50','1','','1','8','0','1','');
INSERT INTO `Ventas` (`ID_Venta`,`ID_Personal`,`ID_Cliente`,`Caja`,`ID_Medio`,`Cantidad`,`Fecha`,`Hora`,`Descuento_efect`,`Descuento_porcent`,`Subtotal`,`IVA`,`Total`,`Efectivo`,`Cambio`,`ID_Destino`,`Comentarios`,`Cort`,`idcorte`,`Liquidar`,`ID_Sucursal`,`Fecha_Fin`) VALUES ('3','7','1','7','1','0','2023-06-18','12:59:26','43.00','10','430.00','61.92','387.00','400.00','13.00','1','','1','8','0','1','');
INSERT INTO `Ventas` (`ID_Venta`,`ID_Personal`,`ID_Cliente`,`Caja`,`ID_Medio`,`Cantidad`,`Fecha`,`Hora`,`Descuento_efect`,`Descuento_porcent`,`Subtotal`,`IVA`,`Total`,`Efectivo`,`Cambio`,`ID_Destino`,`Comentarios`,`Cort`,`idcorte`,`Liquidar`,`ID_Sucursal`,`Fecha_Fin`) VALUES ('5','7','2','7','2','0','2023-06-20','12:13:58','0.00','0','650.00','104','650.00','0.00','-650.00','3','','1','8','1','1','2023-07-20');
INSERT INTO `Ventas` (`ID_Venta`,`ID_Personal`,`ID_Cliente`,`Caja`,`ID_Medio`,`Cantidad`,`Fecha`,`Hora`,`Descuento_efect`,`Descuento_porcent`,`Subtotal`,`IVA`,`Total`,`Efectivo`,`Cambio`,`ID_Destino`,`Comentarios`,`Cort`,`idcorte`,`Liquidar`,`ID_Sucursal`,`Fecha_Fin`) VALUES ('6','13','1','13','1','0','2023-06-21','19:34:48','47.00','10','470.00','67.68','423.00','500.00','77.00','1','','1','8','0','1','');
INSERT INTO `Ventas` (`ID_Venta`,`ID_Personal`,`ID_Cliente`,`Caja`,`ID_Medio`,`Cantidad`,`Fecha`,`Hora`,`Descuento_efect`,`Descuento_porcent`,`Subtotal`,`IVA`,`Total`,`Efectivo`,`Cambio`,`ID_Destino`,`Comentarios`,`Cort`,`idcorte`,`Liquidar`,`ID_Sucursal`,`Fecha_Fin`) VALUES ('7','14','3','14','2','0','2023-06-21','19:42:34','93.40','5','1868.00','283.936','1774.60','0.00','-1774.60','1','','1','8','0','1','');
INSERT INTO `Ventas` (`ID_Venta`,`ID_Personal`,`ID_Cliente`,`Caja`,`ID_Medio`,`Cantidad`,`Fecha`,`Hora`,`Descuento_efect`,`Descuento_porcent`,`Subtotal`,`IVA`,`Total`,`Efectivo`,`Cambio`,`ID_Destino`,`Comentarios`,`Cort`,`idcorte`,`Liquidar`,`ID_Sucursal`,`Fecha_Fin`) VALUES ('8','13','1','13','1','0','2023-06-21','19:44:10','0.00','0','410.00','65.6','410.00','410.00','0.00','1','','1','8','0','1','');
INSERT INTO `Ventas` (`ID_Venta`,`ID_Personal`,`ID_Cliente`,`Caja`,`ID_Medio`,`Cantidad`,`Fecha`,`Hora`,`Descuento_efect`,`Descuento_porcent`,`Subtotal`,`IVA`,`Total`,`Efectivo`,`Cambio`,`ID_Destino`,`Comentarios`,`Cort`,`idcorte`,`Liquidar`,`ID_Sucursal`,`Fecha_Fin`) VALUES ('9','7','4','7','1','0','2023-06-23','17:46:54','0.00','0','250.00','40','250.00','250.00','0.00','1','','1','8','0','1','');
INSERT INTO `Ventas` (`ID_Venta`,`ID_Personal`,`ID_Cliente`,`Caja`,`ID_Medio`,`Cantidad`,`Fecha`,`Hora`,`Descuento_efect`,`Descuento_porcent`,`Subtotal`,`IVA`,`Total`,`Efectivo`,`Cambio`,`ID_Destino`,`Comentarios`,`Cort`,`idcorte`,`Liquidar`,`ID_Sucursal`,`Fecha_Fin`) VALUES ('11','7','1','7','1','0','2023-06-24','14:01:27','72.00','10','720.00','103.68','648.00','648.00','0.00','1','','1','8','0','1','');
INSERT INTO `Ventas` (`ID_Venta`,`ID_Personal`,`ID_Cliente`,`Caja`,`ID_Medio`,`Cantidad`,`Fecha`,`Hora`,`Descuento_efect`,`Descuento_porcent`,`Subtotal`,`IVA`,`Total`,`Efectivo`,`Cambio`,`ID_Destino`,`Comentarios`,`Cort`,`idcorte`,`Liquidar`,`ID_Sucursal`,`Fecha_Fin`) VALUES ('13','7','1','7','1','0','2023-06-27','12:53:25','0.00','0','12.00','1.92','12.00','20.00','8.00','1','','1','21','0','1','');
INSERT INTO `Ventas` (`ID_Venta`,`ID_Personal`,`ID_Cliente`,`Caja`,`ID_Medio`,`Cantidad`,`Fecha`,`Hora`,`Descuento_efect`,`Descuento_porcent`,`Subtotal`,`IVA`,`Total`,`Efectivo`,`Cambio`,`ID_Destino`,`Comentarios`,`Cort`,`idcorte`,`Liquidar`,`ID_Sucursal`,`Fecha_Fin`) VALUES ('14','13','1','13','1','0','2023-06-28','14:23:52','0.00','0','12.00','1.92','12.00','12.00','0.00','1','','1','21','0','1','');
INSERT INTO `Ventas` (`ID_Venta`,`ID_Personal`,`ID_Cliente`,`Caja`,`ID_Medio`,`Cantidad`,`Fecha`,`Hora`,`Descuento_efect`,`Descuento_porcent`,`Subtotal`,`IVA`,`Total`,`Efectivo`,`Cambio`,`ID_Destino`,`Comentarios`,`Cort`,`idcorte`,`Liquidar`,`ID_Sucursal`,`Fecha_Fin`) VALUES ('15','13','1','13','1','0','2023-06-28','15:34:51','0.00','0','545.00','87.2','545.00','0.00','-545.00','3','','1','21','1','1','2023-07-28');
INSERT INTO `Ventas` (`ID_Venta`,`ID_Personal`,`ID_Cliente`,`Caja`,`ID_Medio`,`Cantidad`,`Fecha`,`Hora`,`Descuento_efect`,`Descuento_porcent`,`Subtotal`,`IVA`,`Total`,`Efectivo`,`Cambio`,`ID_Destino`,`Comentarios`,`Cort`,`idcorte`,`Liquidar`,`ID_Sucursal`,`Fecha_Fin`) VALUES ('16','7','2','7','1','0','2023-06-29','12:01:22','0.00','0','12.00','1.92','12.00','20.00','8.00','1','','1','21','0','1','');
INSERT INTO `Ventas` (`ID_Venta`,`ID_Personal`,`ID_Cliente`,`Caja`,`ID_Medio`,`Cantidad`,`Fecha`,`Hora`,`Descuento_efect`,`Descuento_porcent`,`Subtotal`,`IVA`,`Total`,`Efectivo`,`Cambio`,`ID_Destino`,`Comentarios`,`Cort`,`idcorte`,`Liquidar`,`ID_Sucursal`,`Fecha_Fin`) VALUES ('17','7','2','7','1','0','2023-07-03','13:45:57','0.00','0','12.00','1.92','12.00','12.00','0.00','1','','1','21','0','1','');
INSERT INTO `Ventas` (`ID_Venta`,`ID_Personal`,`ID_Cliente`,`Caja`,`ID_Medio`,`Cantidad`,`Fecha`,`Hora`,`Descuento_efect`,`Descuento_porcent`,`Subtotal`,`IVA`,`Total`,`Efectivo`,`Cambio`,`ID_Destino`,`Comentarios`,`Cort`,`idcorte`,`Liquidar`,`ID_Sucursal`,`Fecha_Fin`) VALUES ('19','7','2','7','1','0','2023-07-03','15:47:42','0.00','0','780.00','124.8','780.00','0.00','-780.00','3','','1','21','1','1','2023-08-03');
INSERT INTO `Ventas` (`ID_Venta`,`ID_Personal`,`ID_Cliente`,`Caja`,`ID_Medio`,`Cantidad`,`Fecha`,`Hora`,`Descuento_efect`,`Descuento_porcent`,`Subtotal`,`IVA`,`Total`,`Efectivo`,`Cambio`,`ID_Destino`,`Comentarios`,`Cort`,`idcorte`,`Liquidar`,`ID_Sucursal`,`Fecha_Fin`) VALUES ('20','7','2','7','1','0','2023-07-05','11:03:10','0.00','0','12.00','1.92','12.00','12.00','0.00','1','','1','21','0','1','');
INSERT INTO `Ventas` (`ID_Venta`,`ID_Personal`,`ID_Cliente`,`Caja`,`ID_Medio`,`Cantidad`,`Fecha`,`Hora`,`Descuento_efect`,`Descuento_porcent`,`Subtotal`,`IVA`,`Total`,`Efectivo`,`Cambio`,`ID_Destino`,`Comentarios`,`Cort`,`idcorte`,`Liquidar`,`ID_Sucursal`,`Fecha_Fin`) VALUES ('21','7','4','7','1','0','2023-07-07','13:24:25','0.00','0','395.00','63.2','395.00','0.00','-395.00','3','','1','21','1','1','2023-08-07');
INSERT INTO `Ventas` (`ID_Venta`,`ID_Personal`,`ID_Cliente`,`Caja`,`ID_Medio`,`Cantidad`,`Fecha`,`Hora`,`Descuento_efect`,`Descuento_porcent`,`Subtotal`,`IVA`,`Total`,`Efectivo`,`Cambio`,`ID_Destino`,`Comentarios`,`Cort`,`idcorte`,`Liquidar`,`ID_Sucursal`,`Fecha_Fin`) VALUES ('23','7','2','7','1','0','2024-10-16','07:52:40','0.00','0','272.73','43.6368','272.73','0.00','-272.73','3','aprt','1','21','1','1','2024-11-16');
INSERT INTO `Ventas` (`ID_Venta`,`ID_Personal`,`ID_Cliente`,`Caja`,`ID_Medio`,`Cantidad`,`Fecha`,`Hora`,`Descuento_efect`,`Descuento_porcent`,`Subtotal`,`IVA`,`Total`,`Efectivo`,`Cambio`,`ID_Destino`,`Comentarios`,`Cort`,`idcorte`,`Liquidar`,`ID_Sucursal`,`Fecha_Fin`) VALUES ('24','7','1','7','1','0','2025-02-27','01:05:23','0.00','0','440.00','70.4','440.00','500.00','60.00','1','','1','21','0','1','');
INSERT INTO `Ventas` (`ID_Venta`,`ID_Personal`,`ID_Cliente`,`Caja`,`ID_Medio`,`Cantidad`,`Fecha`,`Hora`,`Descuento_efect`,`Descuento_porcent`,`Subtotal`,`IVA`,`Total`,`Efectivo`,`Cambio`,`ID_Destino`,`Comentarios`,`Cort`,`idcorte`,`Liquidar`,`ID_Sucursal`,`Fecha_Fin`) VALUES ('25','7','1','7','1','2','2025-06-15','22:43:26','0.00','10','1325.00','190.8','1192.50','1200.00','7.50','1','','1','32','0','1','');
INSERT INTO `Ventas` (`ID_Venta`,`ID_Personal`,`ID_Cliente`,`Caja`,`ID_Medio`,`Cantidad`,`Fecha`,`Hora`,`Descuento_efect`,`Descuento_porcent`,`Subtotal`,`IVA`,`Total`,`Efectivo`,`Cambio`,`ID_Destino`,`Comentarios`,`Cort`,`idcorte`,`Liquidar`,`ID_Sucursal`,`Fecha_Fin`) VALUES ('26','7','1','7','1','1','2025-06-16','14:02:47','0.00','10','562.71','81.0304','506.44','520.00','13.56','1','dddffdfdfdfdfdfdf=======','1','32','0','1','');
INSERT INTO `Ventas` (`ID_Venta`,`ID_Personal`,`ID_Cliente`,`Caja`,`ID_Medio`,`Cantidad`,`Fecha`,`Hora`,`Descuento_efect`,`Descuento_porcent`,`Subtotal`,`IVA`,`Total`,`Efectivo`,`Cambio`,`ID_Destino`,`Comentarios`,`Cort`,`idcorte`,`Liquidar`,`ID_Sucursal`,`Fecha_Fin`) VALUES ('27','7','1','7','1','1','2025-06-16','14:24:27','0.00','0','562.71','90.0336','562.71','600.00','37.29','1','','1','32','0','1','');
INSERT INTO `Ventas` (`ID_Venta`,`ID_Personal`,`ID_Cliente`,`Caja`,`ID_Medio`,`Cantidad`,`Fecha`,`Hora`,`Descuento_efect`,`Descuento_porcent`,`Subtotal`,`IVA`,`Total`,`Efectivo`,`Cambio`,`ID_Destino`,`Comentarios`,`Cort`,`idcorte`,`Liquidar`,`ID_Sucursal`,`Fecha_Fin`) VALUES ('28','7','2','7','1','1','2025-06-17','14:47:09','0.00','0','562.71','90.0336','562.71','50.00','-512.71','3','apartado 1','1','32','1','1','2025-07-17');
INSERT INTO `Ventas` (`ID_Venta`,`ID_Personal`,`ID_Cliente`,`Caja`,`ID_Medio`,`Cantidad`,`Fecha`,`Hora`,`Descuento_efect`,`Descuento_porcent`,`Subtotal`,`IVA`,`Total`,`Efectivo`,`Cambio`,`ID_Destino`,`Comentarios`,`Cort`,`idcorte`,`Liquidar`,`ID_Sucursal`,`Fecha_Fin`) VALUES ('29','7','1','7','1','1','2025-06-21','17:20:19','0.00','0','562.71','90.0336','562.71','510.00','7.29','1','sdsdsdsdsd////','1','32','0','1','');
INSERT INTO `Ventas` (`ID_Venta`,`ID_Personal`,`ID_Cliente`,`Caja`,`ID_Medio`,`Cantidad`,`Fecha`,`Hora`,`Descuento_efect`,`Descuento_porcent`,`Subtotal`,`IVA`,`Total`,`Efectivo`,`Cambio`,`ID_Destino`,`Comentarios`,`Cort`,`idcorte`,`Liquidar`,`ID_Sucursal`,`Fecha_Fin`) VALUES ('30','7','1','7','1','1','2025-06-21','17:57:34','0.00','0','562.71','90.0336','562.71','570.00','7.29','1','cererer','1','32','0','1','');
INSERT INTO `Ventas` (`ID_Venta`,`ID_Personal`,`ID_Cliente`,`Caja`,`ID_Medio`,`Cantidad`,`Fecha`,`Hora`,`Descuento_efect`,`Descuento_porcent`,`Subtotal`,`IVA`,`Total`,`Efectivo`,`Cambio`,`ID_Destino`,`Comentarios`,`Cort`,`idcorte`,`Liquidar`,`ID_Sucursal`,`Fecha_Fin`) VALUES ('31','7','1','7','1','1','2025-06-23','14:40:31','0.00','0','562.71','90.0336','562.71','500.00','-62.71','1','zzzzaazazazazzaza','1','32','0','1','');
INSERT INTO `Ventas` (`ID_Venta`,`ID_Personal`,`ID_Cliente`,`Caja`,`ID_Medio`,`Cantidad`,`Fecha`,`Hora`,`Descuento_efect`,`Descuento_porcent`,`Subtotal`,`IVA`,`Total`,`Efectivo`,`Cambio`,`ID_Destino`,`Comentarios`,`Cort`,`idcorte`,`Liquidar`,`ID_Sucursal`,`Fecha_Fin`) VALUES ('32','7','1','7','1','1','2025-06-23','14:43:10','0.00','0','562.71','90.0336','562.71','600.00','37.29','1','ppppoopooopopopp','1','32','0','1','');
INSERT INTO `Ventas` (`ID_Venta`,`ID_Personal`,`ID_Cliente`,`Caja`,`ID_Medio`,`Cantidad`,`Fecha`,`Hora`,`Descuento_efect`,`Descuento_porcent`,`Subtotal`,`IVA`,`Total`,`Efectivo`,`Cambio`,`ID_Destino`,`Comentarios`,`Cort`,`idcorte`,`Liquidar`,`ID_Sucursal`,`Fecha_Fin`) VALUES ('33','7','1','7','1','1','2025-06-23','14:48:37','0.00','0','562.71','90.0336','562.71','600.00','37.29','1','123','1','32','0','1','');
INSERT INTO `Ventas` (`ID_Venta`,`ID_Personal`,`ID_Cliente`,`Caja`,`ID_Medio`,`Cantidad`,`Fecha`,`Hora`,`Descuento_efect`,`Descuento_porcent`,`Subtotal`,`IVA`,`Total`,`Efectivo`,`Cambio`,`ID_Destino`,`Comentarios`,`Cort`,`idcorte`,`Liquidar`,`ID_Sucursal`,`Fecha_Fin`) VALUES ('34','7','1','7','1','1','2025-06-23','15:03:42','0.00','0','562.71','90.0336','562.71','600.00','37.29','1','','1','32','0','1','');
INSERT INTO `Ventas` (`ID_Venta`,`ID_Personal`,`ID_Cliente`,`Caja`,`ID_Medio`,`Cantidad`,`Fecha`,`Hora`,`Descuento_efect`,`Descuento_porcent`,`Subtotal`,`IVA`,`Total`,`Efectivo`,`Cambio`,`ID_Destino`,`Comentarios`,`Cort`,`idcorte`,`Liquidar`,`ID_Sucursal`,`Fecha_Fin`) VALUES ('35','7','1','7','1','1','2025-06-23','15:33:46','0.00','0','562.71','90.0336','562.71','600.00','37.29','1','','1','32','0','1','');
INSERT INTO `Ventas` (`ID_Venta`,`ID_Personal`,`ID_Cliente`,`Caja`,`ID_Medio`,`Cantidad`,`Fecha`,`Hora`,`Descuento_efect`,`Descuento_porcent`,`Subtotal`,`IVA`,`Total`,`Efectivo`,`Cambio`,`ID_Destino`,`Comentarios`,`Cort`,`idcorte`,`Liquidar`,`ID_Sucursal`,`Fecha_Fin`) VALUES ('36','7','1','7','1','1','2025-06-23','15:37:26','0.00','0','562.71','90.0336','562.71','600.00','37.29','1','','1','32','0','1','');
INSERT INTO `Ventas` (`ID_Venta`,`ID_Personal`,`ID_Cliente`,`Caja`,`ID_Medio`,`Cantidad`,`Fecha`,`Hora`,`Descuento_efect`,`Descuento_porcent`,`Subtotal`,`IVA`,`Total`,`Efectivo`,`Cambio`,`ID_Destino`,`Comentarios`,`Cort`,`idcorte`,`Liquidar`,`ID_Sucursal`,`Fecha_Fin`) VALUES ('37','7','1','7','1','1','2025-06-23','15:39:26','0.00','0','562.71','90.0336','562.71','600.00','37.29','1','','1','32','0','1','');
INSERT INTO `Ventas` (`ID_Venta`,`ID_Personal`,`ID_Cliente`,`Caja`,`ID_Medio`,`Cantidad`,`Fecha`,`Hora`,`Descuento_efect`,`Descuento_porcent`,`Subtotal`,`IVA`,`Total`,`Efectivo`,`Cambio`,`ID_Destino`,`Comentarios`,`Cort`,`idcorte`,`Liquidar`,`ID_Sucursal`,`Fecha_Fin`) VALUES ('38','7','1','7','1','1','2025-06-23','15:44:35','0.00','0','562.71','90.0336','562.71','600.00','37.29','1','','1','32','0','1','');
INSERT INTO `Ventas` (`ID_Venta`,`ID_Personal`,`ID_Cliente`,`Caja`,`ID_Medio`,`Cantidad`,`Fecha`,`Hora`,`Descuento_efect`,`Descuento_porcent`,`Subtotal`,`IVA`,`Total`,`Efectivo`,`Cambio`,`ID_Destino`,`Comentarios`,`Cort`,`idcorte`,`Liquidar`,`ID_Sucursal`,`Fecha_Fin`) VALUES ('39','7','1','7','1','1','2025-06-23','15:56:54','0.00','0','562.71','90.0336','562.71','120.00','-442.71','3','apartado','1','32','1','1','2025-07-23');
INSERT INTO `Ventas` (`ID_Venta`,`ID_Personal`,`ID_Cliente`,`Caja`,`ID_Medio`,`Cantidad`,`Fecha`,`Hora`,`Descuento_efect`,`Descuento_porcent`,`Subtotal`,`IVA`,`Total`,`Efectivo`,`Cambio`,`ID_Destino`,`Comentarios`,`Cort`,`idcorte`,`Liquidar`,`ID_Sucursal`,`Fecha_Fin`) VALUES ('40','7','2','7','1','1','2025-06-23','18:24:42','0.00','0','562.71','90.0336','562.71','60.00','-502.71','3','apartado 2','1','32','1','1','2025-07-23');
INSERT INTO `Ventas` (`ID_Venta`,`ID_Personal`,`ID_Cliente`,`Caja`,`ID_Medio`,`Cantidad`,`Fecha`,`Hora`,`Descuento_efect`,`Descuento_porcent`,`Subtotal`,`IVA`,`Total`,`Efectivo`,`Cambio`,`ID_Destino`,`Comentarios`,`Cort`,`idcorte`,`Liquidar`,`ID_Sucursal`,`Fecha_Fin`) VALUES ('41','7','2','7','1','1','2025-06-23','18:29:43','0.00','0','562.71','90.0336','562.71','0.00','-562.71','3','','1','32','1','1','2025-07-23');
INSERT INTO `Ventas` (`ID_Venta`,`ID_Personal`,`ID_Cliente`,`Caja`,`ID_Medio`,`Cantidad`,`Fecha`,`Hora`,`Descuento_efect`,`Descuento_porcent`,`Subtotal`,`IVA`,`Total`,`Efectivo`,`Cambio`,`ID_Destino`,`Comentarios`,`Cort`,`idcorte`,`Liquidar`,`ID_Sucursal`,`Fecha_Fin`) VALUES ('42','7','2','7','1','1','2025-06-23','18:38:04','0.00','0','562.71','90.0336','562.71','0.00','-562.71','3','','1','36','1','1','2025-07-23');
INSERT INTO `Ventas` (`ID_Venta`,`ID_Personal`,`ID_Cliente`,`Caja`,`ID_Medio`,`Cantidad`,`Fecha`,`Hora`,`Descuento_efect`,`Descuento_porcent`,`Subtotal`,`IVA`,`Total`,`Efectivo`,`Cambio`,`ID_Destino`,`Comentarios`,`Cort`,`idcorte`,`Liquidar`,`ID_Sucursal`,`Fecha_Fin`) VALUES ('43','7','1','7','1','1','2025-07-05','19:24:21','0.00','0','-132.71','','-132.71','0.00','132.71','4','Cambios de Producto','1','36','0','1','2025-08-05');
INSERT INTO `Ventas` (`ID_Venta`,`ID_Personal`,`ID_Cliente`,`Caja`,`ID_Medio`,`Cantidad`,`Fecha`,`Hora`,`Descuento_efect`,`Descuento_porcent`,`Subtotal`,`IVA`,`Total`,`Efectivo`,`Cambio`,`ID_Destino`,`Comentarios`,`Cort`,`idcorte`,`Liquidar`,`ID_Sucursal`,`Fecha_Fin`) VALUES ('44','7','1','7','1','1','2025-08-04','15:46:35','0.00','0','402.71','','402.71','403.00','0.29','4','Cambios de Producto','1','36','0','1','2025-09-04');
INSERT INTO `Ventas` (`ID_Venta`,`ID_Personal`,`ID_Cliente`,`Caja`,`ID_Medio`,`Cantidad`,`Fecha`,`Hora`,`Descuento_efect`,`Descuento_porcent`,`Subtotal`,`IVA`,`Total`,`Efectivo`,`Cambio`,`ID_Destino`,`Comentarios`,`Cort`,`idcorte`,`Liquidar`,`ID_Sucursal`,`Fecha_Fin`) VALUES ('45','7','1','7','1','1','2025-08-04','15:53:15','0.00','0','402.71','0','402.71','410.00','7.29','4','Cambios de Producto','1','36','0','1','2025-09-04');
INSERT INTO `Ventas` (`ID_Venta`,`ID_Personal`,`ID_Cliente`,`Caja`,`ID_Medio`,`Cantidad`,`Fecha`,`Hora`,`Descuento_efect`,`Descuento_porcent`,`Subtotal`,`IVA`,`Total`,`Efectivo`,`Cambio`,`ID_Destino`,`Comentarios`,`Cort`,`idcorte`,`Liquidar`,`ID_Sucursal`,`Fecha_Fin`) VALUES ('46','7','1','7','1','2','2025-08-04','16:04:54','0.00','0','365.42','0','365.42','400.00','34.58','4','Cambios de Producto','1','36','0','1','2025-09-04');
INSERT INTO `Ventas` (`ID_Venta`,`ID_Personal`,`ID_Cliente`,`Caja`,`ID_Medio`,`Cantidad`,`Fecha`,`Hora`,`Descuento_efect`,`Descuento_porcent`,`Subtotal`,`IVA`,`Total`,`Efectivo`,`Cambio`,`ID_Destino`,`Comentarios`,`Cort`,`idcorte`,`Liquidar`,`ID_Sucursal`,`Fecha_Fin`) VALUES ('47','7','1','7','1','1','2025-08-04','16:08:28','0.00','0','712.71','0','712.71','800.00','87.29','4','Cambios de Producto','1','36','0','1','2025-09-04');
INSERT INTO `Ventas` (`ID_Venta`,`ID_Personal`,`ID_Cliente`,`Caja`,`ID_Medio`,`Cantidad`,`Fecha`,`Hora`,`Descuento_efect`,`Descuento_porcent`,`Subtotal`,`IVA`,`Total`,`Efectivo`,`Cambio`,`ID_Destino`,`Comentarios`,`Cort`,`idcorte`,`Liquidar`,`ID_Sucursal`,`Fecha_Fin`) VALUES ('48','7','1','7','1','1','2025-08-04','16:09:04','0.00','0','-712.71','0','-712.71','0.00','712.71','4','Cambios de Producto','1','36','0','1','2025-09-04');
INSERT INTO `Ventas` (`ID_Venta`,`ID_Personal`,`ID_Cliente`,`Caja`,`ID_Medio`,`Cantidad`,`Fecha`,`Hora`,`Descuento_efect`,`Descuento_porcent`,`Subtotal`,`IVA`,`Total`,`Efectivo`,`Cambio`,`ID_Destino`,`Comentarios`,`Cort`,`idcorte`,`Liquidar`,`ID_Sucursal`,`Fecha_Fin`) VALUES ('49','7','1','7','1','3','2025-08-04','16:43:33','675.00','0','824.58','131.9328','824.58','200.00','50.42','1','Aplicado descuento por: $675.00, vale con folio: 1.','1','36','0','1','');
INSERT INTO `Ventas` (`ID_Venta`,`ID_Personal`,`ID_Cliente`,`Caja`,`ID_Medio`,`Cantidad`,`Fecha`,`Hora`,`Descuento_efect`,`Descuento_porcent`,`Subtotal`,`IVA`,`Total`,`Efectivo`,`Cambio`,`ID_Destino`,`Comentarios`,`Cort`,`idcorte`,`Liquidar`,`ID_Sucursal`,`Fecha_Fin`) VALUES ('50','7','1','7','1','1','2025-08-04','17:00:25','675.00','0','562.71','90.0336','562.71','0.00','112.29','1','Aplicado descuento por: $675.00, vale con folio: 1.','1','36','0','1','');
INSERT INTO `Ventas` (`ID_Venta`,`ID_Personal`,`ID_Cliente`,`Caja`,`ID_Medio`,`Cantidad`,`Fecha`,`Hora`,`Descuento_efect`,`Descuento_porcent`,`Subtotal`,`IVA`,`Total`,`Efectivo`,`Cambio`,`ID_Destino`,`Comentarios`,`Cort`,`idcorte`,`Liquidar`,`ID_Sucursal`,`Fecha_Fin`) VALUES ('52','7','1','7','1','1','2025-08-04','17:15:34','675.00','0','708.00','113.28','708.00','50.00','17.00','1','Aplicado descuento por: $675.00, vale con folio: 1.','1','36','0','1','');
INSERT INTO `Ventas` (`ID_Venta`,`ID_Personal`,`ID_Cliente`,`Caja`,`ID_Medio`,`Cantidad`,`Fecha`,`Hora`,`Descuento_efect`,`Descuento_porcent`,`Subtotal`,`IVA`,`Total`,`Efectivo`,`Cambio`,`ID_Destino`,`Comentarios`,`Cort`,`idcorte`,`Liquidar`,`ID_Sucursal`,`Fecha_Fin`) VALUES ('53','7','1','7','1','2','2025-08-04','17:29:26','675.00','0','880.00','0','205.00','210.00','5.00','1','Aplicado descuento por: $675.00, vale con folio: 1.','1','36','0','1','');
INSERT INTO `Ventas` (`ID_Venta`,`ID_Personal`,`ID_Cliente`,`Caja`,`ID_Medio`,`Cantidad`,`Fecha`,`Hora`,`Descuento_efect`,`Descuento_porcent`,`Subtotal`,`IVA`,`Total`,`Efectivo`,`Cambio`,`ID_Destino`,`Comentarios`,`Cort`,`idcorte`,`Liquidar`,`ID_Sucursal`,`Fecha_Fin`) VALUES ('54','7','1','7','1','1','2025-11-03','23:33:41','0.00','0','562.71','0','562.71','600.00','37.29','1','pppe','1','49','0','1','');
INSERT INTO `Ventas` (`ID_Venta`,`ID_Personal`,`ID_Cliente`,`Caja`,`ID_Medio`,`Cantidad`,`Fecha`,`Hora`,`Descuento_efect`,`Descuento_porcent`,`Subtotal`,`IVA`,`Total`,`Efectivo`,`Cambio`,`ID_Destino`,`Comentarios`,`Cort`,`idcorte`,`Liquidar`,`ID_Sucursal`,`Fecha_Fin`) VALUES ('55','7','1','7','2','1','2025-11-03','23:34:34','0.00','0','37.29','0','37.29','40.00','2.71','1','apart','1','49','0','1','');
INSERT INTO `Ventas` (`ID_Venta`,`ID_Personal`,`ID_Cliente`,`Caja`,`ID_Medio`,`Cantidad`,`Fecha`,`Hora`,`Descuento_efect`,`Descuento_porcent`,`Subtotal`,`IVA`,`Total`,`Efectivo`,`Cambio`,`ID_Destino`,`Comentarios`,`Cort`,`idcorte`,`Liquidar`,`ID_Sucursal`,`Fecha_Fin`) VALUES ('56','7','1','7','1','1','2025-11-04','00:00:59','0.00','0','562.71','0','562.71','600.00','37.29','1','','','','0','1','');
INSERT INTO `Ventas` (`ID_Venta`,`ID_Personal`,`ID_Cliente`,`Caja`,`ID_Medio`,`Cantidad`,`Fecha`,`Hora`,`Descuento_efect`,`Descuento_porcent`,`Subtotal`,`IVA`,`Total`,`Efectivo`,`Cambio`,`ID_Destino`,`Comentarios`,`Cort`,`idcorte`,`Liquidar`,`ID_Sucursal`,`Fecha_Fin`) VALUES ('57','7','1','7','2','1','2025-11-04','00:03:55','0.00','0','37.29','0','37.29','50.00','12.71','1','','1','54','0','1','');
INSERT INTO `Ventas` (`ID_Venta`,`ID_Personal`,`ID_Cliente`,`Caja`,`ID_Medio`,`Cantidad`,`Fecha`,`Hora`,`Descuento_efect`,`Descuento_porcent`,`Subtotal`,`IVA`,`Total`,`Efectivo`,`Cambio`,`ID_Destino`,`Comentarios`,`Cort`,`idcorte`,`Liquidar`,`ID_Sucursal`,`Fecha_Fin`) VALUES ('58','7','1','7','1','1','2025-11-04','00:08:43','0.00','0','562.71','0','562.71','600.00','37.29','1','','1','54','0','1','');
INSERT INTO `Ventas` (`ID_Venta`,`ID_Personal`,`ID_Cliente`,`Caja`,`ID_Medio`,`Cantidad`,`Fecha`,`Hora`,`Descuento_efect`,`Descuento_porcent`,`Subtotal`,`IVA`,`Total`,`Efectivo`,`Cambio`,`ID_Destino`,`Comentarios`,`Cort`,`idcorte`,`Liquidar`,`ID_Sucursal`,`Fecha_Fin`) VALUES ('59','7','2','7','1','1','2025-11-04','00:47:05','0.00','0','562.71','0','562.71','0.00','-562.71','3','','1','58','1','1','2025-12-04');
INSERT INTO `Ventas` (`ID_Venta`,`ID_Personal`,`ID_Cliente`,`Caja`,`ID_Medio`,`Cantidad`,`Fecha`,`Hora`,`Descuento_efect`,`Descuento_porcent`,`Subtotal`,`IVA`,`Total`,`Efectivo`,`Cambio`,`ID_Destino`,`Comentarios`,`Cort`,`idcorte`,`Liquidar`,`ID_Sucursal`,`Fecha_Fin`) VALUES ('60','7','2','7','1','1','2025-11-04','00:48:23','0.00','0','562.71','0','562.71','0.00','-562.71','3','prueba de apartadp','1','58','1','1','2025-12-04');
INSERT INTO `Ventas` (`ID_Venta`,`ID_Personal`,`ID_Cliente`,`Caja`,`ID_Medio`,`Cantidad`,`Fecha`,`Hora`,`Descuento_efect`,`Descuento_porcent`,`Subtotal`,`IVA`,`Total`,`Efectivo`,`Cambio`,`ID_Destino`,`Comentarios`,`Cort`,`idcorte`,`Liquidar`,`ID_Sucursal`,`Fecha_Fin`) VALUES ('61','7','1','7','1','1','2025-11-04','17:02:12','0.00','10','562.71','90.0336','562.71','0.00','-506.44','3','jjjjjljlj;ljnj','1','58','1','1','2025-12-04');
INSERT INTO `Ventas` (`ID_Venta`,`ID_Personal`,`ID_Cliente`,`Caja`,`ID_Medio`,`Cantidad`,`Fecha`,`Hora`,`Descuento_efect`,`Descuento_porcent`,`Subtotal`,`IVA`,`Total`,`Efectivo`,`Cambio`,`ID_Destino`,`Comentarios`,`Cort`,`idcorte`,`Liquidar`,`ID_Sucursal`,`Fecha_Fin`) VALUES ('62','7','2','7','1','1','2025-11-04','17:18:11','0.00','0','37.29','5.9664','37.29','0.00','-37.29','3','','1','58','1','1','2025-12-04');
INSERT INTO `Ventas` (`ID_Venta`,`ID_Personal`,`ID_Cliente`,`Caja`,`ID_Medio`,`Cantidad`,`Fecha`,`Hora`,`Descuento_efect`,`Descuento_porcent`,`Subtotal`,`IVA`,`Total`,`Efectivo`,`Cambio`,`ID_Destino`,`Comentarios`,`Cort`,`idcorte`,`Liquidar`,`ID_Sucursal`,`Fecha_Fin`) VALUES ('63','7','1','7','1','1','2025-11-04','17:37:30','0.00','0','37.29','5.9664','37.29','40.00','2.71','1','','1','60','0','1','');
INSERT INTO `Ventas` (`ID_Venta`,`ID_Personal`,`ID_Cliente`,`Caja`,`ID_Medio`,`Cantidad`,`Fecha`,`Hora`,`Descuento_efect`,`Descuento_porcent`,`Subtotal`,`IVA`,`Total`,`Efectivo`,`Cambio`,`ID_Destino`,`Comentarios`,`Cort`,`idcorte`,`Liquidar`,`ID_Sucursal`,`Fecha_Fin`) VALUES ('64','7','1','7','1','1','2025-11-05','13:30:52','0.00','0','562.71','90.0336','562.71','2.00','-560.71','3','','1','63','1','1','2025-12-05');
INSERT INTO `Ventas` (`ID_Venta`,`ID_Personal`,`ID_Cliente`,`Caja`,`ID_Medio`,`Cantidad`,`Fecha`,`Hora`,`Descuento_efect`,`Descuento_porcent`,`Subtotal`,`IVA`,`Total`,`Efectivo`,`Cambio`,`ID_Destino`,`Comentarios`,`Cort`,`idcorte`,`Liquidar`,`ID_Sucursal`,`Fecha_Fin`) VALUES ('65','7','2','7','1','1','2025-11-05','13:33:39','0.00','0','562.71','90.0336','562.71','600.00','37.29','1','','1','63','0','1','');
INSERT INTO `Ventas` (`ID_Venta`,`ID_Personal`,`ID_Cliente`,`Caja`,`ID_Medio`,`Cantidad`,`Fecha`,`Hora`,`Descuento_efect`,`Descuento_porcent`,`Subtotal`,`IVA`,`Total`,`Efectivo`,`Cambio`,`ID_Destino`,`Comentarios`,`Cort`,`idcorte`,`Liquidar`,`ID_Sucursal`,`Fecha_Fin`) VALUES ('66','7','2','7','1','1','2025-11-05','13:54:59','0.00','0','-525.42','0','-525.42','0.00','525.42','4','Cambios de Producto','1','63','0','1','2025-12-05');
INSERT INTO `Ventas` (`ID_Venta`,`ID_Personal`,`ID_Cliente`,`Caja`,`ID_Medio`,`Cantidad`,`Fecha`,`Hora`,`Descuento_efect`,`Descuento_porcent`,`Subtotal`,`IVA`,`Total`,`Efectivo`,`Cambio`,`ID_Destino`,`Comentarios`,`Cort`,`idcorte`,`Liquidar`,`ID_Sucursal`,`Fecha_Fin`) VALUES ('67','7','1','7','1','1','2025-11-05','14:06:10','0.00','0','-525.42','0','-525.42','0.00','525.42','4','Cambios de Producto','1','63','0','1','2025-12-05');
INSERT INTO `Ventas` (`ID_Venta`,`ID_Personal`,`ID_Cliente`,`Caja`,`ID_Medio`,`Cantidad`,`Fecha`,`Hora`,`Descuento_efect`,`Descuento_porcent`,`Subtotal`,`IVA`,`Total`,`Efectivo`,`Cambio`,`ID_Destino`,`Comentarios`,`Cort`,`idcorte`,`Liquidar`,`ID_Sucursal`,`Fecha_Fin`) VALUES ('68','7','1','7','1','1','2025-11-05','14:09:27','488.00','0','562.71','90.0336','562.71','100.00','25.29','1','Aplicado descuento por: $488.00, vale con folio: 2.','1','63','0','1','');
INSERT INTO `Ventas` (`ID_Venta`,`ID_Personal`,`ID_Cliente`,`Caja`,`ID_Medio`,`Cantidad`,`Fecha`,`Hora`,`Descuento_efect`,`Descuento_porcent`,`Subtotal`,`IVA`,`Total`,`Efectivo`,`Cambio`,`ID_Destino`,`Comentarios`,`Cort`,`idcorte`,`Liquidar`,`ID_Sucursal`,`Fecha_Fin`) VALUES ('69','7','1','7','1','1','2025-11-05','14:40:02','0.00','0','562.71','90.0336','562.71','600.00','37.29','1','cobro normal','1','66','0','1','');
INSERT INTO `Ventas` (`ID_Venta`,`ID_Personal`,`ID_Cliente`,`Caja`,`ID_Medio`,`Cantidad`,`Fecha`,`Hora`,`Descuento_efect`,`Descuento_porcent`,`Subtotal`,`IVA`,`Total`,`Efectivo`,`Cambio`,`ID_Destino`,`Comentarios`,`Cort`,`idcorte`,`Liquidar`,`ID_Sucursal`,`Fecha_Fin`) VALUES ('70','7','1','7','1','1','2025-11-05','14:40:32','0.00','5','37.29','5.6688','35.43','50.00','14.57','1','cobro con 5% de desc','1','66','0','1','');
INSERT INTO `Ventas` (`ID_Venta`,`ID_Personal`,`ID_Cliente`,`Caja`,`ID_Medio`,`Cantidad`,`Fecha`,`Hora`,`Descuento_efect`,`Descuento_porcent`,`Subtotal`,`IVA`,`Total`,`Efectivo`,`Cambio`,`ID_Destino`,`Comentarios`,`Cort`,`idcorte`,`Liquidar`,`ID_Sucursal`,`Fecha_Fin`) VALUES ('71','7','2','7','1','1','2025-11-05','15:05:29','3.73','10','37.29','5.3696','33.56','50.00','16.44','1','descuento de 10%','1','66','0','1','');
INSERT INTO `Ventas` (`ID_Venta`,`ID_Personal`,`ID_Cliente`,`Caja`,`ID_Medio`,`Cantidad`,`Fecha`,`Hora`,`Descuento_efect`,`Descuento_porcent`,`Subtotal`,`IVA`,`Total`,`Efectivo`,`Cambio`,`ID_Destino`,`Comentarios`,`Cort`,`idcorte`,`Liquidar`,`ID_Sucursal`,`Fecha_Fin`) VALUES ('72','7','1','7','1','1','2025-11-05','15:07:09','10.00','0','37.29','5.9664','37.29','30.00','2.71','1','','1','66','0','1','');
INSERT INTO `Ventas` (`ID_Venta`,`ID_Personal`,`ID_Cliente`,`Caja`,`ID_Medio`,`Cantidad`,`Fecha`,`Hora`,`Descuento_efect`,`Descuento_porcent`,`Subtotal`,`IVA`,`Total`,`Efectivo`,`Cambio`,`ID_Destino`,`Comentarios`,`Cort`,`idcorte`,`Liquidar`,`ID_Sucursal`,`Fecha_Fin`) VALUES ('73','7','1','7','1','1','2025-11-05','18:04:33','10.00','0','37.29','4.3664','27.29','50.00','22.71','1','descuento de 10 pesos','1','66','0','1','');
INSERT INTO `Ventas` (`ID_Venta`,`ID_Personal`,`ID_Cliente`,`Caja`,`ID_Medio`,`Cantidad`,`Fecha`,`Hora`,`Descuento_efect`,`Descuento_porcent`,`Subtotal`,`IVA`,`Total`,`Efectivo`,`Cambio`,`ID_Destino`,`Comentarios`,`Cort`,`idcorte`,`Liquidar`,`ID_Sucursal`,`Fecha_Fin`) VALUES ('74','7','2','7','1','1','2025-11-05','22:02:37','1.86','5','37.29','5.6688','35.43','50.00','14.57','3','','1','66','1','1','2025-12-05');
INSERT INTO `Ventas` (`ID_Venta`,`ID_Personal`,`ID_Cliente`,`Caja`,`ID_Medio`,`Cantidad`,`Fecha`,`Hora`,`Descuento_efect`,`Descuento_porcent`,`Subtotal`,`IVA`,`Total`,`Efectivo`,`Cambio`,`ID_Destino`,`Comentarios`,`Cort`,`idcorte`,`Liquidar`,`ID_Sucursal`,`Fecha_Fin`) VALUES ('75','7','2','7','1','1','2025-11-05','22:19:21','0.00','0','562.71','90.0336','562.71','50.00','-512.71','3','','1','66','1','1','2025-12-05');
INSERT INTO `Ventas` (`ID_Venta`,`ID_Personal`,`ID_Cliente`,`Caja`,`ID_Medio`,`Cantidad`,`Fecha`,`Hora`,`Descuento_efect`,`Descuento_porcent`,`Subtotal`,`IVA`,`Total`,`Efectivo`,`Cambio`,`ID_Destino`,`Comentarios`,`Cort`,`idcorte`,`Liquidar`,`ID_Sucursal`,`Fecha_Fin`) VALUES ('76','7','1','7','1','1','2025-11-05','22:20:53','84.41','15','562.71','76.528','478.30','500.00','21.70','1','','1','70','0','1','');
INSERT INTO `Ventas` (`ID_Venta`,`ID_Personal`,`ID_Cliente`,`Caja`,`ID_Medio`,`Cantidad`,`Fecha`,`Hora`,`Descuento_efect`,`Descuento_porcent`,`Subtotal`,`IVA`,`Total`,`Efectivo`,`Cambio`,`ID_Destino`,`Comentarios`,`Cort`,`idcorte`,`Liquidar`,`ID_Sucursal`,`Fecha_Fin`) VALUES ('77','7','1','7','2','1','2025-11-05','22:23:14','0.00','0','37.29','5.9664','37.29','37.29','0.00','1','','1','70','0','1','');
INSERT INTO `Ventas` (`ID_Venta`,`ID_Personal`,`ID_Cliente`,`Caja`,`ID_Medio`,`Cantidad`,`Fecha`,`Hora`,`Descuento_efect`,`Descuento_porcent`,`Subtotal`,`IVA`,`Total`,`Efectivo`,`Cambio`,`ID_Destino`,`Comentarios`,`Cort`,`idcorte`,`Liquidar`,`ID_Sucursal`,`Fecha_Fin`) VALUES ('78','7','4','7','1','1','2025-11-05','22:24:21','0.00','0','374.58','59.9328','374.58','50.00','-324.58','3','','1','70','1','1','2025-12-05');
INSERT INTO `Ventas` (`ID_Venta`,`ID_Personal`,`ID_Cliente`,`Caja`,`ID_Medio`,`Cantidad`,`Fecha`,`Hora`,`Descuento_efect`,`Descuento_porcent`,`Subtotal`,`IVA`,`Total`,`Efectivo`,`Cambio`,`ID_Destino`,`Comentarios`,`Cort`,`idcorte`,`Liquidar`,`ID_Sucursal`,`Fecha_Fin`) VALUES ('79','7','1','7','1','1','2025-11-10','23:12:11','0.00','0','125.00','20','125.00','150.00','25.00','1','','0','','0','1','');

DELETE FROM `ZConfig`;
INSERT INTO `ZConfig` (`ID_C`,`Tiempo`,`Interes`) VALUES ('3','33','13');

DELETE FROM `ZMisc`;
INSERT INTO `ZMisc` (`ID_Misc`,`ID_Sucursal`,`ID_Personal`,`Fecha`,`Corte`) VALUES ('1','1','7','2023-05-31','0');
INSERT INTO `ZMisc` (`ID_Misc`,`ID_Sucursal`,`ID_Personal`,`Fecha`,`Corte`) VALUES ('2','1','7','2023-06-02','0');
INSERT INTO `ZMisc` (`ID_Misc`,`ID_Sucursal`,`ID_Personal`,`Fecha`,`Corte`) VALUES ('3','1','7','2023-06-05','0');
INSERT INTO `ZMisc` (`ID_Misc`,`ID_Sucursal`,`ID_Personal`,`Fecha`,`Corte`) VALUES ('4','1','7','2023-06-11','0');
INSERT INTO `ZMisc` (`ID_Misc`,`ID_Sucursal`,`ID_Personal`,`Fecha`,`Corte`) VALUES ('5','1','7','2023-06-12','0');
INSERT INTO `ZMisc` (`ID_Misc`,`ID_Sucursal`,`ID_Personal`,`Fecha`,`Corte`) VALUES ('6','1','7','2023-06-18','0');
INSERT INTO `ZMisc` (`ID_Misc`,`ID_Sucursal`,`ID_Personal`,`Fecha`,`Corte`) VALUES ('7','1','7','2023-06-19','0');
INSERT INTO `ZMisc` (`ID_Misc`,`ID_Sucursal`,`ID_Personal`,`Fecha`,`Corte`) VALUES ('8','1','7','2023-06-20','0');
INSERT INTO `ZMisc` (`ID_Misc`,`ID_Sucursal`,`ID_Personal`,`Fecha`,`Corte`) VALUES ('9','1','13','2023-06-21','0');
INSERT INTO `ZMisc` (`ID_Misc`,`ID_Sucursal`,`ID_Personal`,`Fecha`,`Corte`) VALUES ('10','1','7','2023-06-23','0');
INSERT INTO `ZMisc` (`ID_Misc`,`ID_Sucursal`,`ID_Personal`,`Fecha`,`Corte`) VALUES ('11','1','7','2023-06-24','0');
INSERT INTO `ZMisc` (`ID_Misc`,`ID_Sucursal`,`ID_Personal`,`Fecha`,`Corte`) VALUES ('12','1','13','2023-06-25','0');
INSERT INTO `ZMisc` (`ID_Misc`,`ID_Sucursal`,`ID_Personal`,`Fecha`,`Corte`) VALUES ('13','1','7','2023-06-27','0');
INSERT INTO `ZMisc` (`ID_Misc`,`ID_Sucursal`,`ID_Personal`,`Fecha`,`Corte`) VALUES ('14','1','13','2023-06-28','0');
INSERT INTO `ZMisc` (`ID_Misc`,`ID_Sucursal`,`ID_Personal`,`Fecha`,`Corte`) VALUES ('15','1','7','2023-06-29','0');
INSERT INTO `ZMisc` (`ID_Misc`,`ID_Sucursal`,`ID_Personal`,`Fecha`,`Corte`) VALUES ('16','1','7','2023-07-03','0');
INSERT INTO `ZMisc` (`ID_Misc`,`ID_Sucursal`,`ID_Personal`,`Fecha`,`Corte`) VALUES ('17','1','13','2023-07-04','0');
INSERT INTO `ZMisc` (`ID_Misc`,`ID_Sucursal`,`ID_Personal`,`Fecha`,`Corte`) VALUES ('18','1','7','2023-07-05','0');
INSERT INTO `ZMisc` (`ID_Misc`,`ID_Sucursal`,`ID_Personal`,`Fecha`,`Corte`) VALUES ('19','1','7','2023-07-07','0');
INSERT INTO `ZMisc` (`ID_Misc`,`ID_Sucursal`,`ID_Personal`,`Fecha`,`Corte`) VALUES ('20','1','7','2023-07-08','0');
INSERT INTO `ZMisc` (`ID_Misc`,`ID_Sucursal`,`ID_Personal`,`Fecha`,`Corte`) VALUES ('21','1','7','2023-07-10','0');
INSERT INTO `ZMisc` (`ID_Misc`,`ID_Sucursal`,`ID_Personal`,`Fecha`,`Corte`) VALUES ('22','1','13','2023-07-19','0');
INSERT INTO `ZMisc` (`ID_Misc`,`ID_Sucursal`,`ID_Personal`,`Fecha`,`Corte`) VALUES ('23','1','7','2023-10-01','0');
INSERT INTO `ZMisc` (`ID_Misc`,`ID_Sucursal`,`ID_Personal`,`Fecha`,`Corte`) VALUES ('24','1','13','2023-10-27','0');
INSERT INTO `ZMisc` (`ID_Misc`,`ID_Sucursal`,`ID_Personal`,`Fecha`,`Corte`) VALUES ('25','1','13','2023-11-08','0');
INSERT INTO `ZMisc` (`ID_Misc`,`ID_Sucursal`,`ID_Personal`,`Fecha`,`Corte`) VALUES ('26','1','7','2023-11-17','0');
INSERT INTO `ZMisc` (`ID_Misc`,`ID_Sucursal`,`ID_Personal`,`Fecha`,`Corte`) VALUES ('27','1','7','2023-11-21','0');
INSERT INTO `ZMisc` (`ID_Misc`,`ID_Sucursal`,`ID_Personal`,`Fecha`,`Corte`) VALUES ('28','1','13','2023-12-07','0');
INSERT INTO `ZMisc` (`ID_Misc`,`ID_Sucursal`,`ID_Personal`,`Fecha`,`Corte`) VALUES ('29','1','7','2024-10-16','0');
INSERT INTO `ZMisc` (`ID_Misc`,`ID_Sucursal`,`ID_Personal`,`Fecha`,`Corte`) VALUES ('30','1','7','2024-10-18','0');
INSERT INTO `ZMisc` (`ID_Misc`,`ID_Sucursal`,`ID_Personal`,`Fecha`,`Corte`) VALUES ('31','1','7','2024-10-19','0');
INSERT INTO `ZMisc` (`ID_Misc`,`ID_Sucursal`,`ID_Personal`,`Fecha`,`Corte`) VALUES ('32','1','7','2024-10-20','0');
INSERT INTO `ZMisc` (`ID_Misc`,`ID_Sucursal`,`ID_Personal`,`Fecha`,`Corte`) VALUES ('33','1','7','2024-11-09','0');
INSERT INTO `ZMisc` (`ID_Misc`,`ID_Sucursal`,`ID_Personal`,`Fecha`,`Corte`) VALUES ('34','1','7','2024-11-11','0');
INSERT INTO `ZMisc` (`ID_Misc`,`ID_Sucursal`,`ID_Personal`,`Fecha`,`Corte`) VALUES ('35','1','7','2024-11-19','0');
INSERT INTO `ZMisc` (`ID_Misc`,`ID_Sucursal`,`ID_Personal`,`Fecha`,`Corte`) VALUES ('36','1','7','2025-02-22','0');
INSERT INTO `ZMisc` (`ID_Misc`,`ID_Sucursal`,`ID_Personal`,`Fecha`,`Corte`) VALUES ('37','1','7','2025-02-23','0');
INSERT INTO `ZMisc` (`ID_Misc`,`ID_Sucursal`,`ID_Personal`,`Fecha`,`Corte`) VALUES ('38','1','7','2025-02-25','0');
INSERT INTO `ZMisc` (`ID_Misc`,`ID_Sucursal`,`ID_Personal`,`Fecha`,`Corte`) VALUES ('39','1','7','2025-02-26','0');
INSERT INTO `ZMisc` (`ID_Misc`,`ID_Sucursal`,`ID_Personal`,`Fecha`,`Corte`) VALUES ('40','1','7','2025-03-02','0');
INSERT INTO `ZMisc` (`ID_Misc`,`ID_Sucursal`,`ID_Personal`,`Fecha`,`Corte`) VALUES ('41','1','7','2025-03-04','0');
INSERT INTO `ZMisc` (`ID_Misc`,`ID_Sucursal`,`ID_Personal`,`Fecha`,`Corte`) VALUES ('42','1','7','2025-03-05','0');
INSERT INTO `ZMisc` (`ID_Misc`,`ID_Sucursal`,`ID_Personal`,`Fecha`,`Corte`) VALUES ('43','1','7','2025-03-10','0');
INSERT INTO `ZMisc` (`ID_Misc`,`ID_Sucursal`,`ID_Personal`,`Fecha`,`Corte`) VALUES ('44','1','7','2025-03-11','0');
INSERT INTO `ZMisc` (`ID_Misc`,`ID_Sucursal`,`ID_Personal`,`Fecha`,`Corte`) VALUES ('45','1','7','2025-04-23','0');
INSERT INTO `ZMisc` (`ID_Misc`,`ID_Sucursal`,`ID_Personal`,`Fecha`,`Corte`) VALUES ('46','1','7','2025-04-24','0');
INSERT INTO `ZMisc` (`ID_Misc`,`ID_Sucursal`,`ID_Personal`,`Fecha`,`Corte`) VALUES ('47','1','7','2025-04-25','0');
INSERT INTO `ZMisc` (`ID_Misc`,`ID_Sucursal`,`ID_Personal`,`Fecha`,`Corte`) VALUES ('48','1','7','2025-04-26','0');
INSERT INTO `ZMisc` (`ID_Misc`,`ID_Sucursal`,`ID_Personal`,`Fecha`,`Corte`) VALUES ('49','1','7','2025-04-28','0');
INSERT INTO `ZMisc` (`ID_Misc`,`ID_Sucursal`,`ID_Personal`,`Fecha`,`Corte`) VALUES ('50','1','7','2025-04-30','0');
INSERT INTO `ZMisc` (`ID_Misc`,`ID_Sucursal`,`ID_Personal`,`Fecha`,`Corte`) VALUES ('51','1','7','2025-05-03','0');
INSERT INTO `ZMisc` (`ID_Misc`,`ID_Sucursal`,`ID_Personal`,`Fecha`,`Corte`) VALUES ('52','1','7','2025-05-04','0');
INSERT INTO `ZMisc` (`ID_Misc`,`ID_Sucursal`,`ID_Personal`,`Fecha`,`Corte`) VALUES ('53','1','7','2025-05-05','0');
INSERT INTO `ZMisc` (`ID_Misc`,`ID_Sucursal`,`ID_Personal`,`Fecha`,`Corte`) VALUES ('54','1','7','2025-05-06','0');
INSERT INTO `ZMisc` (`ID_Misc`,`ID_Sucursal`,`ID_Personal`,`Fecha`,`Corte`) VALUES ('55','1','7','2025-05-09','0');
INSERT INTO `ZMisc` (`ID_Misc`,`ID_Sucursal`,`ID_Personal`,`Fecha`,`Corte`) VALUES ('56','1','7','2025-05-13','0');
INSERT INTO `ZMisc` (`ID_Misc`,`ID_Sucursal`,`ID_Personal`,`Fecha`,`Corte`) VALUES ('57','1','7','2025-05-18','0');
INSERT INTO `ZMisc` (`ID_Misc`,`ID_Sucursal`,`ID_Personal`,`Fecha`,`Corte`) VALUES ('58','1','7','2025-05-24','0');
INSERT INTO `ZMisc` (`ID_Misc`,`ID_Sucursal`,`ID_Personal`,`Fecha`,`Corte`) VALUES ('59','1','7','2025-05-26','0');
INSERT INTO `ZMisc` (`ID_Misc`,`ID_Sucursal`,`ID_Personal`,`Fecha`,`Corte`) VALUES ('60','1','7','2025-05-27','0');
INSERT INTO `ZMisc` (`ID_Misc`,`ID_Sucursal`,`ID_Personal`,`Fecha`,`Corte`) VALUES ('61','1','7','2025-06-01','0');
INSERT INTO `ZMisc` (`ID_Misc`,`ID_Sucursal`,`ID_Personal`,`Fecha`,`Corte`) VALUES ('62','1','7','2025-06-14','0');
INSERT INTO `ZMisc` (`ID_Misc`,`ID_Sucursal`,`ID_Personal`,`Fecha`,`Corte`) VALUES ('63','1','7','2025-06-16','0');
INSERT INTO `ZMisc` (`ID_Misc`,`ID_Sucursal`,`ID_Personal`,`Fecha`,`Corte`) VALUES ('64','1','7','2025-06-17','0');
INSERT INTO `ZMisc` (`ID_Misc`,`ID_Sucursal`,`ID_Personal`,`Fecha`,`Corte`) VALUES ('65','1','7','2025-06-21','0');
INSERT INTO `ZMisc` (`ID_Misc`,`ID_Sucursal`,`ID_Personal`,`Fecha`,`Corte`) VALUES ('66','1','7','2025-06-23','0');
INSERT INTO `ZMisc` (`ID_Misc`,`ID_Sucursal`,`ID_Personal`,`Fecha`,`Corte`) VALUES ('67','1','7','2025-07-05','0');
INSERT INTO `ZMisc` (`ID_Misc`,`ID_Sucursal`,`ID_Personal`,`Fecha`,`Corte`) VALUES ('68','1','7','2025-07-14','0');
INSERT INTO `ZMisc` (`ID_Misc`,`ID_Sucursal`,`ID_Personal`,`Fecha`,`Corte`) VALUES ('69','1','7','2025-07-16','0');
INSERT INTO `ZMisc` (`ID_Misc`,`ID_Sucursal`,`ID_Personal`,`Fecha`,`Corte`) VALUES ('70','1','7','2025-08-04','0');
INSERT INTO `ZMisc` (`ID_Misc`,`ID_Sucursal`,`ID_Personal`,`Fecha`,`Corte`) VALUES ('71','1','7','2025-11-03','0');
INSERT INTO `ZMisc` (`ID_Misc`,`ID_Sucursal`,`ID_Personal`,`Fecha`,`Corte`) VALUES ('72','1','7','2025-11-08','0');
INSERT INTO `ZMisc` (`ID_Misc`,`ID_Sucursal`,`ID_Personal`,`Fecha`,`Corte`) VALUES ('73','1','7','2025-11-10','0');
INSERT INTO `ZMisc` (`ID_Misc`,`ID_Sucursal`,`ID_Personal`,`Fecha`,`Corte`) VALUES ('74','1','7','2025-11-11','0');
INSERT INTO `ZMisc` (`ID_Misc`,`ID_Sucursal`,`ID_Personal`,`Fecha`,`Corte`) VALUES ('75','1','7','2025-11-16','0');

DELETE FROM `codigos`;
INSERT INTO `codigos` (`idCodigo`,`codigo`,`descuento`,`ID_Sucursal`,`FechaLimite`,`Estatus`,`Usos`,`Limite`) VALUES ('1','were','20','','2025-11-11','1','299','500');
INSERT INTO `codigos` (`idCodigo`,`codigo`,`descuento`,`ID_Sucursal`,`FechaLimite`,`Estatus`,`Usos`,`Limite`) VALUES ('2','fin','50','','2025-11-20','0','15','20');
INSERT INTO `codigos` (`idCodigo`,`codigo`,`descuento`,`ID_Sucursal`,`FechaLimite`,`Estatus`,`Usos`,`Limite`) VALUES ('3','tryyhtr','80','','2025-11-20','1','0','20');
INSERT INTO `codigos` (`idCodigo`,`codigo`,`descuento`,`ID_Sucursal`,`FechaLimite`,`Estatus`,`Usos`,`Limite`) VALUES ('4','QWERTY','90','','2025-11-20','0','0','12');
INSERT INTO `codigos` (`idCodigo`,`codigo`,`descuento`,`ID_Sucursal`,`FechaLimite`,`Estatus`,`Usos`,`Limite`) VALUES ('5','were','20','','2025-11-11','1','299','500');
INSERT INTO `codigos` (`idCodigo`,`codigo`,`descuento`,`ID_Sucursal`,`FechaLimite`,`Estatus`,`Usos`,`Limite`) VALUES ('6','fin','50','','2025-11-20','0','15','20');
INSERT INTO `codigos` (`idCodigo`,`codigo`,`descuento`,`ID_Sucursal`,`FechaLimite`,`Estatus`,`Usos`,`Limite`) VALUES ('7','tryyhtr','80','','2025-11-20','1','0','20');
INSERT INTO `codigos` (`idCodigo`,`codigo`,`descuento`,`ID_Sucursal`,`FechaLimite`,`Estatus`,`Usos`,`Limite`) VALUES ('8','QWERTY','90','','2025-11-20','0','0','12');
INSERT INTO `codigos` (`idCodigo`,`codigo`,`descuento`,`ID_Sucursal`,`FechaLimite`,`Estatus`,`Usos`,`Limite`) VALUES ('9','were','20','','2025-11-11','1','299','500');
INSERT INTO `codigos` (`idCodigo`,`codigo`,`descuento`,`ID_Sucursal`,`FechaLimite`,`Estatus`,`Usos`,`Limite`) VALUES ('10','fin','50','','2025-11-20','0','15','20');
INSERT INTO `codigos` (`idCodigo`,`codigo`,`descuento`,`ID_Sucursal`,`FechaLimite`,`Estatus`,`Usos`,`Limite`) VALUES ('11','tryyhtr','80','','2025-11-20','1','0','20');
INSERT INTO `codigos` (`idCodigo`,`codigo`,`descuento`,`ID_Sucursal`,`FechaLimite`,`Estatus`,`Usos`,`Limite`) VALUES ('12','QWERTY','90','','2025-11-20','0','0','12');
INSERT INTO `codigos` (`idCodigo`,`codigo`,`descuento`,`ID_Sucursal`,`FechaLimite`,`Estatus`,`Usos`,`Limite`) VALUES ('13','were','20','','2025-11-11','1','299','500');

DELETE FROM `subcat`;
INSERT INTO `subcat` (`idSubCategoria`,`subcategoria`,`Descripcion`,`ID_Sucursal`) VALUES ('1','DEPORTEzzzz','khs h hsh hjbjkbckj bc    dbvhdhdhdbc k.[juoc cjbc','1');
INSERT INTO `subcat` (`idSubCategoria`,`subcategoria`,`Descripcion`,`ID_Sucursal`) VALUES ('2','PANTALONES','Dama','1');
INSERT INTO `subcat` (`idSubCategoria`,`subcategoria`,`Descripcion`,`ID_Sucursal`) VALUES ('3','NIÑOS','','1');
INSERT INTO `subcat` (`idSubCategoria`,`subcategoria`,`Descripcion`,`ID_Sucursal`) VALUES ('4','DAMA','','1');
INSERT INTO `subcat` (`idSubCategoria`,`subcategoria`,`Descripcion`,`ID_Sucursal`) VALUES ('5','CABALLERO','','1');
INSERT INTO `subcat` (`idSubCategoria`,`subcategoria`,`Descripcion`,`ID_Sucursal`) VALUES ('6','OTROS','','1');
INSERT INTO `subcat` (`idSubCategoria`,`subcategoria`,`Descripcion`,`ID_Sucursal`) VALUES ('7','Celulares','venta de tiempo aire y moviles','1');
INSERT INTO `subcat` (`idSubCategoria`,`subcategoria`,`Descripcion`,`ID_Sucursal`) VALUES ('8','prueba ','categoría demostrativa','1');
INSERT INTO `subcat` (`idSubCategoria`,`subcategoria`,`Descripcion`,`ID_Sucursal`) VALUES ('9','asas','ddfdvcd dc s','1');
INSERT INTO `subcat` (`idSubCategoria`,`subcategoria`,`Descripcion`,`ID_Sucursal`) VALUES ('10','SUBCATEGORIA DE PRUEBAsss','EWE JDASKJSDK SCDFEBNsss','1');

DELETE FROM `vFinanciados`;
INSERT INTO `vFinanciados` (`ID_Abono`,`ID_Venta`,`ID_Cliente`,`Fecha`,`Saldo_Ant`,`Abono`,`Saldo_Pend`,`Estatus`,`ID_Medio`,`Fecha_Final`) VALUES ('1','5','2','2023-06-20 12:13:58','650','0','0','1','3','2023-07-20');
INSERT INTO `vFinanciados` (`ID_Abono`,`ID_Venta`,`ID_Cliente`,`Fecha`,`Saldo_Ant`,`Abono`,`Saldo_Pend`,`Estatus`,`ID_Medio`,`Fecha_Final`) VALUES ('2','15','4','2023-06-28 15:34:51','545','0','0','1','3','2023-07-28');
INSERT INTO `vFinanciados` (`ID_Abono`,`ID_Venta`,`ID_Cliente`,`Fecha`,`Saldo_Ant`,`Abono`,`Saldo_Pend`,`Estatus`,`ID_Medio`,`Fecha_Final`) VALUES ('3','19','2','2023-07-03 15:47:42','780','0','0','1','3','2023-08-03');
INSERT INTO `vFinanciados` (`ID_Abono`,`ID_Venta`,`ID_Cliente`,`Fecha`,`Saldo_Ant`,`Abono`,`Saldo_Pend`,`Estatus`,`ID_Medio`,`Fecha_Final`) VALUES ('4','21','4','2023-07-07 13:24:25','395','0','395','1','3','2023-08-07');
INSERT INTO `vFinanciados` (`ID_Abono`,`ID_Venta`,`ID_Cliente`,`Fecha`,`Saldo_Ant`,`Abono`,`Saldo_Pend`,`Estatus`,`ID_Medio`,`Fecha_Final`) VALUES ('6','23','2','2024-10-16 07:52:40','272.73','0','0','1','3','2024-11-16');
INSERT INTO `vFinanciados` (`ID_Abono`,`ID_Venta`,`ID_Cliente`,`Fecha`,`Saldo_Ant`,`Abono`,`Saldo_Pend`,`Estatus`,`ID_Medio`,`Fecha_Final`) VALUES ('7','28','2','2025-06-17 14:47:09','562.71','50','0','1','3','2025-07-17');
INSERT INTO `vFinanciados` (`ID_Abono`,`ID_Venta`,`ID_Cliente`,`Fecha`,`Saldo_Ant`,`Abono`,`Saldo_Pend`,`Estatus`,`ID_Medio`,`Fecha_Final`) VALUES ('8','39','1','2025-06-23 15:56:54','562.71','120','0','1','3','2025-07-23');
INSERT INTO `vFinanciados` (`ID_Abono`,`ID_Venta`,`ID_Cliente`,`Fecha`,`Saldo_Ant`,`Abono`,`Saldo_Pend`,`Estatus`,`ID_Medio`,`Fecha_Final`) VALUES ('9','40','2','2025-06-23 18:24:42','562.71','60','0','1','3','2025-07-23');
INSERT INTO `vFinanciados` (`ID_Abono`,`ID_Venta`,`ID_Cliente`,`Fecha`,`Saldo_Ant`,`Abono`,`Saldo_Pend`,`Estatus`,`ID_Medio`,`Fecha_Final`) VALUES ('10','41','2','2025-06-23 18:29:43','562.71','0','0','1','3','2025-07-23');
INSERT INTO `vFinanciados` (`ID_Abono`,`ID_Venta`,`ID_Cliente`,`Fecha`,`Saldo_Ant`,`Abono`,`Saldo_Pend`,`Estatus`,`ID_Medio`,`Fecha_Final`) VALUES ('11','42','2','2025-06-23 18:38:04','562.71','0','0','1','3','2025-07-23');
INSERT INTO `vFinanciados` (`ID_Abono`,`ID_Venta`,`ID_Cliente`,`Fecha`,`Saldo_Ant`,`Abono`,`Saldo_Pend`,`Estatus`,`ID_Medio`,`Fecha_Final`) VALUES ('12','59','2','2025-11-04 00:47:05','562.71','0','0','1','3','2025-12-04');
INSERT INTO `vFinanciados` (`ID_Abono`,`ID_Venta`,`ID_Cliente`,`Fecha`,`Saldo_Ant`,`Abono`,`Saldo_Pend`,`Estatus`,`ID_Medio`,`Fecha_Final`) VALUES ('13','60','2','2025-11-04 00:48:23','562.71','0','0','1','3','2025-12-04');
INSERT INTO `vFinanciados` (`ID_Abono`,`ID_Venta`,`ID_Cliente`,`Fecha`,`Saldo_Ant`,`Abono`,`Saldo_Pend`,`Estatus`,`ID_Medio`,`Fecha_Final`) VALUES ('15','62','2','2025-11-04 17:18:11','37.29','0','0','1','3','2025-12-04');
INSERT INTO `vFinanciados` (`ID_Abono`,`ID_Venta`,`ID_Cliente`,`Fecha`,`Saldo_Ant`,`Abono`,`Saldo_Pend`,`Estatus`,`ID_Medio`,`Fecha_Final`) VALUES ('16','64','1','2025-11-05 13:30:52','562.71','2','0','1','3','2025-12-05');
INSERT INTO `vFinanciados` (`ID_Abono`,`ID_Venta`,`ID_Cliente`,`Fecha`,`Saldo_Ant`,`Abono`,`Saldo_Pend`,`Estatus`,`ID_Medio`,`Fecha_Final`) VALUES ('17','74','2','2025-11-05 22:02:37','35.43','50','0','1','3','2025-12-05');
INSERT INTO `vFinanciados` (`ID_Abono`,`ID_Venta`,`ID_Cliente`,`Fecha`,`Saldo_Ant`,`Abono`,`Saldo_Pend`,`Estatus`,`ID_Medio`,`Fecha_Final`) VALUES ('18','75','2','2025-11-05 22:19:21','562.71','50','0','1','3','2025-12-05');
INSERT INTO `vFinanciados` (`ID_Abono`,`ID_Venta`,`ID_Cliente`,`Fecha`,`Saldo_Ant`,`Abono`,`Saldo_Pend`,`Estatus`,`ID_Medio`,`Fecha_Final`) VALUES ('19','78','4','2025-11-05 22:24:21','374.58','50','170.58','0','3','2025-12-05');

